node_a,node_b,pan_cancer_median_jaccard,n_cancers_significant,n_cancers_tested,cross_cancer_replication_p,cross_cancer_replication_p_adj_BH
ABC,NR4A2+_Bn,0.575087310826542,11,13,7.65766e-21,7.87487247115384e-20
ABC,CD16+_NK,0.579881410523215,10,13,2.7827128e-18,1.59150339016042e-17
ABC,CD16-_NK,0.58427200667501,9,13,6.8960885995e-16,2.89513906071256e-15
ABC,CLEC9A+_cDC,0.515243424893559,10,13,2.7827128e-18,1.59150339016042e-17
ABC,CD4_CXCL13+_T,0.78042328042328,11,13,7.65766e-21,7.87487247115384e-20
ABC,CD4_Tfh,0.522066672909448,10,13,2.7827128e-18,1.59150339016042e-17
ABC,Bgc,0.744245524296675,11,13,7.65766e-21,7.87487247115384e-20
ABC,ILC3,0.501989270730273,9,13,6.8960885995e-16,2.89513906071256e-15
ABC,CD8_ISG15+_T,0.579317145322322,10,13,2.7827128e-18,1.59150339016042e-17
ABC,LAMP3+_cDC,0.577374861622236,11,13,7.65766e-21,7.87487247115384e-20
ABC,LILRA4+_pDC,0.599514340133388,11,13,7.65766e-21,7.87487247115384e-20
ABC,MAIT,0.65478841870824,11,13,7.65766e-21,7.87487247115384e-20
ABC,Bmem,0.62251655629139,11,13,7.65766e-21,7.87487247115384e-20
ABC,NK,0.614213197969543,11,13,7.65766e-21,7.87487247115384e-20
ABC,Bn,0.60212015840819,11,13,7.65766e-21,7.87487247115384e-20
ABC,CD4_Unassigned_T,0.644607207674358,11,13,7.65766e-21,7.87487247115384e-20
ABC,CD8_Tcm/Tn,0.599134615384615,11,13,7.65766e-21,7.87487247115384e-20
ABC,CD4_Tcm/Tn,0.673890837154932,11,13,7.65766e-21,7.87487247115384e-20
ABC,CD4_Tem/Effector,0.639130434782608,11,13,7.65766e-21,7.87487247115384e-20
ABC,CD8_Tem/Temra,0.597014925373134,11,13,7.65766e-21,7.87487247115384e-20
ABC,CD8_Tem/Trm,0.647153844892336,11,13,7.65766e-21,7.87487247115384e-20
ABC,CD8_Trm,0.572679906365627,10,13,2.7827128e-18,1.59150339016042e-17
ABC,CD4_Th17,0.583790894532143,11,13,7.65766e-21,7.87487247115384e-20
ABC,CD4_Th1,0.549869766148049,10,13,2.7827128e-18,1.59150339016042e-17
ABC,CD8_Tex,0.538116591928251,11,13,7.65766e-21,7.87487247115384e-20
ABC,gd_T,0.568007662835249,11,13,7.65766e-21,7.87487247115384e-20
ABC,CD4_Treg,0.585180448054431,11,13,7.65766e-21,7.87487247115384e-20
Arterial_EC,Fibrosis_PGF+_Tip_EC,0.56,11,13,7.65766e-21,7.87487247115384e-20
Arterial_EC,SMC,0.529128054671008,10,13,2.7827128e-18,1.59150339016042e-17
Arterial_EC,SPRY1+_EC,0.514746082243431,11,13,7.65766e-21,7.87487247115384e-20
Arterial_EC,Venous_EC,0.552772754671488,11,13,7.65766e-21,7.87487247115384e-20
Arterial_EC,Venous_iEC,0.572085353802312,10,13,2.7827128e-18,1.59150339016042e-17
NR4A2+_Bn,CD16+_NK,0.542263131858507,10,13,2.7827128e-18,1.59150339016042e-17
NR4A2+_Bn,CD16-_NK,0.531692745376956,11,13,7.65766e-21,7.87487247115384e-20
NR4A2+_Bn,CD4_CXCL13+_T,0.572784619841803,11,13,7.65766e-21,7.87487247115384e-20
NR4A2+_Bn,CD4_Tfh,0.54516129032258,10,13,2.7827128e-18,1.59150339016042e-17
NR4A2+_Bn,Bgc,0.580998994887034,11,13,7.65766e-21,7.87487247115384e-20
NR4A2+_Bn,ILC3,0.52,11,13,7.65766e-21,7.87487247115384e-20
NR4A2+_Bn,LILRA4+_pDC,0.556811244979919,11,13,7.65766e-21,7.87487247115384e-20
NR4A2+_Bn,MAIT,0.561628922031446,11,13,7.65766e-21,7.87487247115384e-20
NR4A2+_Bn,Bmem,0.719287949921752,11,13,7.65766e-21,7.87487247115384e-20
NR4A2+_Bn,NK,0.597239263803681,11,13,7.65766e-21,7.87487247115384e-20
NR4A2+_Bn,Bn,0.720457544219476,11,13,7.65766e-21,7.87487247115384e-20
NR4A2+_Bn,CD4_Unassigned_T,0.594302617891816,11,13,7.65766e-21,7.87487247115384e-20
NR4A2+_Bn,CD8_Tcm/Tn,0.585581929331929,11,13,7.65766e-21,7.87487247115384e-20
NR4A2+_Bn,CD4_Tcm/Tn,0.678061665637322,11,13,7.65766e-21,7.87487247115384e-20
NR4A2+_Bn,CD4_Tem/Effector,0.577324682535503,11,13,7.65766e-21,7.87487247115384e-20
NR4A2+_Bn,CD8_Tem/Temra,0.522666666666666,11,13,7.65766e-21,7.87487247115384e-20
NR4A2+_Bn,CD8_Tem/Trm,0.587199522251096,11,13,7.65766e-21,7.87487247115384e-20
NR4A2+_Bn,CD8_Trm,0.519877675840978,10,13,2.7827128e-18,1.59150339016042e-17
NR4A2+_Bn,CD4_Th1,0.531731465265615,11,13,7.65766e-21,7.87487247115384e-20
CD14+_Mono,CD16+_Mono,0.536416184971098,10,13,2.7827128e-18,1.59150339016042e-17
CD14+_Mono,CXCL3+_Macro,0.61231884057971,10,13,2.7827128e-18,1.59150339016042e-17
CD14+_EC,Lymphatic_EC,0.528572230486401,10,13,2.7827128e-18,1.59150339016042e-17
CD14+_EC,SPRY1+_EC,0.576271186440678,11,13,7.65766e-21,7.87487247115384e-20
CD14+_EC,Venous_EC,0.532614557274892,10,13,2.7827128e-18,1.59150339016042e-17
CD14+_EC,pnCAF,0.510830324909747,9,13,6.8960885995e-16,2.89513906071256e-15
CD14+_EC,vCAF,0.50599520383693,10,13,2.7827128e-18,1.59150339016042e-17
CD16+_Mono,CD16+_NK,0.5609410430839,11,13,7.65766e-21,7.87487247115384e-20
CD16+_Mono,CD16-_NK,0.525876506155117,11,13,7.65766e-21,7.87487247115384e-20
CD16+_Mono,CXCL3+_Macro,0.518741580999645,10,13,2.7827128e-18,1.59150339016042e-17
CD16+_Mono,MAIT,0.523409363745498,11,13,7.65766e-21,7.87487247115384e-20
CD16+_Mono,CD4_Unassigned_T,0.524681027340513,9,13,6.8960885995e-16,2.89513906071256e-15
CD16+_Mono,CD8_Tem/Temra,0.521841794569067,10,13,2.7827128e-18,1.59150339016042e-17
CD16+_Mono,CD8_Tem/Trm,0.506313131313131,10,13,2.7827128e-18,1.59150339016042e-17
CD16+_Mono,CD8_Trm,0.527353031369339,11,13,7.65766e-21,7.87487247115384e-20
CD16+_Mono,CD4_Th1,0.555786045796046,11,13,7.65766e-21,7.87487247115384e-20
CD16+_Mono,CD8_Tex,0.513358778625954,10,13,2.7827128e-18,1.59150339016042e-17
CD16+_NK,CD16-_NK,0.797763906447534,11,13,7.65766e-21,7.87487247115384e-20
CD16+_NK,CD4_CXCL13+_T,0.647923829674689,10,13,2.7827128e-18,1.59150339016042e-17
CD16+_NK,CD4_Tfh,0.578553615960099,11,13,7.65766e-21,7.87487247115384e-20
CD16+_NK,Bgc,0.537313813879527,10,13,2.7827128e-18,1.59150339016042e-17
CD16+_NK,CD8_ISG15+_T,0.611963190184049,10,13,2.7827128e-18,1.59150339016042e-17
CD16+_NK,LAMP3+_cDC,0.512266089426793,10,13,2.7827128e-18,1.59150339016042e-17
CD16+_NK,LILRA4+_pDC,0.517387040661859,11,13,7.65766e-21,7.87487247115384e-20
CD16+_NK,MAIT,0.709893588362069,11,13,7.65766e-21,7.87487247115384e-20
CD16+_NK,Bmem,0.561899123127707,10,13,2.7827128e-18,1.59150339016042e-17
CD16+_NK,NK,0.753138075313807,11,13,7.65766e-21,7.87487247115384e-20
CD16+_NK,Bn,0.523809523809523,10,13,2.7827128e-18,1.59150339016042e-17
CD16+_NK,CD4_Unassigned_T,0.637715830012871,11,13,7.65766e-21,7.87487247115384e-20
CD16+_NK,CD8_Tcm/Tn,0.533773182436399,9,13,6.8960885995e-16,2.89513906071256e-15
CD16+_NK,CD4_Tcm/Tn,0.617539585870889,10,13,2.7827128e-18,1.59150339016042e-17
CD16+_NK,CD4_Tem/Effector,0.627091243474133,10,13,2.7827128e-18,1.59150339016042e-17
CD16+_NK,CD8_Tem/Temra,0.73258960239923,11,13,7.65766e-21,7.87487247115384e-20
CD16+_NK,CD8_Tem/Trm,0.677623376381703,11,13,7.65766e-21,7.87487247115384e-20
CD16+_NK,CD8_Trm,0.695825049701789,11,13,7.65766e-21,7.87487247115384e-20
CD16+_NK,CD4_Th17,0.647495361781076,11,13,7.65766e-21,7.87487247115384e-20
CD16+_NK,CD4_Th1,0.699693201326162,11,13,7.65766e-21,7.87487247115384e-20
CD16+_NK,CD8_Tex,0.605504587155963,10,13,2.7827128e-18,1.59150339016042e-17
CD16+_NK,gd_T,0.568369028006589,11,13,7.65766e-21,7.87487247115384e-20
CD16+_NK,CD4_Treg,0.648614609571788,10,13,2.7827128e-18,1.59150339016042e-17
CD16-_NK,CD4_CXCL13+_T,0.632864823348694,11,13,7.65766e-21,7.87487247115384e-20
CD16-_NK,CD4_Tfh,0.643126389650545,11,13,7.65766e-21,7.87487247115384e-20
CD16-_NK,Bgc,0.591527987897125,10,13,2.7827128e-18,1.59150339016042e-17
CD16-_NK,ILC3,0.554482758620689,11,13,7.65766e-21,7.87487247115384e-20
CD16-_NK,CD8_ISG15+_T,0.564676616915422,10,13,2.7827128e-18,1.59150339016042e-17
CD16-_NK,LILRA4+_pDC,0.570067945934152,11,13,7.65766e-21,7.87487247115384e-20
CD16-_NK,MAIT,0.731686806772932,11,13,7.65766e-21,7.87487247115384e-20
CD16-_NK,Bmem,0.568179959100204,11,13,7.65766e-21,7.87487247115384e-20
CD16-_NK,NK,0.788764922311337,11,13,7.65766e-21,7.87487247115384e-20
CD16-_NK,Bn,0.546940621191302,11,13,7.65766e-21,7.87487247115384e-20
CD16-_NK,CD4_Unassigned_T,0.692460317460317,11,13,7.65766e-21,7.87487247115384e-20
CD16-_NK,CD8_Tcm/Tn,0.507801418439716,11,13,7.65766e-21,7.87487247115384e-20
CD16-_NK,CD4_Tcm/Tn,0.593911221375618,11,13,7.65766e-21,7.87487247115384e-20
CD16-_NK,CD4_Tem/Effector,0.677162206266318,11,13,7.65766e-21,7.87487247115384e-20
CD16-_NK,CD8_Tem/Temra,0.737446401494231,10,13,2.7827128e-18,1.59150339016042e-17
CD16-_NK,CD8_Tem/Trm,0.697658100965919,11,13,7.65766e-21,7.87487247115384e-20
CD16-_NK,CD8_Trm,0.710280373831775,11,13,7.65766e-21,7.87487247115384e-20
CD16-_NK,CD4_Th17,0.683320870840643,10,13,2.7827128e-18,1.59150339016042e-17
CD16-_NK,CD4_Th1,0.749611499611499,11,13,7.65766e-21,7.87487247115384e-20
CD16-_NK,CD8_Tex,0.565392354124748,10,13,2.7827128e-18,1.59150339016042e-17
CD16-_NK,gd_T,0.621546961325966,10,13,2.7827128e-18,1.59150339016042e-17
CD16-_NK,CD4_Treg,0.648563816756492,11,13,7.65766e-21,7.87487247115384e-20
CD1C+_cDC,CXCL3+_Macro,0.515808830848247,9,13,6.8960885995e-16,2.89513906071256e-15
CLEC9A+_cDC,CD4_CXCL13+_T,0.503091927993321,10,13,2.7827128e-18,1.59150339016042e-17
CLEC9A+_cDC,LAMP3+_cDC,0.512081548614813,11,13,7.65766e-21,7.87487247115384e-20
CLEC9A+_cDC,CD4_Unassigned_T,0.518749368282739,10,13,2.7827128e-18,1.59150339016042e-17
CLEC9A+_cDC,CD4_Tem/Effector,0.536401158455161,10,13,2.7827128e-18,1.59150339016042e-17
CLEC9A+_cDC,CD8_Tem/Temra,0.53227046593406,11,13,7.65766e-21,7.87487247115384e-20
CLEC9A+_cDC,CD8_Tem/Trm,0.52322738386308,10,13,2.7827128e-18,1.59150339016042e-17
CLEC9A+_cDC,CD8_Trm,0.517743484983529,11,13,7.65766e-21,7.87487247115384e-20
CLEC9A+_cDC,CD4_Th17,0.544132540034179,11,13,7.65766e-21,7.87487247115384e-20
CLEC9A+_cDC,CD8_Tex,0.519063262093164,11,13,7.65766e-21,7.87487247115384e-20
CLEC9A+_cDC,gd_T,0.509409333188295,11,13,7.65766e-21,7.87487247115384e-20
CXCL3+_Macro,MAIT,0.502046610541085,8,13,1.2308202828208e-13,3.88021309499438e-13
CXCL3+_Macro,Macro,0.561433447098976,11,13,7.65766e-21,7.87487247115384e-20
CXCL3+_Macro,vCAF,0.50262697022767,11,13,7.65766e-21,7.87487247115384e-20
Capillary_EC,SPRY1+_EC,0.601799352750809,11,13,7.65766e-21,7.87487247115384e-20
Capillary_EC,TMEM100+_EC,0.500215884558572,10,13,2.7827128e-18,1.59150339016042e-17
Capillary_EC,Tip_EC,0.532524100592525,11,13,7.65766e-21,7.87487247115384e-20
Capillary_EC,Venous_EC,0.508416342293192,11,13,7.65766e-21,7.87487247115384e-20
Capillary_EC,vCAF,0.605416326714163,10,13,2.7827128e-18,1.59150339016042e-17
Epi_ER-Stress,Epi_MHCII,0.514042720416501,10,13,2.7827128e-18,1.59150339016042e-17
Epi_Hormonal,Epi_ER-Stress,0.515784782812646,8,13,1.2308202828208e-13,3.88021309499438e-13
Epi_Hormonal,Epi_cEMT,0.588305364750891,10,13,2.7827128e-18,1.59150339016042e-17
Epi_TNF,Epi_Interferon,0.558823529411764,8,13,1.2308202828208e-13,3.88021309499438e-13
Epi_Interferon,Epi_Squamous,0.524437100145832,9,13,6.8960885995e-16,2.89513906071256e-15
Epi_Hypox-Stress,Epi_cEMT,0.550122085043722,9,13,6.8960885995e-16,2.89513906071256e-15
Epi_cEMT,Epi_ER-Stress,0.530079455164585,9,13,6.8960885995e-16,2.89513906071256e-15
Epi_cEMT,Epi_Oxphos-Ion,0.57296189186221,10,13,2.7827128e-18,1.59150339016042e-17
FOLR2+_Macro,Macro,0.539716470359305,11,13,7.65766e-21,7.87487247115384e-20
CD4_CXCL13+_T,CD4_Tfh,0.575577066269545,10,13,2.7827128e-18,1.59150339016042e-17
CD4_CXCL13+_T,Bgc,0.723292469352014,11,13,7.65766e-21,7.87487247115384e-20
CD4_CXCL13+_T,ILC3,0.520833333333333,9,13,6.8960885995e-16,2.89513906071256e-15
CD4_CXCL13+_T,CD8_ISG15+_T,0.593804171703402,10,13,2.7827128e-18,1.59150339016042e-17
CD4_CXCL13+_T,LAMP3+_cDC,0.588768115942028,11,13,7.65766e-21,7.87487247115384e-20
CD4_CXCL13+_T,LILRA4+_pDC,0.593898414231667,11,13,7.65766e-21,7.87487247115384e-20
CD4_CXCL13+_T,MAIT,0.712087702460223,11,13,7.65766e-21,7.87487247115384e-20
CD4_CXCL13+_T,Bmem,0.61328125,11,13,7.65766e-21,7.87487247115384e-20
CD4_CXCL13+_T,NK,0.682867557715674,11,13,7.65766e-21,7.87487247115384e-20
CD4_CXCL13+_T,Bn,0.599229287090558,11,13,7.65766e-21,7.87487247115384e-20
CD4_CXCL13+_T,CD4_Unassigned_T,0.766816143497757,11,13,7.65766e-21,7.87487247115384e-20
CD4_CXCL13+_T,CD8_Tcm/Tn,0.652920962199312,11,13,7.65766e-21,7.87487247115384e-20
CD4_CXCL13+_T,CD4_Tcm/Tn,0.699673558215451,11,13,7.65766e-21,7.87487247115384e-20
CD4_CXCL13+_T,CD4_Tem/Effector,0.670307068366164,11,13,7.65766e-21,7.87487247115384e-20
CD4_CXCL13+_T,CD8_Tem/Temra,0.701593211033034,11,13,7.65766e-21,7.87487247115384e-20
CD4_CXCL13+_T,CD8_Tem/Trm,0.738998820005446,11,13,7.65766e-21,7.87487247115384e-20
CD4_CXCL13+_T,CD8_Trm,0.606066245381031,10,13,2.7827128e-18,1.59150339016042e-17
CD4_CXCL13+_T,CD4_Th17,0.659002682100508,11,13,7.65766e-21,7.87487247115384e-20
CD4_CXCL13+_T,CD4_Th1,0.62357277366693,10,13,2.7827128e-18,1.59150339016042e-17
CD4_CXCL13+_T,CD8_Tex,0.579487179487179,11,13,7.65766e-21,7.87487247115384e-20
CD4_CXCL13+_T,gd_T,0.521148036253776,11,13,7.65766e-21,7.87487247115384e-20
CD4_CXCL13+_T,CD4_Treg,0.666051004985449,11,13,7.65766e-21,7.87487247115384e-20
Fibrosis_PGF+_Tip_EC,Pericyte,0.543646408839779,10,13,2.7827128e-18,1.59150339016042e-17
Fibrosis_PGF+_Tip_EC,Venous_EC,0.522029317281934,11,13,7.65766e-21,7.87487247115384e-20
CD4_Tfh,Bgc,0.551183748784948,10,13,2.7827128e-18,1.59150339016042e-17
CD4_Tfh,ILC3,0.603015075376884,11,13,7.65766e-21,7.87487247115384e-20
CD4_Tfh,LILRA4+_pDC,0.578099838969404,10,13,2.7827128e-18,1.59150339016042e-17
CD4_Tfh,MAIT,0.624538319482917,11,13,7.65766e-21,7.87487247115384e-20
CD4_Tfh,Bmem,0.588617886178861,10,13,2.7827128e-18,1.59150339016042e-17
CD4_Tfh,NK,0.598107255520504,11,13,7.65766e-21,7.87487247115384e-20
CD4_Tfh,Bn,0.579749583531253,10,13,2.7827128e-18,1.59150339016042e-17
CD4_Tfh,CD4_Unassigned_T,0.692148760330578,10,13,2.7827128e-18,1.59150339016042e-17
CD4_Tfh,CD8_Tcm/Tn,0.560165975103734,9,13,6.8960885995e-16,2.89513906071256e-15
CD4_Tfh,CD4_Tcm/Tn,0.626495140244594,10,13,2.7827128e-18,1.59150339016042e-17
CD4_Tfh,CD4_Tem/Effector,0.708034433285509,11,13,7.65766e-21,7.87487247115384e-20
CD4_Tfh,CD8_Tem/Temra,0.55607476635514,11,13,7.65766e-21,7.87487247115384e-20
CD4_Tfh,CD8_Tem/Trm,0.618819776714513,10,13,2.7827128e-18,1.59150339016042e-17
CD4_Tfh,CD8_Trm,0.610846595074826,11,13,7.65766e-21,7.87487247115384e-20
CD4_Tfh,CD4_Th17,0.577749355168386,11,13,7.65766e-21,7.87487247115384e-20
CD4_Tfh,CD4_Th1,0.59841338650945,11,13,7.65766e-21,7.87487247115384e-20
Bgc,ILC3,0.609756097560975,9,13,6.8960885995e-16,2.89513906071256e-15
Bgc,LILRA4+_pDC,0.616139585605234,11,13,7.65766e-21,7.87487247115384e-20
Bgc,MAIT,0.557551311540673,11,13,7.65766e-21,7.87487247115384e-20
Bgc,Bmem,0.647570504125692,11,13,7.65766e-21,7.87487247115384e-20
Bgc,NK,0.647075020530409,11,13,7.65766e-21,7.87487247115384e-20
Bgc,Bn,0.67120442892325,11,13,7.65766e-21,7.87487247115384e-20
Bgc,CD4_Unassigned_T,0.687021426062521,11,13,7.65766e-21,7.87487247115384e-20
Bgc,CD8_Tcm/Tn,0.596905388846885,11,13,7.65766e-21,7.87487247115384e-20
Bgc,CD4_Tcm/Tn,0.690807799442896,11,13,7.65766e-21,7.87487247115384e-20
Bgc,CD4_Tem/Effector,0.658630665380906,11,13,7.65766e-21,7.87487247115384e-20
Bgc,CD8_Tem/Temra,0.585271317829457,11,13,7.65766e-21,7.87487247115384e-20
Bgc,CD8_Tem/Trm,0.661129568106312,11,13,7.65766e-21,7.87487247115384e-20
Bgc,CD8_Trm,0.532071394743073,10,13,2.7827128e-18,1.59150339016042e-17
Bgc,CD4_Th17,0.551470588235294,10,13,2.7827128e-18,1.59150339016042e-17
Bgc,CD4_Th1,0.588996639325586,10,13,2.7827128e-18,1.59150339016042e-17
Bgc,CD4_Treg,0.513873473917869,11,13,7.65766e-21,7.87487247115384e-20
HMGB2+_cycEC,PGF+_Tip_EC,0.515501423600126,11,13,7.65766e-21,7.87487247115384e-20
HSP+_tCAF,apCAF,0.627860696517412,11,13,7.65766e-21,7.87487247115384e-20
HSP+_tCAF,vCAF,0.509968520461699,10,13,2.7827128e-18,1.59150339016042e-17
HSPA6+_Macro,SPP1+_CXCL3+_Macro,0.611463058236171,11,13,7.65766e-21,7.87487247115384e-20
IL6+_iCAF,Mast,0.5470737913486,11,13,7.65766e-21,7.87487247115384e-20
IL6+_iCAF,Venous_EC,0.50268817204301,10,13,2.7827128e-18,1.59150339016042e-17
IL6+_iCAF,vCAF,0.541518885134124,11,13,7.65766e-21,7.87487247115384e-20
ILC3,LILRA4+_pDC,0.58737269742334,11,13,7.65766e-21,7.87487247115384e-20
ILC3,MAIT,0.609873155033572,11,13,7.65766e-21,7.87487247115384e-20
ILC3,Bmem,0.56798245614035,11,13,7.65766e-21,7.87487247115384e-20
ILC3,NK,0.564069359086918,11,13,7.65766e-21,7.87487247115384e-20
ILC3,Bn,0.558974358974359,11,13,7.65766e-21,7.87487247115384e-20
ILC3,CD4_Unassigned_T,0.523364090010356,11,13,7.65766e-21,7.87487247115384e-20
ILC3,CD4_Tcm/Tn,0.573436357248361,11,13,7.65766e-21,7.87487247115384e-20
ILC3,CD4_Tem/Effector,0.576131687242798,11,13,7.65766e-21,7.87487247115384e-20
ILC3,CD4_Th17,0.506466022532361,10,13,2.7827128e-18,1.59150339016042e-17
ILC3,CD4_Th1,0.536180308422301,10,13,2.7827128e-18,1.59150339016042e-17
CD8_ISG15+_T,LAMP3+_cDC,0.590534979423868,11,13,7.65766e-21,7.87487247115384e-20
CD8_ISG15+_T,MAIT,0.559690589327653,10,13,2.7827128e-18,1.59150339016042e-17
CD8_ISG15+_T,NK,0.585593374590462,10,13,2.7827128e-18,1.59150339016042e-17
CD8_ISG15+_T,CD4_Unassigned_T,0.547169811320754,10,13,2.7827128e-18,1.59150339016042e-17
CD8_ISG15+_T,CD4_Tcm/Tn,0.513095643031633,10,13,2.7827128e-18,1.59150339016042e-17
CD8_ISG15+_T,CD4_Tem/Effector,0.590740385693666,11,13,7.65766e-21,7.87487247115384e-20
CD8_ISG15+_T,CD8_Tem/Temra,0.61486805861164,10,13,2.7827128e-18,1.59150339016042e-17
CD8_ISG15+_T,CD8_Tem/Trm,0.630383576057584,10,13,2.7827128e-18,1.59150339016042e-17
CD8_ISG15+_T,CD8_Trm,0.582920792079207,11,13,7.65766e-21,7.87487247115384e-20
CD8_ISG15+_T,CD4_Th17,0.568484843330044,11,13,7.65766e-21,7.87487247115384e-20
CD8_ISG15+_T,CD4_Th1,0.584057971014492,11,13,7.65766e-21,7.87487247115384e-20
CD8_ISG15+_T,CD8_Tex,0.60822121689925,11,13,7.65766e-21,7.87487247115384e-20
CD8_ISG15+_T,gd_T,0.587094870281505,10,13,2.7827128e-18,1.59150339016042e-17
CD8_ISG15+_T,CD4_Treg,0.670699047759651,10,13,2.7827128e-18,1.59150339016042e-17
ISG15+_mCAF,Macro,0.557446808510638,10,13,2.7827128e-18,1.59150339016042e-17
ISG15+_mCAF,SPP1+_CXCL3+_Macro,0.501291817949322,10,13,2.7827128e-18,1.59150339016042e-17
LAMP3+_cDC,LILRA4+_pDC,0.519635138711242,11,13,7.65766e-21,7.87487247115384e-20
LAMP3+_cDC,MAIT,0.502793296089385,11,13,7.65766e-21,7.87487247115384e-20
LAMP3+_cDC,NK,0.52639328171011,11,13,7.65766e-21,7.87487247115384e-20
LAMP3+_cDC,CD4_Unassigned_T,0.51789077212806,11,13,7.65766e-21,7.87487247115384e-20
LAMP3+_cDC,TNFSF10+_Macro,0.539052810706354,11,13,7.65766e-21,7.87487247115384e-20
LAMP3+_cDC,CD4_Tcm/Tn,0.519481331042024,11,13,7.65766e-21,7.87487247115384e-20
LAMP3+_cDC,CD4_Tem/Effector,0.548489071903706,11,13,7.65766e-21,7.87487247115384e-20
LAMP3+_cDC,CD8_Tem/Temra,0.534270148162912,11,13,7.65766e-21,7.87487247115384e-20
LAMP3+_cDC,CD8_Tem/Trm,0.568298969072164,11,13,7.65766e-21,7.87487247115384e-20
LAMP3+_cDC,CD8_Trm,0.56334452993416,11,13,7.65766e-21,7.87487247115384e-20
LAMP3+_cDC,CD4_Th17,0.550065019505851,11,13,7.65766e-21,7.87487247115384e-20
LAMP3+_cDC,CD4_Th1,0.511461318051575,11,13,7.65766e-21,7.87487247115384e-20
LAMP3+_cDC,CD8_Cycling_Tex,0.528216704288939,11,13,7.65766e-21,7.87487247115384e-20
LAMP3+_cDC,CD4_Cycling_Treg,0.51997002997003,11,13,7.65766e-21,7.87487247115384e-20
LAMP3+_cDC,CD8_Tex,0.596576177553496,11,13,7.65766e-21,7.87487247115384e-20
LAMP3+_cDC,gd_T,0.585661080074487,10,13,2.7827128e-18,1.59150339016042e-17
LAMP3+_cDC,CD4_Treg,0.593141797961075,11,13,7.65766e-21,7.87487247115384e-20
LILRA4+_pDC,MAIT,0.560754827300989,11,13,7.65766e-21,7.87487247115384e-20
LILRA4+_pDC,Bmem,0.611607142857142,11,13,7.65766e-21,7.87487247115384e-20
LILRA4+_pDC,NK,0.63319944734602,11,13,7.65766e-21,7.87487247115384e-20
LILRA4+_pDC,Bn,0.61449246629659,11,13,7.65766e-21,7.87487247115384e-20
LILRA4+_pDC,CD4_Unassigned_T,0.629328280084279,11,13,7.65766e-21,7.87487247115384e-20
LILRA4+_pDC,CD8_Tcm/Tn,0.508050784375756,11,13,7.65766e-21,7.87487247115384e-20
LILRA4+_pDC,CD4_Tcm/Tn,0.653386223412648,11,13,7.65766e-21,7.87487247115384e-20
LILRA4+_pDC,CD4_Tem/Effector,0.622812384910059,11,13,7.65766e-21,7.87487247115384e-20
LILRA4+_pDC,CD8_Tem/Temra,0.620272314674735,11,13,7.65766e-21,7.87487247115384e-20
LILRA4+_pDC,CD8_Tem/Trm,0.601301784480271,11,13,7.65766e-21,7.87487247115384e-20
LILRA4+_pDC,CD8_Trm,0.560726447219069,10,13,2.7827128e-18,1.59150339016042e-17
LILRA4+_pDC,CD4_Th17,0.525501393304289,11,13,7.65766e-21,7.87487247115384e-20
LILRA4+_pDC,CD4_Th1,0.536511156186612,10,13,2.7827128e-18,1.59150339016042e-17
LILRA4+_pDC,CD4_Treg,0.531,11,13,7.65766e-21,7.87487247115384e-20
Lymphatic_EC,Venous_EC,0.515006693072211,10,13,2.7827128e-18,1.59150339016042e-17
MAIT,Bmem,0.596321925946228,11,13,7.65766e-21,7.87487247115384e-20
MAIT,NK,0.770114942528735,11,13,7.65766e-21,7.87487247115384e-20
MAIT,Bn,0.551407742584213,11,13,7.65766e-21,7.87487247115384e-20
MAIT,CD4_Unassigned_T,0.764501160092807,11,13,7.65766e-21,7.87487247115384e-20
MAIT,CD8_Tcm/Tn,0.549477566072526,11,13,7.65766e-21,7.87487247115384e-20
MAIT,CD4_Tcm/Tn,0.640703517587939,11,13,7.65766e-21,7.87487247115384e-20
MAIT,CD4_Tem/Effector,0.715047285979662,11,13,7.65766e-21,7.87487247115384e-20
MAIT,CD8_Tem/Temra,0.735192563081009,11,13,7.65766e-21,7.87487247115384e-20
MAIT,CD8_Tem/Trm,0.718730280179213,11,13,7.65766e-21,7.87487247115384e-20
MAIT,CD8_Trm,0.719435736677116,11,13,7.65766e-21,7.87487247115384e-20
MAIT,CD4_Th17,0.679924242424242,11,13,7.65766e-21,7.87487247115384e-20
MAIT,CD4_Th1,0.724237536656891,11,13,7.65766e-21,7.87487247115384e-20
MAIT,CD8_Tex,0.642894056847545,11,13,7.65766e-21,7.87487247115384e-20
MAIT,gd_T,0.620535922420625,11,13,7.65766e-21,7.87487247115384e-20
MAIT,CD4_Treg,0.683523684220224,11,13,7.65766e-21,7.87487247115384e-20
Macro,SPP1+_MT1+_Macro,0.522409445836535,10,13,2.7827128e-18,1.59150339016042e-17
Macro,SPP1+_cycMacro,0.545430444848977,11,13,7.65766e-21,7.87487247115384e-20
Macro,CD4_Th1,0.546962762637819,10,13,2.7827128e-18,1.59150339016042e-17
Bmem,NK,0.591828212118856,11,13,7.65766e-21,7.87487247115384e-20
Bmem,Bn,0.802631578947368,11,13,7.65766e-21,7.87487247115384e-20
Bmem,CD4_Unassigned_T,0.608725197064419,11,13,7.65766e-21,7.87487247115384e-20
Bmem,CD8_Tcm/Tn,0.617366472101926,11,13,7.65766e-21,7.87487247115384e-20
Bmem,CD4_Tcm/Tn,0.71821318366256,11,13,7.65766e-21,7.87487247115384e-20
Bmem,CD4_Tem/Effector,0.643656824139404,11,13,7.65766e-21,7.87487247115384e-20
Bmem,CD8_Tem/Temra,0.557575757575757,11,13,7.65766e-21,7.87487247115384e-20
Bmem,CD8_Tem/Trm,0.596733069474291,11,13,7.65766e-21,7.87487247115384e-20
Bmem,CD8_Trm,0.537504368413539,10,13,2.7827128e-18,1.59150339016042e-17
Bmem,CD4_Th1,0.576128745837957,10,13,2.7827128e-18,1.59150339016042e-17
NK,Bn,0.637931034482758,11,13,7.65766e-21,7.87487247115384e-20
NK,CD4_Unassigned_T,0.716814159292035,11,13,7.65766e-21,7.87487247115384e-20
NK,CD4_Tcm/Tn,0.627535799522673,11,13,7.65766e-21,7.87487247115384e-20
NK,CD4_Tem/Effector,0.691891891891891,11,13,7.65766e-21,7.87487247115384e-20
NK,CD8_Tem/Temra,0.73396674584323,11,13,7.65766e-21,7.87487247115384e-20
NK,CD8_Tem/Trm,0.719866071428571,11,13,7.65766e-21,7.87487247115384e-20
NK,CD8_Trm,0.658624849215922,11,13,7.65766e-21,7.87487247115384e-20
NK,CD4_Th17,0.640497798830645,11,13,7.65766e-21,7.87487247115384e-20
NK,CD4_Th1,0.629847608254801,11,13,7.65766e-21,7.87487247115384e-20
NK,CD8_Tex,0.559837728194726,11,13,7.65766e-21,7.87487247115384e-20
NK,gd_T,0.551094890510949,11,13,7.65766e-21,7.87487247115384e-20
NK,CD4_Treg,0.615659925622835,11,13,7.65766e-21,7.87487247115384e-20
Bn,CD4_Unassigned_T,0.598522384305834,11,13,7.65766e-21,7.87487247115384e-20
Bn,CD8_Tcm/Tn,0.586835280667019,11,13,7.65766e-21,7.87487247115384e-20
Bn,CD4_Tcm/Tn,0.723420662887493,11,13,7.65766e-21,7.87487247115384e-20
Bn,CD4_Tem/Effector,0.596594629993451,11,13,7.65766e-21,7.87487247115384e-20
Bn,CD8_Tem/Temra,0.54577883472057,11,13,7.65766e-21,7.87487247115384e-20
Bn,CD8_Tem/Trm,0.607930286274235,11,13,7.65766e-21,7.87487247115384e-20
Bn,CD8_Trm,0.532620922384701,10,13,2.7827128e-18,1.59150339016042e-17
Bn,CD4_Th1,0.551568534384145,10,13,2.7827128e-18,1.59150339016042e-17
PGF+_Tip_EC,Tip_EC,0.625850340136054,11,13,7.65766e-21,7.87487247115384e-20
PGF+_Tip_EC,myoCAF,0.53243264785589,10,13,2.7827128e-18,1.59150339016042e-17
PI16+_iCAF,SMC,0.539096054377555,10,13,2.7827128e-18,1.59150339016042e-17
PI16+_iCAF,iCAF,0.726915520628683,10,13,2.7827128e-18,1.59150339016042e-17
Pericyte,Tip_EC,0.636986301369863,11,13,7.65766e-21,7.87487247115384e-20
Pericyte,myoCAF,0.583679114799446,11,13,7.65766e-21,7.87487247115384e-20
CD4_Unassigned_T,CD8_Tcm/Tn,0.562937062937062,11,13,7.65766e-21,7.87487247115384e-20
CD4_Unassigned_T,CD4_Tcm/Tn,0.704135737009544,11,13,7.65766e-21,7.87487247115384e-20
CD4_Unassigned_T,CD4_Tem/Effector,0.821745782952679,11,13,7.65766e-21,7.87487247115384e-20
CD4_Unassigned_T,CD8_Tem/Temra,0.735875664621676,11,13,7.65766e-21,7.87487247115384e-20
CD4_Unassigned_T,CD8_Tem/Trm,0.772260273972602,11,13,7.65766e-21,7.87487247115384e-20
CD4_Unassigned_T,CD8_Trm,0.710541374896468,10,13,2.7827128e-18,1.59150339016042e-17
CD4_Unassigned_T,CD4_Th17,0.739231177059674,11,13,7.65766e-21,7.87487247115384e-20
CD4_Unassigned_T,CD4_Th1,0.704399805844366,11,13,7.65766e-21,7.87487247115384e-20
CD4_Unassigned_T,CD8_Tex,0.583528565719033,11,13,7.65766e-21,7.87487247115384e-20
CD4_Unassigned_T,gd_T,0.573059360730593,11,13,7.65766e-21,7.87487247115384e-20
CD4_Unassigned_T,CD4_Treg,0.663716814159292,11,13,7.65766e-21,7.87487247115384e-20
SMC,iCAF,0.683887915936952,9,13,6.8960885995e-16,2.89513906071256e-15
SMC,pnCAF,0.501351738040428,10,13,2.7827128e-18,1.59150339016042e-17
SPP1+_CXCL3+_Macro,SPP1+_MT1+_Macro,0.57422671206117,10,13,2.7827128e-18,1.59150339016042e-17
SPP1+_CXCL3+_Macro,SPP1+_Macro,0.536842105263157,11,13,7.65766e-21,7.87487247115384e-20
SPP1+_CXCL3+_Macro,TNFSF10+_Macro,0.520390070921985,10,13,2.7827128e-18,1.59150339016042e-17
SPP1+_MT1+_Macro,SPP1+_Macro,0.583016928997462,11,13,7.65766e-21,7.87487247115384e-20
SPP1+_MT1+_Macro,SPP1+_cycMacro,0.508017863480421,11,13,7.65766e-21,7.87487247115384e-20
SPP1+_MT1+_Macro,TNFSF10+_Macro,0.573888888888888,11,13,7.65766e-21,7.87487247115384e-20
SPP1+_Macro,TNFSF10+_Macro,0.538828123629069,11,13,7.65766e-21,7.87487247115384e-20
SPRY1+_EC,TMEM100+_EC,0.556774255407192,10,13,2.7827128e-18,1.59150339016042e-17
SPRY1+_EC,Venous_EC,0.534215626717579,11,13,7.65766e-21,7.87487247115384e-20
SPRY1+_EC,vCAF,0.597089592335234,11,13,7.65766e-21,7.87487247115384e-20
CD8_Tcm/Tn,CD4_Tcm/Tn,0.666068839682887,11,13,7.65766e-21,7.87487247115384e-20
CD8_Tcm/Tn,CD4_Tem/Effector,0.530434782608695,11,13,7.65766e-21,7.87487247115384e-20
CD8_Tcm/Tn,CD8_Tem/Temra,0.522143629373578,11,13,7.65766e-21,7.87487247115384e-20
CD8_Tcm/Tn,CD8_Tem/Trm,0.533591731266149,11,13,7.65766e-21,7.87487247115384e-20
CD4_Tcm/Tn,CD4_Tem/Effector,0.721698113207547,11,13,7.65766e-21,7.87487247115384e-20
CD4_Tcm/Tn,CD8_Tem/Temra,0.608962737874809,11,13,7.65766e-21,7.87487247115384e-20
CD4_Tcm/Tn,CD8_Tem/Trm,0.655652610316838,11,13,7.65766e-21,7.87487247115384e-20
CD4_Tcm/Tn,CD8_Trm,0.57129892000363,10,13,2.7827128e-18,1.59150339016042e-17
CD4_Tcm/Tn,CD4_Th17,0.512747875354107,11,13,7.65766e-21,7.87487247115384e-20
CD4_Tcm/Tn,CD4_Th1,0.586498417457937,10,13,2.7827128e-18,1.59150339016042e-17
CD4_Tcm/Tn,CD4_Treg,0.530650951703583,11,13,7.65766e-21,7.87487247115384e-20
CD4_Tem/Effector,CD8_Tem/Temra,0.704347826086956,11,13,7.65766e-21,7.87487247115384e-20
CD4_Tem/Effector,CD8_Tem/Trm,0.753904761904761,11,13,7.65766e-21,7.87487247115384e-20
CD4_Tem/Effector,CD8_Trm,0.635327635327635,10,13,2.7827128e-18,1.59150339016042e-17
CD4_Tem/Effector,CD4_Th17,0.718050390595752,11,13,7.65766e-21,7.87487247115384e-20
CD4_Tem/Effector,CD4_Th1,0.657627548405543,11,13,7.65766e-21,7.87487247115384e-20
CD4_Tem/Effector,CD8_Tex,0.575266096382395,11,13,7.65766e-21,7.87487247115384e-20
CD4_Tem/Effector,gd_T,0.588566073102155,11,13,7.65766e-21,7.87487247115384e-20
CD4_Tem/Effector,CD4_Treg,0.625316685730167,11,13,7.65766e-21,7.87487247115384e-20
CD8_Tem/Temra,CD8_Tem/Trm,0.813333333333333,11,13,7.65766e-21,7.87487247115384e-20
CD8_Tem/Temra,CD8_Trm,0.690167547353168,10,13,2.7827128e-18,1.59150339016042e-17
CD8_Tem/Temra,CD4_Th17,0.701112744068864,11,13,7.65766e-21,7.87487247115384e-20
CD8_Tem/Temra,CD4_Th1,0.65430124720179,11,13,7.65766e-21,7.87487247115384e-20
CD8_Tem/Temra,CD8_Tex,0.619978284473398,11,13,7.65766e-21,7.87487247115384e-20
CD8_Tem/Temra,gd_T,0.60726046861505,11,13,7.65766e-21,7.87487247115384e-20
CD8_Tem/Temra,CD4_Treg,0.649231091118317,11,13,7.65766e-21,7.87487247115384e-20
CD8_Tem/Trm,CD8_Trm,0.704709828996411,10,13,2.7827128e-18,1.59150339016042e-17
CD8_Tem/Trm,CD4_Th17,0.734475245127708,11,13,7.65766e-21,7.87487247115384e-20
CD8_Tem/Trm,CD4_Th1,0.708235294117647,10,13,2.7827128e-18,1.59150339016042e-17
CD8_Tem/Trm,CD8_Tex,0.574489315114055,11,13,7.65766e-21,7.87487247115384e-20
CD8_Tem/Trm,gd_T,0.558467741935483,11,13,7.65766e-21,7.87487247115384e-20
CD8_Tem/Trm,CD4_Treg,0.620274431057563,11,13,7.65766e-21,7.87487247115384e-20
Tip_EC,myoCAF,0.55957445946384,11,13,7.65766e-21,7.87487247115384e-20
CD8_Trm,CD4_Th17,0.774025102998946,11,13,7.65766e-21,7.87487247115384e-20
CD8_Trm,CD4_Th1,0.757505773672055,11,13,7.65766e-21,7.87487247115384e-20
CD8_Trm,CD8_Tex,0.643255295429208,10,13,2.7827128e-18,1.59150339016042e-17
CD8_Trm,gd_T,0.619290831626524,11,13,7.65766e-21,7.87487247115384e-20
CD8_Trm,CD4_Treg,0.655944055944055,10,13,2.7827128e-18,1.59150339016042e-17
CD4_Th17,CD8_Cycling_Tex,0.507455088955637,11,13,7.65766e-21,7.87487247115384e-20
CD4_Th17,CD8_Tex,0.671071953010279,11,13,7.65766e-21,7.87487247115384e-20
CD4_Th17,gd_T,0.629789358650713,11,13,7.65766e-21,7.87487247115384e-20
CD4_Th17,CD4_Treg,0.634943906170321,11,13,7.65766e-21,7.87487247115384e-20
CD4_Th1,CD4_Th17,0.692855238603039,11,13,7.65766e-21,7.87487247115384e-20
CD4_Th1,CD8_Tex,0.56938292021016,11,13,7.65766e-21,7.87487247115384e-20
CD4_Th1,gd_T,0.546653923841937,11,13,7.65766e-21,7.87487247115384e-20
CD4_Th1,CD4_Treg,0.659909909909909,11,13,7.65766e-21,7.87487247115384e-20
Venous_EC,Venous_iEC,0.658610271903323,10,13,2.7827128e-18,1.59150339016042e-17
Venous_EC,iCAF,0.523446019629225,11,13,7.65766e-21,7.87487247115384e-20
Venous_EC,vCAF,0.511194784998349,10,13,2.7827128e-18,1.59150339016042e-17
CD8_Cycling_Tex,CD4_Cycling_Treg,0.69678003542359,11,13,7.65766e-21,7.87487247115384e-20
CD8_Cycling_Tex,CD8_Tex,0.508791057677196,11,13,7.65766e-21,7.87487247115384e-20
CD8_Cycling_Tex,gd_T,0.580408004284531,11,13,7.65766e-21,7.87487247115384e-20
CD4_Cycling_Treg,CD8_Tex,0.530857377179893,11,13,7.65766e-21,7.87487247115384e-20
CD4_Cycling_Treg,gd_T,0.568,11,13,7.65766e-21,7.87487247115384e-20
CD8_Tex,gd_T,0.643555170144963,11,13,7.65766e-21,7.87487247115384e-20
CD8_Tex,CD4_Treg,0.617001546234051,11,13,7.65766e-21,7.87487247115384e-20
gd_T,CD4_Treg,0.550185873605948,11,13,7.65766e-21,7.87487247115384e-20
iCAF,pnCAF,0.545595850135572,9,13,6.8960885995e-16,2.89513906071256e-15
myoCAF,vCAF,0.507462686567164,11,13,7.65766e-21,7.87487247115384e-20
