"lr_pair","cancer_type","strength","group_pair","z_score"
"ADAM10-CD44","BRCA",0.0011415,"Endothelial-Mural",-0.5447073
"APP-CAV1","BRCA",0.04764005,"Endothelial-Mural",-2.2740216
"APP-CD74","BRCA",0.02159467,"Endothelial-Mural",-1.3931672
"COL18A1-ITGB1","BRCA",0.04172091,"Endothelial-Mural",-1.2305549
"COL18A1-KDR","BRCA",0.00635453,"Endothelial-Mural",-0.9173253
"COL1A1-ITGA5","BRCA",0.00345912,"Endothelial-Mural",-1.0035287
"COL1A1-ITGAV","BRCA",0.00194218,"Endothelial-Mural",-0.9391821
"COL1A2-ITGAV","BRCA",0.0027493,"Endothelial-Mural",-1.0739354
"COL4A1-CD47","BRCA",0.000902,"Endothelial-Mural",-0.8387683
"COL4A1-ITGA1","BRCA",0.00440975,"Endothelial-Mural",-1.0941034
"COL4A1-ITGAV","BRCA",0.00648272,"Endothelial-Mural",-0.7215915
"COL6A2-ITGB1","BRCA",0.04612687,"Endothelial-Mural",-1.2979211
"EDN1-EDNRA","BRCA",0.00136191,"Endothelial-Mural",-0.7845009
"GNAI2-EDNRA","BRCA",0.00716362,"Endothelial-Mural",-0.8474455
"HBEGF-CD44","BRCA",0.00283937,"Endothelial-Mural",-0.1700204
"ICAM1-CAV1","BRCA",0.04012578,"Endothelial-Mural",0.17621053
"LAMA4-ITGA6","BRCA",0.00248423,"Endothelial-Mural",-0.7984288
"LAMA4-ITGAV","BRCA",0.00217956,"Endothelial-Mural",-0.5944226
"LAMC1-ITGA1","BRCA",0.00074304,"Endothelial-Mural",-0.885885
"PGF-NRP1","BRCA",0.00304869,"Endothelial-Mural",-0.6913859
"PGF-NRP2","BRCA",0.00272468,"Endothelial-Mural",-0.6607892
"THBS1-ITGA6","BRCA",0.00248273,"Endothelial-Mural",-0.561602
"THBS1-ITGB1","BRCA",0.01310899,"Endothelial-Mural",-0.4800484
"TIMP1-CD63","BRCA",0.07773792,"Endothelial-Mural",-2.2583787
"TIMP3-CD44","BRCA",0.00758031,"Endothelial-Mural",-0.7130857
"ADAM10-CD44","COCA",0.00178509,"Endothelial-Mural",-0.4832724
"APP-CAV1","COCA",0.10589782,"Endothelial-Mural",0.41998295
"APP-CD74","COCA",0.0631516,"Endothelial-Mural",0.23480462
"BGN-LY96","COCA",0.01283816,"Endothelial-Mural",-0.3367457
"COL18A1-ITGB1","COCA",0.07892637,"Endothelial-Mural",0.18755886
"COL18A1-KDR","COCA",0.01499162,"Endothelial-Mural",-0.4305249
"COL1A1-ITGA5","COCA",0.0359463,"Endothelial-Mural",0.29496085
"COL1A1-ITGAV","COCA",0.00841629,"Endothelial-Mural",-0.1034506
"COL1A2-ITGA1","COCA",0.01228359,"Endothelial-Mural",-0.2597406
"COL1A2-ITGAV","COCA",0.00878316,"Endothelial-Mural",-0.2138615
"COL4A1-CD47","COCA",0.00828492,"Endothelial-Mural",-0.387834
"COL4A1-ITGA1","COCA",0.03644924,"Endothelial-Mural",0.21992035
"COL4A1-ITGAV","COCA",0.01074577,"Endothelial-Mural",-0.2707935
"COL5A2-ITGB1","COCA",0.01898215,"Endothelial-Mural",-0.5588563
"COL6A1-ITGA1","COCA",0.00961083,"Endothelial-Mural",-0.0868232
"COL6A2-ITGA1","COCA",0.01504689,"Endothelial-Mural",-0.0848711
"COL6A2-ITGB1","COCA",0.08916429,"Endothelial-Mural",0.1717841
"COL6A3-ITGA1","COCA",0.0032707,"Endothelial-Mural",-0.0942365
"COL6A3-ITGB1","COCA",0.02059425,"Endothelial-Mural",-0.3058445
"EDN1-EDNRA","COCA",0.00259317,"Endothelial-Mural",-0.3344102
"EFEMP2-AQP1","COCA",0.00991058,"Endothelial-Mural",0.03369509
"FYN-THY1","COCA",0.00278078,"Endothelial-Mural",-0.4881813
"GNAI2-EDNRA","COCA",0.0146446,"Endothelial-Mural",-0.3035242
"GNAI2-F2R","COCA",0.00141754,"Endothelial-Mural",-0.6574864
"GNAI2-S1PR1","COCA",0.00469351,"Endothelial-Mural",-0.2317679
"GNAI2-S1PR3","COCA",0.00619672,"Endothelial-Mural",-0.6387613
"HBEGF-CD44","COCA",0.00147946,"Endothelial-Mural",-0.5189157
"ICAM1-CAV1","COCA",0.03691445,"Endothelial-Mural",0.07419366
"LAMA4-ITGA6","COCA",0.00687048,"Endothelial-Mural",-0.278514
"LAMA4-ITGAV","COCA",0.00442434,"Endothelial-Mural",-0.1343027
"LAMC1-ITGA1","COCA",0.00732283,"Endothelial-Mural",-0.1543685
"LAMC1-ITGAV","COCA",0.00211382,"Endothelial-Mural",-0.5017305
"LUM-ITGB1","COCA",0.0048567,"Endothelial-Mural",-0.6682729
"PGF-NRP1","COCA",0.00581783,"Endothelial-Mural",-0.4389376
"PGF-NRP2","COCA",0.00232278,"Endothelial-Mural",-0.7400694
"THBS1-ITGA6","COCA",0.0097601,"Endothelial-Mural",0.013397
"THBS1-ITGB1","COCA",0.01750401,"Endothelial-Mural",-0.2411582
"TIMP1-CD63","COCA",0.14094637,"Endothelial-Mural",-0.0573519
"TIMP2-CD44","COCA",0.00232209,"Endothelial-Mural",-0.7603704
"TIMP3-CD44","COCA",0.01125767,"Endothelial-Mural",-0.5523024
"APP-CAV1","HNCA",0.09774092,"Endothelial-Mural",0.04278494
"APP-CD74","HNCA",0.02705938,"Endothelial-Mural",-1.1790896
"BGN-LY96","HNCA",0.04337335,"Endothelial-Mural",1.1438911
"COL18A1-ITGB1","HNCA",0.09377049,"Endothelial-Mural",0.75335359
"COL18A1-KDR","HNCA",0.01043502,"Endothelial-Mural",-0.6873424
"COL1A1-ITGA5","HNCA",0.05038704,"Endothelial-Mural",0.87214712
"COL1A2-ITGA1","HNCA",0.00137302,"Endothelial-Mural",-1.3074276
"COL4A1-CD47","HNCA",0.02174322,"Endothelial-Mural",0.43417312
"COL4A1-ITGA1","HNCA",0.02192872,"Endothelial-Mural",-0.3756044
"COL4A1-ITGAV","HNCA",0.00737192,"Endothelial-Mural",-0.6275624
"COL5A2-ITGB1","HNCA",0.04265155,"Endothelial-Mural",0.21561956
"COL6A1-ITGA1","HNCA",0.0007996,"Endothelial-Mural",-1.2958002
"COL6A2-ITGA1","HNCA",0.00552968,"Endothelial-Mural",-1.122253
"COL6A2-ITGB1","HNCA",0.09985489,"Endothelial-Mural",0.53686235
"COL6A3-ITGA1","HNCA",0.00037762,"Endothelial-Mural",-1.0256662
"COL6A3-ITGB1","HNCA",0.03133842,"Endothelial-Mural",0.12497622
"EDN1-EDNRA","HNCA",0.00258684,"Endothelial-Mural",-0.3367273
"EFEMP2-AQP1","HNCA",0.01119975,"Endothelial-Mural",0.17822696
"FYN-THY1","HNCA",0.00723583,"Endothelial-Mural",-0.1924517
"GNAI2-EDNRA","HNCA",0.01057625,"Endothelial-Mural",-0.5993224
"GNAI2-F2R","HNCA",0.00513109,"Endothelial-Mural",-0.2745841
"GNAI2-S1PR1","HNCA",0.00140615,"Endothelial-Mural",-0.9867342
"ICAM1-CAV1","HNCA",0.02331253,"Endothelial-Mural",-0.3579099
"LAMA4-ITGA6","HNCA",0.00828487,"Endothelial-Mural",-0.110862
"LAMA4-ITGAV","HNCA",0.00461389,"Endothelial-Mural",-0.0954504
"LAMC1-ITGA1","HNCA",0.00504398,"Endothelial-Mural",-0.4077227
"LAMC1-ITGAV","HNCA",0.00167646,"Endothelial-Mural",-0.6298977
"LUM-ITGB1","HNCA",0.05628524,"Endothelial-Mural",1.19119338
"PGF-NRP1","HNCA",0.00620111,"Endothelial-Mural",-0.4039965
"PGF-NRP2","HNCA",0.00848985,"Endothelial-Mural",0.47649417
"THBS1-ITGA6","HNCA",0.00302244,"Endothelial-Mural",-0.5189588
"THBS1-ITGB1","HNCA",0.01796071,"Endothelial-Mural",-0.2163341
"TIMP1-CD63","HNCA",0.1826722,"Endothelial-Mural",1.39561356
"TIMP2-CD44","HNCA",0.00823541,"Endothelial-Mural",-0.2887742
"TIMP3-CD44","HNCA",0.01109037,"Endothelial-Mural",-0.5596168
"ADAM10-CD44","KICA",0.00175017,"Endothelial-Mural",-0.486606
"APP-CAV1","KICA",0.09827631,"Endothelial-Mural",0.06754278
"APP-CD74","KICA",0.07325113,"Endothelial-Mural",0.63044854
"BGN-LY96","KICA",0.00972939,"Endothelial-Mural",-0.4874886
"COL18A1-ITGB1","KICA",0.10311855,"Endothelial-Mural",1.10966157
"COL18A1-KDR","KICA",0.04800247,"Endothelial-Mural",1.43002202
"COL1A1-ITGA5","KICA",0.02824198,"Endothelial-Mural",-0.0129753
"COL1A1-ITGAV","KICA",0.0056172,"Endothelial-Mural",-0.4647806
"COL1A2-ITGA1","KICA",0.03816433,"Endothelial-Mural",2.225456
"COL1A2-ITGAV","KICA",0.00848868,"Endothelial-Mural",-0.2558363
"COL4A1-CD47","KICA",0.01024693,"Endothelial-Mural",-0.2679983
"COL4A1-ITGA1","KICA",0.06689942,"Endothelial-Mural",1.46876263
"COL4A1-ITGAV","KICA",0.01464486,"Endothelial-Mural",0.14151814
"COL5A2-ITGB1","KICA",0.05045438,"Endothelial-Mural",0.47093226
"COL6A1-ITGA1","KICA",0.02689842,"Endothelial-Mural",2.28518306
"COL6A2-ITGA1","KICA",0.03854169,"Endothelial-Mural",2.47607613
"COL6A2-ITGB1","KICA",0.11619907,"Endothelial-Mural",1.09500753
"COL6A3-ITGA1","KICA",0.00685485,"Endothelial-Mural",1.0596827
"COL6A3-ITGB1","KICA",0.02213661,"Endothelial-Mural",-0.2439989
"EFEMP2-AQP1","KICA",0.00941131,"Endothelial-Mural",-0.0222785
"FYN-THY1","KICA",0.0514668,"Endothelial-Mural",2.74363735
"GNAI2-EDNRA","KICA",0.01275415,"Endothelial-Mural",-0.4409736
"GNAI2-F2R","KICA",0.01271779,"Endothelial-Mural",0.50767897
"GNAI2-S1PR1","KICA",0.01564231,"Endothelial-Mural",2.28269636
"GNAI2-S1PR3","KICA",0.03364439,"Endothelial-Mural",2.43728363
"HBEGF-CD44","KICA",0.00178209,"Endothelial-Mural",-0.4412727
"ICAM1-CAV1","KICA",0.02308174,"Endothelial-Mural",-0.3652414
"LAMA4-ITGA6","KICA",0.00840951,"Endothelial-Mural",-0.0960882
"LAMA4-ITGAV","KICA",0.00567326,"Endothelial-Mural",0.12169157
"LAMC1-ITGA1","KICA",0.02294362,"Endothelial-Mural",1.58229073
"LAMC1-ITGAV","KICA",0.00484431,"Endothelial-Mural",0.2984281
"PGF-NRP1","KICA",0.03834795,"Endothelial-Mural",2.52666035
"PGF-NRP2","KICA",0.01001029,"Endothelial-Mural",0.77642908
"THBS1-ITGA6","KICA",0.00395026,"Endothelial-Mural",-0.4456492
"THBS1-ITGB1","KICA",0.00971001,"Endothelial-Mural",-0.6647993
"TIMP1-CD63","KICA",0.16171324,"Endothelial-Mural",0.66578642
"TIMP2-CD44","KICA",0.00671779,"Endothelial-Mural",-0.4098063
"TIMP3-CD44","KICA",0.01840261,"Endothelial-Mural",-0.2399078
"ADAM10-CD44","LICA",0.00136711,"Endothelial-Mural",-0.523172
"APP-CAV1","LICA",0.09875908,"Endothelial-Mural",0.0898674
"APP-CD74","LICA",0.06261306,"Endothelial-Mural",0.21370754
"BGN-LY96","LICA",0.02142681,"Endothelial-Mural",0.07971378
"COL18A1-ITGB1","LICA",0.07091585,"Endothelial-Mural",-0.117768
"COL18A1-KDR","LICA",0.01638798,"Endothelial-Mural",-0.3518235
"COL1A1-ITGA5","LICA",0.00354693,"Endothelial-Mural",-1.0000192
"COL1A2-ITGA1","LICA",0.00837539,"Endothelial-Mural",-0.6350254
"COL4A1-CD47","LICA",0.00773739,"Endothelial-Mural",-0.4212759
"COL4A1-ITGA1","LICA",0.02611896,"Endothelial-Mural",-0.2037514
"COL4A1-ITGAV","LICA",0.00530743,"Endothelial-Mural",-0.8458741
"COL5A2-ITGB1","LICA",0.01373288,"Endothelial-Mural",-0.7306152
"COL6A1-ITGA1","LICA",0.00634971,"Endothelial-Mural",-0.5342776
"COL6A2-ITGA1","LICA",0.00874792,"Endothelial-Mural",-0.7714631
"COL6A2-ITGB1","LICA",0.06410382,"Endothelial-Mural",-0.6840179
"COL6A3-ITGA1","LICA",0.00199753,"Endothelial-Mural",-0.504136
"COL6A3-ITGB1","LICA",0.01529686,"Endothelial-Mural",-0.5182598
"EFEMP2-AQP1","LICA",0.00472868,"Endothelial-Mural",-0.5472575
"FYN-THY1","LICA",0.00594713,"Endothelial-Mural",-0.2779966
"GNAI2-EDNRA","LICA",0.00850022,"Endothelial-Mural",-0.7502647
"GNAI2-F2R","LICA",0.00211623,"Endothelial-Mural",-0.5854447
"GNAI2-S1PR1","LICA",0.00402829,"Endothelial-Mural",-0.3845413
"GNAI2-S1PR3","LICA",0.00604091,"Endothelial-Mural",-0.6562238
"HBEGF-CD44","LICA",0.00112183,"Endothelial-Mural",-0.6106677
"ICAM1-CAV1","LICA",0.01970854,"Endothelial-Mural",-0.4724006
"LAMA4-ITGA6","LICA",0.00224481,"Endothelial-Mural",-0.8268079
"LAMA4-ITGAV","LICA",0.00108138,"Endothelial-Mural",-0.8195192
"LAMC1-ITGA1","LICA",0.00185208,"Endothelial-Mural",-0.7625856
"LAMC1-ITGAV","LICA",0.00036902,"Endothelial-Mural",-1.0130364
"LUM-ITGB1","LICA",0.00093908,"Endothelial-Mural",-0.8099197
"PGF-NRP1","LICA",0.02354386,"Endothelial-Mural",1.17705015
"PGF-NRP2","LICA",0.00932102,"Endothelial-Mural",0.64045735
"THBS1-ITGA6","LICA",0.0018942,"Endothelial-Mural",-0.6081031
"THBS1-ITGB1","LICA",0.0103689,"Endothelial-Mural",-0.6289853
"TIMP1-CD63","LICA",0.15968946,"Endothelial-Mural",0.59531497
"TIMP2-CD44","LICA",0.00502357,"Endothelial-Mural",-0.5449237
"TIMP3-CD44","LICA",0.01300616,"Endothelial-Mural",-0.4758539
"APP-CAV1","LUCA",0.096107,"Endothelial-Mural",-0.0327725
"APP-CD74","LUCA",0.0648769,"Endothelial-Mural",0.30239218
"COL18A1-ITGB1","LUCA",0.05153992,"Endothelial-Mural",-0.8562959
"COL18A1-KDR","LUCA",0.01077577,"Endothelial-Mural",-0.6681367
"COL1A1-ITGA5","LUCA",0.01363192,"Endothelial-Mural",-0.5969292
"COL1A1-ITGAV","LUCA",0.00464292,"Endothelial-Mural",-0.5905488
"COL1A2-ITGA1","LUCA",0.01498931,"Endothelial-Mural",7.6e-05
"COL1A2-ITGAV","LUCA",0.00585903,"Endothelial-Mural",-0.6306707
"COL4A1-CD47","LUCA",0.01046718,"Endothelial-Mural",-0.254546
"COL4A1-ITGA1","LUCA",0.03430687,"Endothelial-Mural",0.1320564
"COL4A1-ITGAV","LUCA",0.00668914,"Endothelial-Mural",-0.6997641
"COL5A2-ITGB1","LUCA",0.01342957,"Endothelial-Mural",-0.7405397
"COL6A1-ITGA1","LUCA",0.01087352,"Endothelial-Mural",0.08642925
"COL6A2-ITGA1","LUCA",0.01482206,"Endothelial-Mural",-0.1093779
"COL6A2-ITGB1","LUCA",0.06323799,"Endothelial-Mural",-0.7135855
"COL6A3-ITGA1","LUCA",0.00082515,"Endothelial-Mural",-0.8815838
"COL6A3-ITGB1","LUCA",0.00369182,"Endothelial-Mural",-0.9835994
"EDN1-EDNRA","LUCA",0.00421636,"Endothelial-Mural",0.25894865
"EFEMP2-AQP1","LUCA",0.01397722,"Endothelial-Mural",0.48961512
"FYN-THY1","LUCA",0.00457529,"Endothelial-Mural",-0.3690608
"GNAI2-EDNRA","LUCA",0.0349993,"Endothelial-Mural",1.17640868
"GNAI2-F2R","LUCA",0.00164784,"Endothelial-Mural",-0.6337409
"GNAI2-S1PR1","LUCA",0.00533866,"Endothelial-Mural",-0.0836055
"GNAI2-S1PR3","LUCA",0.00839533,"Endothelial-Mural",-0.3923645
"HBEGF-CD44","LUCA",0.00140222,"Endothelial-Mural",-0.5387324
"ICAM1-CAV1","LUCA",0.02120312,"Endothelial-Mural",-0.4249212
"LAMA4-ITGA6","LUCA",0.00422053,"Endothelial-Mural",-0.5926205
"LAMA4-ITGAV","LUCA",0.00177449,"Endothelial-Mural",-0.6774519
"LAMC1-ITGA1","LUCA",0.00271908,"Endothelial-Mural",-0.6661962
"LAMC1-ITGAV","LUCA",0.00105483,"Endothelial-Mural",-0.8120626
"LUM-ITGB1","LUCA",0.00938743,"Endothelial-Mural",-0.5044584
"PGF-NRP1","LUCA",0.00340856,"Endothelial-Mural",-0.6585782
"PGF-NRP2","LUCA",0.00101459,"Endothelial-Mural",-0.998135
"THBS1-ITGA6","LUCA",0.00370257,"Endothelial-Mural",-0.4652201
"THBS1-ITGB1","LUCA",0.01391005,"Endothelial-Mural",-0.4365072
"TIMP1-CD63","LUCA",0.13792402,"Endothelial-Mural",-0.162595
"TIMP3-CD44","LUCA",0.01260891,"Endothelial-Mural",-0.4932226
"ADAM10-CD44","OVCA",0.00635955,"Endothelial-Mural",-0.04661
"APP-CAV1","OVCA",0.09727106,"Endothelial-Mural",0.021057
"APP-CD74","OVCA",0.03134097,"Endothelial-Mural",-1.0113605
"BGN-LY96","OVCA",0.00550435,"Endothelial-Mural",-0.6923589
"COL18A1-ITGB1","OVCA",0.07693069,"Endothelial-Mural",0.11149218
"COL18A1-KDR","OVCA",0.01662508,"Endothelial-Mural",-0.3384604
"COL1A1-ITGA5","OVCA",0.03934904,"Endothelial-Mural",0.43096604
"COL1A1-ITGAV","OVCA",0.00990298,"Endothelial-Mural",0.08846395
"COL1A2-ITGA1","OVCA",0.01438794,"Endothelial-Mural",-0.0576705
"COL1A2-ITGAV","OVCA",0.01012043,"Endothelial-Mural",-0.0232456
"COL4A1-CD47","OVCA",0.01040089,"Endothelial-Mural",-0.2585948
"COL4A1-ITGA1","OVCA",0.01459979,"Endothelial-Mural",-0.6761832
"COL4A1-ITGAV","OVCA",0.00983945,"Endothelial-Mural",-0.3666323
"COL5A2-ITGB1","OVCA",0.01794183,"Endothelial-Mural",-0.5928959
"COL6A1-ITGA1","OVCA",0.0094626,"Endothelial-Mural",-0.1071614
"COL6A2-ITGA1","OVCA",0.0147962,"Endothelial-Mural",-0.1121966
"COL6A2-ITGB1","OVCA",0.08356234,"Endothelial-Mural",-0.0195198
"COL6A3-ITGA1","OVCA",0.00337362,"Endothelial-Mural",-0.0611031
"COL6A3-ITGB1","OVCA",0.02013779,"Endothelial-Mural",-0.3241478
"EDN1-EDNRA","OVCA",0.00194554,"Endothelial-Mural",-0.571155
"EFEMP2-AQP1","OVCA",0.00662498,"Endothelial-Mural",-0.3346591
"FYN-THY1","OVCA",0.00366556,"Endothelial-Mural",-0.4294493
"GNAI2-EDNRA","OVCA",0.01166156,"Endothelial-Mural",-0.5204128
"GNAI2-F2R","OVCA",0.0017792,"Endothelial-Mural",-0.620196
"GNAI2-S1PR1","OVCA",0.00232082,"Endothelial-Mural",-0.776673
"GNAI2-S1PR3","OVCA",0.01133192,"Endothelial-Mural",-0.0632632
"HBEGF-CD44","OVCA",0.00385563,"Endothelial-Mural",0.09070875
"ICAM1-CAV1","OVCA",0.0191928,"Endothelial-Mural",-0.4887847
"LAMA4-ITGA6","OVCA",0.00628137,"Endothelial-Mural",-0.3483431
"LAMA4-ITGAV","OVCA",0.00461906,"Endothelial-Mural",-0.0943919
"LAMC1-ITGA1","OVCA",0.00517022,"Endothelial-Mural",-0.3936882
"LAMC1-ITGAV","OVCA",0.0034736,"Endothelial-Mural",-0.1032517
"LUM-ITGB1","OVCA",0.01722604,"Endothelial-Mural",-0.2210431
"PGF-NRP1","OVCA",0.00541314,"Endothelial-Mural",-0.4758309
"PGF-NRP2","OVCA",0.00214319,"Endothelial-Mural",-0.7754976
"THBS1-ITGA6","OVCA",0.00485737,"Endothelial-Mural",-0.3739767
"THBS1-ITGB1","OVCA",0.01629953,"Endothelial-Mural",-0.3066276
"TIMP1-CD63","OVCA",0.14960296,"Endothelial-Mural",0.24408587
"TIMP2-CD44","OVCA",0.01724253,"Endothelial-Mural",0.4295582
"TIMP3-CD44","OVCA",0.03161261,"Endothelial-Mural",0.33766685
"APP-CAV1","PACA",0.08533731,"Endothelial-Mural",-0.5307935
"APP-CD74","PACA",0.06254113,"Endothelial-Mural",0.21088968
"COL18A1-ITGB1","PACA",0.07984216,"Endothelial-Mural",0.22246484
"COL18A1-KDR","PACA",0.01468834,"Endothelial-Mural",-0.4476178
"COL1A1-ITGA5","PACA",0.03298974,"Endothelial-Mural",0.17678952
"COL1A2-ITGA1","PACA",0.01425031,"Endothelial-Mural",-0.070887
"COL4A1-CD47","PACA",0.00907328,"Endothelial-Mural",-0.3396824
"COL4A1-ITGA1","PACA",0.04318935,"Endothelial-Mural",0.49635021
"COL4A1-ITGAV","PACA",0.01687529,"Endothelial-Mural",0.3773772
"COL6A1-ITGA1","PACA",0.01053175,"Endothelial-Mural",0.03953522
"COL6A2-ITGA1","PACA",0.01603047,"Endothelial-Mural",0.02233949
"COL6A2-ITGB1","PACA",0.08885401,"Endothelial-Mural",0.16118796
"COL6A3-ITGA1","PACA",0.00259694,"Endothelial-Mural",-0.3111556
"COL6A3-ITGB1","PACA",0.01534613,"Endothelial-Mural",-0.5162842
"EDN1-EDNRA","PACA",0.00241922,"Endothelial-Mural",-0.3979991
"EFEMP2-AQP1","PACA",0.00807051,"Endothelial-Mural",-0.1725986
"FYN-THY1","PACA",0.00192493,"Endothelial-Mural",-0.5449937
"GNAI2-EDNRA","PACA",0.01596483,"Endothelial-Mural",-0.207534
"GNAI2-F2R","PACA",0.00249176,"Endothelial-Mural",-0.5467243
"GNAI2-S1PR1","PACA",0.0089047,"Endothelial-Mural",0.73536007
"GNAI2-S1PR3","PACA",0.0166663,"Endothelial-Mural",0.53455864
"HBEGF-CD44","PACA",0.00197298,"Endothelial-Mural",-0.3922997
"ICAM1-CAV1","PACA",0.02081528,"Endothelial-Mural",-0.437242
"LAMA4-ITGA6","PACA",0.01156434,"Endothelial-Mural",0.27786359
"LAMA4-ITGAV","PACA",0.00346486,"Endothelial-Mural",-0.3309704
"LAMC1-ITGA1","PACA",0.007296,"Endothelial-Mural",-0.1573517
"LAMC1-ITGAV","PACA",0.00455589,"Endothelial-Mural",0.21390792
"PGF-NRP1","PACA",0.00675944,"Endothelial-Mural",-0.3530962
"PGF-NRP2","PACA",0.00217435,"Endothelial-Mural",-0.7693499
"THBS1-ITGA6","PACA",0.0464701,"Endothelial-Mural",2.91392514
"THBS1-ITGB1","PACA",0.07282661,"Endothelial-Mural",2.76588854
"TIMP1-CD63","PACA",0.13903591,"Endothelial-Mural",-0.1238771
"TIMP3-CD44","PACA",0.01400344,"Endothelial-Mural",-0.4322501
"APP-CAV1","PRCA",0.07930442,"Endothelial-Mural",-0.8097713
"APP-CD74","PRCA",0.07595717,"Endothelial-Mural",0.73645608
"BGN-LY96","PRCA",0.00951454,"Endothelial-Mural",-0.4979068
"COL18A1-ITGB1","PRCA",0.01462132,"Endothelial-Mural",-2.2634758
"COL18A1-KDR","PRCA",0.00396373,"Endothelial-Mural",-1.0520746
"COL1A1-ITGA5","PRCA",0.00350184,"Endothelial-Mural",-1.0018212
"COL4A1-ITGA1","PRCA",0.00214674,"Endothelial-Mural",-1.1869156
"COL6A2-ITGB1","PRCA",0.03796372,"Endothelial-Mural",-1.5766885
"HBEGF-CD44","PRCA",0.00049566,"Endothelial-Mural",-0.7713149
"ICAM1-CAV1","PRCA",0.01052959,"Endothelial-Mural",-0.7639961
"PGF-NRP1","PRCA",0.00959232,"Endothelial-Mural",-0.0948377
"THBS1-ITGA6","PRCA",0.00348974,"Endothelial-Mural",-0.4820364
"THBS1-ITGB1","PRCA",0.01054433,"Endothelial-Mural",-0.6194497
"TIMP1-CD63","PRCA",0.10473969,"Endothelial-Mural",-1.3181308
"TIMP2-CD44","PRCA",0.00040943,"Endothelial-Mural",-0.9129085
"TIMP3-CD44","PRCA",0.00195733,"Endothelial-Mural",-0.9589362
"ADAM10-CD44","SKCA",0.03012731,"Endothelial-Mural",2.22217972
"APP-CAV1","SKCA",0.14523255,"Endothelial-Mural",2.23893255
"APP-CD74","SKCA",0.05739079,"Endothelial-Mural",0.00912756
"BGN-LY96","SKCA",0.06420216,"Endothelial-Mural",2.15386999
"COL18A1-ITGB1","SKCA",0.09584637,"Endothelial-Mural",0.83247701
"COL18A1-KDR","SKCA",0.04578688,"Endothelial-Mural",1.30514754
"COL1A1-ITGA5","SKCA",0.08238128,"Endothelial-Mural",2.15093466
"COL1A1-ITGAV","SKCA",0.02596795,"Endothelial-Mural",2.16226372
"COL1A2-ITGAV","SKCA",0.02533683,"Endothelial-Mural",2.14572074
"COL4A1-CD47","SKCA",0.06381884,"Endothelial-Mural",3.00407159
"COL4A1-ITGA1","SKCA",0.04801441,"Endothelial-Mural",0.6942388
"COL4A1-ITGAV","SKCA",0.02121214,"Endothelial-Mural",0.8359793
"COL5A2-ITGB1","SKCA",0.10287528,"Endothelial-Mural",2.18617303
"COL6A2-ITGA1","SKCA",0.00989227,"Endothelial-Mural",-0.6467283
"COL6A2-ITGB1","SKCA",0.14815419,"Endothelial-Mural",2.18625796
"COL6A3-ITGB1","SKCA",0.09120606,"Endothelial-Mural",2.52555365
"EDN1-EDNRA","SKCA",0.01010581,"Endothelial-Mural",2.41185304
"EFEMP2-AQP1","SKCA",0.00416903,"Endothelial-Mural",-0.6100007
"FYN-THY1","SKCA",0.00732981,"Endothelial-Mural",-0.1862129
"GNAI2-EDNRA","SKCA",0.05002066,"Endothelial-Mural",2.26856952
"GNAI2-F2R","SKCA",0.03076856,"Endothelial-Mural",2.36888913
"GNAI2-S1PR3","SKCA",0.0112322,"Endothelial-Mural",-0.0744388
"ICAM1-CAV1","SKCA",0.02022915,"Endothelial-Mural",-0.4558621
"LAMA4-ITGA6","SKCA",0.01336772,"Endothelial-Mural",0.49162245
"LAMA4-ITGAV","SKCA",0.01769444,"Endothelial-Mural",2.58570878
"LAMC1-ITGA1","SKCA",0.02830102,"Endothelial-Mural",2.17790545
"LAMC1-ITGAV","SKCA",0.01236014,"Endothelial-Mural",2.50091164
"LUM-ITGB1","SKCA",0.08316604,"Endothelial-Mural",2.16310398
"PGF-NRP1","SKCA",0.00092436,"Endothelial-Mural",-0.8850492
"PGF-NRP2","SKCA",0.00458002,"Endothelial-Mural",-0.2947886
"THBS1-ITGA6","SKCA",0.00491952,"Endothelial-Mural",-0.3690667
"THBS1-ITGB1","SKCA",0.01071187,"Endothelial-Mural",-0.6103434
"TIMP1-CD63","SKCA",0.18435579,"Endothelial-Mural",1.45423906
"TIMP2-CD44","SKCA",0.04001602,"Endothelial-Mural",2.24578076
"TIMP3-CD44","SKCA",0.08214857,"Endothelial-Mural",2.54722537
"ADAM10-CD44","STCA",0.00540412,"Endothelial-Mural",-0.137812
"APP-CAV1","STCA",0.10182361,"Endothelial-Mural",0.23158011
"APP-CD74","STCA",0.1121625,"Endothelial-Mural",2.15478151
"BGN-LY96","STCA",0.00860241,"Endothelial-Mural",-0.5421356
"COL18A1-ITGB1","STCA",0.1108122,"Endothelial-Mural",1.40291097
"COL18A1-KDR","STCA",0.06133809,"Endothelial-Mural",2.18163923
"COL1A1-ITGA5","STCA",0.06054838,"Endothelial-Mural",1.27828877
"COL1A1-ITGAV","STCA",0.01366899,"Endothelial-Mural",0.57461151
"COL1A2-ITGA1","STCA",0.02464,"Endothelial-Mural",0.92678285
"COL1A2-ITGAV","STCA",0.01470876,"Endothelial-Mural",0.63078101
"COL4A1-CD47","STCA",0.01183101,"Endothelial-Mural",-0.1712455
"COL4A1-ITGA1","STCA",0.08286577,"Endothelial-Mural",2.12358494
"COL4A1-ITGAV","STCA",0.03769319,"Endothelial-Mural",2.57877831
"COL5A2-ITGB1","STCA",0.0701053,"Endothelial-Mural",1.11392127
"COL6A1-ITGA1","STCA",0.01710173,"Endothelial-Mural",0.94099206
"COL6A2-ITGA1","STCA",0.02587481,"Endothelial-Mural",1.09537807
"COL6A2-ITGB1","STCA",0.09657704,"Endothelial-Mural",0.42492529
"COL6A3-ITGA1","STCA",0.01041657,"Endothelial-Mural",2.20638329
"COL6A3-ITGB1","STCA",0.05651935,"Endothelial-Mural",1.13468313
"EDN1-EDNRA","STCA",0.00485823,"Endothelial-Mural",0.49358758
"EFEMP2-AQP1","STCA",0.03388445,"Endothelial-Mural",2.72145392
"FYN-THY1","STCA",0.01523696,"Endothelial-Mural",0.33867008
"GNAI2-EDNRA","STCA",0.03654126,"Endothelial-Mural",1.2885201
"GNAI2-F2R","STCA",0.01207701,"Endothelial-Mural",0.44160835
"GNAI2-S1PR1","STCA",0.00620714,"Endothelial-Mural",0.11584651
"GNAI2-S1PR3","STCA",0.00464785,"Endothelial-Mural",-0.8123432
"HBEGF-CD44","STCA",0.00669726,"Endothelial-Mural",0.81974735
"ICAM1-CAV1","STCA",0.05204056,"Endothelial-Mural",0.55471726
"LAMA4-ITGA6","STCA",0.03242965,"Endothelial-Mural",2.75108843
"LAMA4-ITGAV","STCA",0.00963176,"Endothelial-Mural",0.93307678
"LAMC1-ITGA1","STCA",0.01179347,"Endothelial-Mural",0.34266027
"LAMC1-ITGAV","STCA",0.00514707,"Endothelial-Mural",0.38715069
"LUM-ITGB1","STCA",0.00761249,"Endothelial-Mural",-0.5686337
"PGF-NRP1","STCA",0.02166305,"Endothelial-Mural",1.00558632
"PGF-NRP2","STCA",0.00607555,"Endothelial-Mural",0.00023083
"THBS1-ITGA6","STCA",0.0195451,"Endothelial-Mural",0.78652871
"THBS1-ITGB1","STCA",0.03102471,"Endothelial-Mural",0.49375647
"TIMP1-CD63","STCA",0.14619734,"Endothelial-Mural",0.12549597
"TIMP2-CD44","STCA",0.00552464,"Endothelial-Mural",-0.5049624
"TIMP3-CD44","STCA",0.03064267,"Endothelial-Mural",0.29525856
"APP-CAV1","THCA",0.09191306,"Endothelial-Mural",-0.2267118
"COL18A1-ITGB1","THCA",0.07601904,"Endothelial-Mural",0.07674366
"COL18A1-KDR","THCA",0.02271848,"Endothelial-Mural",0.00497389
"COL1A1-ITGA5","THCA",0.0049209,"Endothelial-Mural",-0.9451024
"COL1A2-ITGA1","THCA",0.01670432,"Endothelial-Mural",0.16475932
"COL4A1-CD47","THCA",0.01671731,"Endothelial-Mural",0.12720008
"COL4A1-ITGA1","THCA",0.01377971,"Endothelial-Mural",-0.709817
"COL5A2-ITGB1","THCA",0.01930138,"Endothelial-Mural",-0.548411
"COL6A1-ITGA1","THCA",0.0047131,"Endothelial-Mural",-0.7588341
"COL6A2-ITGA1","THCA",0.01429229,"Endothelial-Mural",-0.1671234
"COL6A2-ITGB1","THCA",0.06846994,"Endothelial-Mural",-0.5349171
"COL6A3-ITGA1","THCA",0.00485095,"Endothelial-Mural",0.41452712
"COL6A3-ITGB1","THCA",0.02411499,"Endothelial-Mural",-0.1646697
"EFEMP2-AQP1","THCA",0.00187293,"Endothelial-Mural",-0.8674212
"GNAI2-EDNRA","THCA",0.01100924,"Endothelial-Mural",-0.5678408
"LAMA4-ITGA6","THCA",0.00526421,"Endothelial-Mural",-0.46891
"LUM-ITGB1","THCA",0.01414224,"Endothelial-Mural",-0.3325421
"PGF-NRP1","THCA",0.01254567,"Endothelial-Mural",0.17440328
"PGF-NRP2","THCA",0.01796186,"Endothelial-Mural",2.34501829
"TIMP1-CD63","THCA",0.13135651,"Endothelial-Mural",-0.3912872
"APP-CAV1","UECA",0.11330091,"Endothelial-Mural",0.76232288
"APP-CD74","UECA",0.03395416,"Endothelial-Mural",-0.9089904
"BGN-LY96","UECA",0.0028547,"Endothelial-Mural",-0.8208393
"COL18A1-ITGB1","UECA",0.06800891,"Endothelial-Mural",-0.2285681
"COL18A1-KDR","UECA",0.02212497,"Endothelial-Mural",-0.0284772
"COL1A1-ITGA5","UECA",0.01246148,"Endothelial-Mural",-0.6437109
"COL1A1-ITGAV","UECA",0.00358296,"Endothelial-Mural",-0.7273771
"COL1A2-ITGA1","UECA",0.00471699,"Endothelial-Mural",-0.9863231
"COL1A2-ITGAV","UECA",0.00622186,"Endothelial-Mural",-0.5789523
"COL4A1-CD47","UECA",0.00439374,"Endothelial-Mural",-0.6254995
"COL4A1-ITGA1","UECA",0.00942199,"Endothelial-Mural",-0.8885383
"COL4A1-ITGAV","UECA",0.00951033,"Endothelial-Mural",-0.401435
"COL5A2-ITGB1","UECA",0.0111439,"Endothelial-Mural",-0.815328
"COL6A1-ITGA1","UECA",0.00609487,"Endothelial-Mural",-0.5692431
"COL6A2-ITGA1","UECA",0.01050647,"Endothelial-Mural",-0.5797803
"COL6A2-ITGB1","UECA",0.09147299,"Endothelial-Mural",0.25062477
"COL6A3-ITGA1","UECA",0.00107013,"Endothelial-Mural",-0.8027119
"COL6A3-ITGB1","UECA",0.01005598,"Endothelial-Mural",-0.7284088
"EDN1-EDNRA","UECA",0.00148475,"Endothelial-Mural",-0.7395967
"EFEMP2-AQP1","UECA",0.00186085,"Endothelial-Mural",-0.8687755
"FYN-THY1","UECA",0.00118725,"Endothelial-Mural",-0.5939613
"GNAI2-EDNRA","UECA",0.01199485,"Endothelial-Mural",-0.4961803
"GNAI2-S1PR1","UECA",0.00278278,"Endothelial-Mural",-0.670581
"GNAI2-S1PR3","UECA",0.00891213,"Endothelial-Mural",-0.3344473
"HBEGF-CD44","UECA",0.01337422,"Endothelial-Mural",2.53276741
"ICAM1-CAV1","UECA",0.12779392,"Endothelial-Mural",2.96123648
"LAMA4-ITGAV","UECA",0.00071817,"Endothelial-Mural",-0.8939679
"LAMC1-ITGA1","UECA",0.00263936,"Endothelial-Mural",-0.6750585
"LAMC1-ITGAV","UECA",0.00266428,"Endothelial-Mural",-0.3404195
"LUM-ITGB1","UECA",0.016441,"Endothelial-Mural",-0.2494275
"PGF-NRP1","UECA",0.00095794,"Endothelial-Mural",-0.8819879
"THBS1-ITGA6","UECA",0.01099238,"Endothelial-Mural",0.11076203
"THBS1-ITGB1","UECA",0.03931933,"Endothelial-Mural",0.94460809
"TIMP1-CD63","UECA",0.13774252,"Endothelial-Mural",-0.1689151
"TIMP2-CD44","UECA",0.02121547,"Endothelial-Mural",0.74640661
"TIMP3-CD44","UECA",0.05236527,"Endothelial-Mural",1.24502464
