"node_a","node_b","pan_cancer_median_jaccard","n_cancers_significant","n_cancers_tested","cross_cancer_replication_p","cross_cancer_replication_p_adj_BH"
"ABC","NR4A2+_Bn",0.641437964974165,"7","13","1.6278881392003201E-11","3.0951579819995499E-10"
"ABC","CD16+_NK",0.705228222665526,"7","13","1.6278881392003201E-11","3.0951579819995499E-10"
"ABC","CD16-_NK",0.687992088727382,"6","13","1.61570301840039E-9","1.0378344613689E-8"
"ABC","CLEC9A+_cDC",0.54371928884124,"6","13","1.61570301840039E-9","1.0378344613689E-8"
"ABC","CD4_CXCL13+_T",0.850874125874125,"7","13","1.6278881392003201E-11","3.0951579819995499E-10"
"ABC","CD4_Tfh",0.604172876304023,"7","13","1.6278881392003201E-11","3.0951579819995499E-10"
"ABC","Bgc",0.756114700215346,"7","13","1.6278881392003201E-11","3.0951579819995499E-10"
"ABC","ILC3",0.632056814095649,"6","13","1.61570301840039E-9","1.0378344613689E-8"
"ABC","CD8_ISG15+_T",0.672272999700329,"7","13","1.6278881392003201E-11","3.0951579819995499E-10"
"ABC","LAMP3+_cDC",0.61731862989262,"6","13","1.61570301840039E-9","1.0378344613689E-8"
"ABC","LILRA4+_pDC",0.623366111044489,"7","13","1.6278881392003201E-11","3.0951579819995499E-10"
"ABC","MAIT",0.753695378127823,"7","13","1.6278881392003201E-11","3.0951579819995499E-10"
"ABC","Macro",0.598837209302325,"6","13","1.61570301840039E-9","1.0378344613689E-8"
"ABC","Bmem",0.739059191287687,"7","13","1.6278881392003201E-11","3.0951579819995499E-10"
"ABC","NK",0.710038188761593,"5","13","1.2037294519127301E-7","4.3863327046700898E-7"
"ABC","Bn",0.677679343128781,"8","13","1.2308202828208E-13","6.5818114623842294E-11"
"ABC","CD4_Unassigned_T",0.696584086114566,"6","13","1.61570301840039E-9","1.0378344613689E-8"
"ABC","CD8_Tcm/Tn",0.67704280155642,"7","13","1.6278881392003201E-11","3.0951579819995499E-10"
"ABC","CD4_Tcm/Tn",0.734724786037925,"8","13","1.2308202828208E-13","6.5818114623842294E-11"
"ABC","CD4_Tem/Effector",0.729099300476717,"6","13","1.61570301840039E-9","1.0378344613689E-8"
"ABC","CD8_Tem/Temra",0.766666666666666,"8","13","1.2308202828208E-13","6.5818114623842294E-11"
"ABC","CD8_Tem/Trm",0.788108791903858,"8","13","1.2308202828208E-13","6.5818114623842294E-11"
"ABC","CD8_Trm",0.633910767696909,"6","13","1.61570301840039E-9","1.0378344613689E-8"
"ABC","CD4_Th17",0.674193409247757,"7","13","1.6278881392003201E-11","3.0951579819995499E-10"
"ABC","CD4_Th1",0.669099756690997,"7","13","1.6278881392003201E-11","3.0951579819995499E-10"
"ABC","CD8_Tex",0.669836383570886,"7","13","1.6278881392003201E-11","3.0951579819995499E-10"
"ABC","gd_T",0.625736105999263,"7","13","1.6278881392003201E-11","3.0951579819995499E-10"
"ABC","CD4_Treg",0.723188405797101,"7","13","1.6278881392003201E-11","3.0951579819995499E-10"
"Arterial_EC","Fibrosis_PGF+_Tip_EC",0.511160714285714,"6","13","1.61570301840039E-9","1.0378344613689E-8"
"Arterial_EC","Mast",0.520361990950226,"5","13","1.2037294519127301E-7","4.3863327046700898E-7"
"Arterial_EC","SMC",0.582089552238806,"6","13","1.61570301840039E-9","1.0378344613689E-8"
"Arterial_EC","SPRY1+_EC",0.509641873278237,"5","13","1.2037294519127301E-7","4.3863327046700898E-7"
"Arterial_EC","Venous_EC",0.655250608597058,"7","13","1.6278881392003201E-11","3.0951579819995499E-10"
"Arterial_EC","Venous_iEC",0.724141863382369,"6","13","1.61570301840039E-9","1.0378344613689E-8"
"Arterial_EC","myoCAF",0.515384615384615,"7","13","1.6278881392003201E-11","3.0951579819995499E-10"
"Arterial_EC","vCAF",0.600055947771346,"7","13","1.6278881392003201E-11","3.0951579819995499E-10"
"NR4A2+_Bn","CD16+_NK",0.588957055214724,"6","13","1.61570301840039E-9","1.0378344613689E-8"
"NR4A2+_Bn","CD16-_NK",0.642656564359402,"6","13","1.61570301840039E-9","1.0378344613689E-8"
"NR4A2+_Bn","CD4_CXCL13+_T",0.659872558294841,"6","13","1.61570301840039E-9","1.0378344613689E-8"
"NR4A2+_Bn","CD4_Tfh",0.704447333562282,"6","13","1.61570301840039E-9","1.0378344613689E-8"
"NR4A2+_Bn","Bgc",0.633724485339079,"6","13","1.61570301840039E-9","1.0378344613689E-8"
"NR4A2+_Bn","ILC3",0.705054715997915,"6","13","1.61570301840039E-9","1.0378344613689E-8"
"NR4A2+_Bn","CD8_ISG15+_T",0.569118449781659,"6","13","1.61570301840039E-9","1.0378344613689E-8"
"NR4A2+_Bn","LILRA4+_pDC",0.622317596566523,"6","13","1.61570301840039E-9","1.0378344613689E-8"
"NR4A2+_Bn","MAIT",0.653616116116116,"6","13","1.61570301840039E-9","1.0378344613689E-8"
"NR4A2+_Bn","Bmem",0.865384615384615,"7","13","1.6278881392003201E-11","3.0951579819995499E-10"
"NR4A2+_Bn","NK",0.636574074074074,"6","13","1.61570301840039E-9","1.0378344613689E-8"
"NR4A2+_Bn","Bn",0.842221853480461,"7","13","1.6278881392003201E-11","3.0951579819995499E-10"
"NR4A2+_Bn","CD4_Unassigned_T",0.712336168548338,"6","13","1.61570301840039E-9","1.0378344613689E-8"
"NR4A2+_Bn","CD8_Tcm/Tn",0.674641907709399,"7","13","1.6278881392003201E-11","3.0951579819995499E-10"
"NR4A2+_Bn","CD4_Tcm/Tn",0.718979697142014,"7","13","1.6278881392003201E-11","3.0951579819995499E-10"
"NR4A2+_Bn","CD4_Tem/Effector",0.724137931034482,"6","13","1.61570301840039E-9","1.0378344613689E-8"
"NR4A2+_Bn","CD8_Tem/Temra",0.694145792288207,"6","13","1.61570301840039E-9","1.0378344613689E-8"
"NR4A2+_Bn","CD8_Tem/Trm",0.686001229760196,"7","13","1.6278881392003201E-11","3.0951579819995499E-10"
"NR4A2+_Bn","CD8_Trm",0.648645463001898,"6","13","1.61570301840039E-9","1.0378344613689E-8"
"NR4A2+_Bn","CD4_Th17",0.58273381294964,"6","13","1.61570301840039E-9","1.0378344613689E-8"
"NR4A2+_Bn","CD4_Th1",0.623848545820376,"6","13","1.61570301840039E-9","1.0378344613689E-8"
"NR4A2+_Bn","CD8_Tex",0.554958795112247,"6","13","1.61570301840039E-9","1.0378344613689E-8"
"NR4A2+_Bn","CD4_Treg",0.573830508474576,"6","13","1.61570301840039E-9","1.0378344613689E-8"
"CD14+_Mono","CD16+_Mono",0.645725532158826,"7","13","1.6278881392003201E-11","3.0951579819995499E-10"
"CD14+_Mono","CD16+_NK",0.536805555555555,"6","13","1.61570301840039E-9","1.0378344613689E-8"
"CD14+_Mono","CXCL3+_Macro",0.752495433583075,"6","13","1.61570301840039E-9","1.0378344613689E-8"
"CD14+_Mono","IL6+_iCAF",0.605860321656752,"5","13","1.2037294519127301E-7","4.3863327046700898E-7"
"CD14+_Mono","CD8_ISG15+_T",0.534825870646766,"6","13","1.61570301840039E-9","1.0378344613689E-8"
"CD14+_Mono","MAIT",0.591088841953893,"7","13","1.6278881392003201E-11","3.0951579819995499E-10"
"CD14+_Mono","Macro",0.532862487100103,"6","13","1.61570301840039E-9","1.0378344613689E-8"
"CD14+_Mono","SPP1+_CXCL3+_Macro",0.508978717114986,"5","13","1.2037294519127301E-7","4.3863327046700898E-7"
"CD14+_Mono","SPP1+_MT1+_Macro",0.544117647058823,"6","13","1.61570301840039E-9","1.0378344613689E-8"
"CD14+_Mono","CD8_Trm",0.536589805825242,"7","13","1.6278881392003201E-11","3.0951579819995499E-10"
"CD14+_Mono","CD4_Th17",0.556756756756756,"7","13","1.6278881392003201E-11","3.0951579819995499E-10"
"CD14+_Mono","CD4_Th1",0.534368070953436,"7","13","1.6278881392003201E-11","3.0951579819995499E-10"
"CD14+_Mono","CD8_Tex",0.505916445303066,"7","13","1.6278881392003201E-11","3.0951579819995499E-10"
"CD14+_Mono","CD4_Treg",0.577956989247311,"6","13","1.61570301840039E-9","1.0378344613689E-8"
"CD14+_Mono","vCAF",0.515723742768135,"6","13","1.61570301840039E-9","1.0378344613689E-8"
"CD14+_EC","CD16+_Mono",0.544973544973545,"5","13","1.2037294519127301E-7","4.3863327046700898E-7"
"CD14+_EC","Capillary_EC",0.594059405940594,"5","13","1.2037294519127301E-7","4.3863327046700898E-7"
"CD14+_EC","Lymphatic_EC",0.504950495049505,"5","13","1.2037294519127301E-7","4.3863327046700898E-7"
"CD14+_EC","SPRY1+_EC",0.619352150440233,"6","13","1.61570301840039E-9","1.0378344613689E-8"
"CD14+_EC","TMEM100+_EC",0.56267409470752,"6","13","1.61570301840039E-9","1.0378344613689E-8"
"CD14+_EC","Venous_EC",0.611197882771486,"5","13","1.2037294519127301E-7","4.3863327046700898E-7"
"CD14+_EC","myoCAF",0.53030303030303,"6","13","1.61570301840039E-9","1.0378344613689E-8"
"CD16+_Mono","CD16+_NK",0.605,"7","13","1.6278881392003201E-11","3.0951579819995499E-10"
"CD16+_Mono","CD16-_NK",0.640804039619343,"7","13","1.6278881392003201E-11","3.0951579819995499E-10"
"CD16+_Mono","CXCL3+_Macro",0.608247422680412,"6","13","1.61570301840039E-9","1.0378344613689E-8"
"CD16+_Mono","Capillary_EC",0.504702194357366,"5","13","1.2037294519127301E-7","4.3863327046700898E-7"
"CD16+_Mono","FOLR2+_Macro",0.529331779331779,"5","13","1.2037294519127301E-7","4.3863327046700898E-7"
"CD16+_Mono","CD4_CXCL13+_T",0.585858585858585,"7","13","1.6278881392003201E-11","3.0951579819995499E-10"
"CD16+_Mono","CD4_Tfh",0.571428571428571,"7","13","1.6278881392003201E-11","3.0951579819995499E-10"
"CD16+_Mono","Bgc",0.510294492605813,"6","13","1.61570301840039E-9","1.0378344613689E-8"
"CD16+_Mono","IL6+_iCAF",0.614454645964524,"5","13","1.2037294519127301E-7","4.3863327046700898E-7"
"CD16+_Mono","ILC3",0.543682188065099,"5","13","1.2037294519127301E-7","4.3863327046700898E-7"
"CD16+_Mono","CD8_ISG15+_T",0.572480141152297,"6","13","1.61570301840039E-9","1.0378344613689E-8"
"CD16+_Mono","LILRA4+_pDC",0.555943691345151,"5","13","1.2037294519127301E-7","4.3863327046700898E-7"
"CD16+_Mono","MAIT",0.58675799086758,"7","13","1.6278881392003201E-11","3.0951579819995499E-10"
"CD16+_Mono","Macro",0.609640977110072,"6","13","1.61570301840039E-9","1.0378344613689E-8"
"CD16+_Mono","NK",0.579113924050632,"6","13","1.61570301840039E-9","1.0378344613689E-8"
"CD16+_Mono","Bn",0.507693652736492,"5","13","1.2037294519127301E-7","4.3863327046700898E-7"
"CD16+_Mono","CD4_Unassigned_T",0.573333333333333,"7","13","1.6278881392003201E-11","3.0951579819995499E-10"
"CD16+_Mono","CD4_Tcm/Tn",0.529750479846449,"6","13","1.61570301840039E-9","1.0378344613689E-8"
"CD16+_Mono","CD4_Tem/Effector",0.576754385964912,"7","13","1.6278881392003201E-11","3.0951579819995499E-10"
"CD16+_Mono","CD8_Tem/Temra",0.599606643356643,"7","13","1.6278881392003201E-11","3.0951579819995499E-10"
"CD16+_Mono","CD8_Tem/Trm",0.573581973581973,"6","13","1.61570301840039E-9","1.0378344613689E-8"
"CD16+_Mono","CD8_Trm",0.686699857752489,"7","13","1.6278881392003201E-11","3.0951579819995499E-10"
"CD16+_Mono","CD4_Th17",0.603849087036176,"6","13","1.61570301840039E-9","1.0378344613689E-8"
"CD16+_Mono","CD4_Th1",0.608247422680412,"6","13","1.61570301840039E-9","1.0378344613689E-8"
"CD16+_Mono","CD8_Tex",0.650913673597983,"7","13","1.6278881392003201E-11","3.0951579819995499E-10"
"CD16+_Mono","gd_T",0.574592169657422,"5","13","1.2037294519127301E-7","4.3863327046700898E-7"
"CD16+_Mono","CD4_Treg",0.563015873015873,"6","13","1.61570301840039E-9","1.0378344613689E-8"
"CD16+_Mono","vCAF",0.50818248095925,"6","13","1.61570301840039E-9","1.0378344613689E-8"
"CD16+_NK","CD16-_NK",0.909418810398802,"6","13","1.61570301840039E-9","1.0378344613689E-8"
"CD16+_NK","CXCL3+_Macro",0.554309365362765,"7","13","1.6278881392003201E-11","3.0951579819995499E-10"
"CD16+_NK","CD4_CXCL13+_T",0.741899157221737,"7","13","1.6278881392003201E-11","3.0951579819995499E-10"
"CD16+_NK","CD4_Tfh",0.637110016420361,"7","13","1.6278881392003201E-11","3.0951579819995499E-10"
"CD16+_NK","Bgc",0.684887459807074,"7","13","1.6278881392003201E-11","3.0951579819995499E-10"
"CD16+_NK","IL6+_iCAF",0.512959550590553,"5","13","1.2037294519127301E-7","4.3863327046700898E-7"
"CD16+_NK","ILC3",0.709394904458598,"5","13","1.2037294519127301E-7","4.3863327046700898E-7"
"CD16+_NK","CD8_ISG15+_T",0.772277227722772,"7","13","1.6278881392003201E-11","3.0951579819995499E-10"
"CD16+_NK","LAMP3+_cDC",0.622758820127241,"5","13","1.2037294519127301E-7","4.3863327046700898E-7"
"CD16+_NK","LILRA4+_pDC",0.666666666666666,"6","13","1.61570301840039E-9","1.0378344613689E-8"
"CD16+_NK","MAIT",0.849335136353391,"7","13","1.6278881392003201E-11","3.0951579819995499E-10"
"CD16+_NK","Macro",0.599358974358974,"7","13","1.6278881392003201E-11","3.0951579819995499E-10"
"CD16+_NK","Bmem",0.586304218657159,"6","13","1.61570301840039E-9","1.0378344613689E-8"
"CD16+_NK","NK",0.886965736488873,"7","13","1.6278881392003201E-11","3.0951579819995499E-10"
"CD16+_NK","Bn",0.617559210063954,"7","13","1.6278881392003201E-11","3.0951579819995499E-10"
"CD16+_NK","Plasma",0.546218487394957,"5","13","1.2037294519127301E-7","4.3863327046700898E-7"
"CD16+_NK","CD4_Unassigned_T",0.803030303030303,"7","13","1.6278881392003201E-11","3.0951579819995499E-10"
"CD16+_NK","CD8_Tcm/Tn",0.610447176936538,"6","13","1.61570301840039E-9","1.0378344613689E-8"
"CD16+_NK","CD4_Tcm/Tn",0.639646278555637,"7","13","1.6278881392003201E-11","3.0951579819995499E-10"
"CD16+_NK","CD4_Tem/Effector",0.792452830188679,"6","13","1.61570301840039E-9","1.0378344613689E-8"
"CD16+_NK","CD8_Tem/Temra",0.908712541620421,"7","13","1.6278881392003201E-11","3.0951579819995499E-10"
"CD16+_NK","CD8_Tem/Trm",0.843286099865047,"7","13","1.6278881392003201E-11","3.0951579819995499E-10"
"CD16+_NK","CD8_Trm",0.805031282586027,"7","13","1.6278881392003201E-11","3.0951579819995499E-10"
"CD16+_NK","CD4_Th17",0.866883116883116,"7","13","1.6278881392003201E-11","3.0951579819995499E-10"
"CD16+_NK","CD4_Th1",0.827377991488421,"7","13","1.6278881392003201E-11","3.0951579819995499E-10"
"CD16+_NK","CD8_Cycling_Tex",0.550714112805616,"6","13","1.61570301840039E-9","1.0378344613689E-8"
"CD16+_NK","CD8_Tex",0.84822614304686,"7","13","1.6278881392003201E-11","3.0951579819995499E-10"
"CD16+_NK","gd_T",0.67001092001092,"6","13","1.61570301840039E-9","1.0378344613689E-8"
"CD16+_NK","CD4_Treg",0.821120107962213,"6","13","1.61570301840039E-9","1.0378344613689E-8"
"CD16+_NK","vCAF",0.517857142857142,"5","13","1.2037294519127301E-7","4.3863327046700898E-7"
"CD16-_NK","CXCL3+_Macro",0.562476708519665,"7","13","1.6278881392003201E-11","3.0951579819995499E-10"
"CD16-_NK","CD4_CXCL13+_T",0.75,"6","13","1.61570301840039E-9","1.0378344613689E-8"
"CD16-_NK","CD4_Tfh",0.673376623376623,"6","13","1.61570301840039E-9","1.0378344613689E-8"
"CD16-_NK","Bgc",0.744444444444444,"5","13","1.2037294519127301E-7","4.3863327046700898E-7"
"CD16-_NK","ILC3",0.750564937290508,"6","13","1.61570301840039E-9","1.0378344613689E-8"
"CD16-_NK","CD8_ISG15+_T",0.747330686234619,"5","13","1.2037294519127301E-7","4.3863327046700898E-7"
"CD16-_NK","LILRA4+_pDC",0.720430107526881,"7","13","1.6278881392003201E-11","3.0951579819995499E-10"
"CD16-_NK","MAIT",0.879787077400845,"7","13","1.6278881392003201E-11","3.0951579819995499E-10"
"CD16-_NK","Macro",0.630508474576271,"7","13","1.6278881392003201E-11","3.0951579819995499E-10"
"CD16-_NK","Bmem",0.647417840375586,"5","13","1.2037294519127301E-7","4.3863327046700898E-7"
"CD16-_NK","NK",0.922874093605801,"6","13","1.61570301840039E-9","1.0378344613689E-8"
"CD16-_NK","Bn",0.636363636363636,"5","13","1.2037294519127301E-7","4.3863327046700898E-7"
"CD16-_NK","Plasma",0.556670382757339,"5","13","1.2037294519127301E-7","4.3863327046700898E-7"
"CD16-_NK","CD4_Unassigned_T",0.85176282051282,"6","13","1.61570301840039E-9","1.0378344613689E-8"
"CD16-_NK","CD8_Tcm/Tn",0.631578947368421,"6","13","1.61570301840039E-9","1.0378344613689E-8"
"CD16-_NK","CD4_Tcm/Tn",0.700735294117647,"7","13","1.6278881392003201E-11","3.0951579819995499E-10"
"CD16-_NK","CD4_Tem/Effector",0.808823529411764,"7","13","1.6278881392003201E-11","3.0951579819995499E-10"
"CD16-_NK","CD8_Tem/Temra",0.881967213114754,"7","13","1.6278881392003201E-11","3.0951579819995499E-10"
"CD16-_NK","CD8_Tem/Trm",0.808657786885245,"6","13","1.61570301840039E-9","1.0378344613689E-8"
"CD16-_NK","CD8_Trm",0.891210218662048,"6","13","1.61570301840039E-9","1.0378344613689E-8"
"CD16-_NK","CD4_Th17",0.784452296819788,"6","13","1.61570301840039E-9","1.0378344613689E-8"
"CD16-_NK","CD4_Th1",0.852460360852925,"5","13","1.2037294519127301E-7","4.3863327046700898E-7"
"CD16-_NK","CD8_Tex",0.787619047619047,"6","13","1.61570301840039E-9","1.0378344613689E-8"
"CD16-_NK","gd_T",0.687096774193548,"6","13","1.61570301840039E-9","1.0378344613689E-8"
"CD16-_NK","CD4_Treg",0.789285714285714,"6","13","1.61570301840039E-9","1.0378344613689E-8"
"CD16-_NK","vCAF",0.532994923857868,"6","13","1.61570301840039E-9","1.0378344613689E-8"
"CD1C+_cDC","CD14+_Mono",0.563253537930298,"5","13","1.2037294519127301E-7","4.3863327046700898E-7"
"CD1C+_cDC","CD16+_NK",0.500796268911386,"6","13","1.61570301840039E-9","1.0378344613689E-8"
"CD1C+_cDC","CLEC9A+_cDC",0.561710794297352,"6","13","1.61570301840039E-9","1.0378344613689E-8"
"CD1C+_cDC","CXCL3+_Macro",0.507042253521126,"6","13","1.61570301840039E-9","1.0378344613689E-8"
"CD1C+_cDC","FOLR2+_Macro",0.543554556567688,"5","13","1.2037294519127301E-7","4.3863327046700898E-7"
"CD1C+_cDC","LAMP3+_cDC",0.525501691093573,"6","13","1.61570301840039E-9","1.0378344613689E-8"
"CD1C+_cDC","MAIT",0.511363636363636,"6","13","1.61570301840039E-9","1.0378344613689E-8"
"CD1C+_cDC","Macro",0.542250554323725,"6","13","1.61570301840039E-9","1.0378344613689E-8"
"CD1C+_cDC","NK",0.545787545787545,"6","13","1.61570301840039E-9","1.0378344613689E-8"
"CD1C+_cDC","CD4_Tem/Effector",0.518112969766142,"6","13","1.61570301840039E-9","1.0378344613689E-8"
"CD1C+_cDC","CD8_Tem/Temra",0.536151580128654,"6","13","1.61570301840039E-9","1.0378344613689E-8"
"CD1C+_cDC","CD4_Th17",0.59725817275429,"5","13","1.2037294519127301E-7","4.3863327046700898E-7"
"CD1C+_cDC","CD8_Tex",0.518650347612505,"5","13","1.2037294519127301E-7","4.3863327046700898E-7"
"CD1C+_cDC","CD4_Treg",0.549193670502725,"5","13","1.2037294519127301E-7","4.3863327046700898E-7"
"CLEC9A+_cDC","MAIT",0.534136546184738,"5","13","1.2037294519127301E-7","4.3863327046700898E-7"
"CLEC9A+_cDC","CD8_Tem/Temra",0.508001658374792,"5","13","1.2037294519127301E-7","4.3863327046700898E-7"
"CLEC9A+_cDC","CD4_Th17",0.598837209302325,"5","13","1.2037294519127301E-7","4.3863327046700898E-7"
"CLEC9A+_cDC","CD4_Th1",0.536170212765957,"5","13","1.2037294519127301E-7","4.3863327046700898E-7"
"CLEC9A+_cDC","gd_T",0.558008109081231,"6","13","1.61570301840039E-9","1.0378344613689E-8"
"CXCL3+_Macro","FOLR2+_Macro",0.589859312149964,"6","13","1.61570301840039E-9","1.0378344613689E-8"
"CXCL3+_Macro","CD4_Tfh",0.558823529411764,"6","13","1.61570301840039E-9","1.0378344613689E-8"
"CXCL3+_Macro","IL6+_iCAF",0.551498899889989,"5","13","1.2037294519127301E-7","4.3863327046700898E-7"
"CXCL3+_Macro","ILC3",0.558502703710609,"5","13","1.2037294519127301E-7","4.3863327046700898E-7"
"CXCL3+_Macro","CD8_ISG15+_T",0.546875,"6","13","1.61570301840039E-9","1.0378344613689E-8"
"CXCL3+_Macro","MAIT",0.585470085470085,"7","13","1.6278881392003201E-11","3.0951579819995499E-10"
"CXCL3+_Macro","Macro",0.649938384396379,"6","13","1.61570301840039E-9","1.0378344613689E-8"
"CXCL3+_Macro","NK",0.530864197530864,"6","13","1.61570301840039E-9","1.0378344613689E-8"
"CXCL3+_Macro","CD4_Unassigned_T",0.567226890756302,"7","13","1.6278881392003201E-11","3.0951579819995499E-10"
"CXCL3+_Macro","CD4_Tem/Effector",0.544554455445544,"7","13","1.6278881392003201E-11","3.0951579819995499E-10"
"CXCL3+_Macro","CD8_Tem/Trm",0.556989247311828,"7","13","1.6278881392003201E-11","3.0951579819995499E-10"
"CXCL3+_Macro","CD8_Trm",0.536430361618331,"7","13","1.6278881392003201E-11","3.0951579819995499E-10"
"CXCL3+_Macro","CD4_Th1",0.564393876362426,"5","13","1.2037294519127301E-7","4.3863327046700898E-7"
"CXCL3+_Macro","apCAF",0.529711112558624,"5","13","1.2037294519127301E-7","4.3863327046700898E-7"
"CXCL3+_Macro","CD8_Tex",0.557048008171603,"6","13","1.61570301840039E-9","1.0378344613689E-8"
"CXCL3+_Macro","CD4_Treg",0.572293401665598,"7","13","1.6278881392003201E-11","3.0951579819995499E-10"
"CXCL3+_Macro","vCAF",0.534474671669793,"6","13","1.61570301840039E-9","1.0378344613689E-8"
"Capillary_EC","Fibrosis_PGF+_Tip_EC",0.543000744601638,"6","13","1.61570301840039E-9","1.0378344613689E-8"
"Capillary_EC","Mast",0.588891572084037,"6","13","1.61570301840039E-9","1.0378344613689E-8"
"Capillary_EC","PGF+_Tip_EC",0.551637582018707,"6","13","1.61570301840039E-9","1.0378344613689E-8"
"Capillary_EC","Pericyte",0.561500173882802,"7","13","1.6278881392003201E-11","3.0951579819995499E-10"
"Capillary_EC","SPRY1+_EC",0.74390243902439,"7","13","1.6278881392003201E-11","3.0951579819995499E-10"
"Capillary_EC","TMEM100+_EC",0.594820717131474,"6","13","1.61570301840039E-9","1.0378344613689E-8"
"Capillary_EC","Tip_EC",0.584740329317861,"6","13","1.61570301840039E-9","1.0378344613689E-8"
"Capillary_EC","Venous_EC",0.660546203276314,"6","13","1.61570301840039E-9","1.0378344613689E-8"
"Capillary_EC","Venous_iEC",0.565007595389152,"6","13","1.61570301840039E-9","1.0378344613689E-8"
"Capillary_EC","myoCAF",0.604889461327768,"6","13","1.61570301840039E-9","1.0378344613689E-8"
"Capillary_EC","vCAF",0.757139924935491,"6","13","1.61570301840039E-9","1.0378344613689E-8"
"Epi_ER-Stress","Epi_MHCII",0.608858076798735,"5","13","1.2037294519127301E-7","4.3863327046700898E-7"
"Epi_ER-Stress","Epi_Ciliated",0.580961416824794,"6","13","1.61570301840039E-9","1.0378344613689E-8"
"Epi_Hormonal","Epi_ER-Stress",0.533333333333333,"5","13","1.2037294519127301E-7","4.3863327046700898E-7"
"Epi_Hormonal","Epi_cEMT",0.581447963800905,"5","13","1.2037294519127301E-7","4.3863327046700898E-7"
"Epi_Xenobiotic","Epi_MHCII",0.504545454545454,"5","13","1.2037294519127301E-7","4.3863327046700898E-7"
"Epi_TNF","Epi_Glandular",0.506493506493506,"6","13","1.61570301840039E-9","1.0378344613689E-8"
"Epi_Glandular","Epi_Squamous",0.506691776404945,"6","13","1.61570301840039E-9","1.0378344613689E-8"
"FOLR2+_Macro","ISG15+_mCAF",0.534516765285996,"5","13","1.2037294519127301E-7","4.3863327046700898E-7"
"FOLR2+_Macro","Macro",0.627553977528861,"7","13","1.6278881392003201E-11","3.0951579819995499E-10"
"FOLR2+_Macro","NK",0.510055676752874,"6","13","1.61570301840039E-9","1.0378344613689E-8"
"FOLR2+_Macro","Plasma",0.517441860465116,"6","13","1.61570301840039E-9","1.0378344613689E-8"
"FOLR2+_Macro","TNFSF10+_Macro",0.564971751412429,"5","13","1.2037294519127301E-7","4.3863327046700898E-7"
"FOLR2+_Macro","CD8_Tem/Temra",0.507425249169435,"6","13","1.61570301840039E-9","1.0378344613689E-8"
"FOLR2+_Macro","CD8_Tex",0.526914965008148,"7","13","1.6278881392003201E-11","3.0951579819995499E-10"
"CD4_CXCL13+_T","CD4_Tfh",0.678507992895204,"6","13","1.61570301840039E-9","1.0378344613689E-8"
"CD4_CXCL13+_T","Bgc",0.735065415244596,"6","13","1.61570301840039E-9","1.0378344613689E-8"
"CD4_CXCL13+_T","ILC3",0.596782106782106,"5","13","1.2037294519127301E-7","4.3863327046700898E-7"
"CD4_CXCL13+_T","CD8_ISG15+_T",0.747888968738771,"6","13","1.61570301840039E-9","1.0378344613689E-8"
"CD4_CXCL13+_T","LAMP3+_cDC",0.664096474953617,"6","13","1.61570301840039E-9","1.0378344613689E-8"
"CD4_CXCL13+_T","LILRA4+_pDC",0.613461538461538,"5","13","1.2037294519127301E-7","4.3863327046700898E-7"
"CD4_CXCL13+_T","MAIT",0.757142857142857,"6","13","1.61570301840039E-9","1.0378344613689E-8"
"CD4_CXCL13+_T","Macro",0.57704964539007,"5","13","1.2037294519127301E-7","4.3863327046700898E-7"
"CD4_CXCL13+_T","Bmem",0.700470783716422,"7","13","1.6278881392003201E-11","3.0951579819995499E-10"
"CD4_CXCL13+_T","NK",0.748147262730098,"7","13","1.6278881392003201E-11","3.0951579819995499E-10"
"CD4_CXCL13+_T","Bn",0.69158083068944,"7","13","1.6278881392003201E-11","3.0951579819995499E-10"
"CD4_CXCL13+_T","CD4_Unassigned_T",0.851481780442804,"7","13","1.6278881392003201E-11","3.0951579819995499E-10"
"CD4_CXCL13+_T","CD8_Tcm/Tn",0.745454545454545,"6","13","1.61570301840039E-9","1.0378344613689E-8"
"CD4_CXCL13+_T","CD4_Tcm/Tn",0.85202356557377,"7","13","1.6278881392003201E-11","3.0951579819995499E-10"
"CD4_CXCL13+_T","CD4_Tem/Effector",0.822397575549646,"6","13","1.61570301840039E-9","1.0378344613689E-8"
"CD4_CXCL13+_T","CD8_Tem/Temra",0.855421686746987,"8","13","1.2308202828208E-13","6.5818114623842294E-11"
"CD4_CXCL13+_T","CD8_Tem/Trm",0.875710636895443,"7","13","1.6278881392003201E-11","3.0951579819995499E-10"
"CD4_CXCL13+_T","CD8_Trm",0.72573479685793,"7","13","1.6278881392003201E-11","3.0951579819995499E-10"
"CD4_CXCL13+_T","CD4_Th17",0.754368890351944,"7","13","1.6278881392003201E-11","3.0951579819995499E-10"
"CD4_CXCL13+_T","CD4_Th1",0.730028195488721,"7","13","1.6278881392003201E-11","3.0951579819995499E-10"
"CD4_CXCL13+_T","CD8_Cycling_Tex",0.567538286385838,"5","13","1.2037294519127301E-7","4.3863327046700898E-7"
"CD4_CXCL13+_T","CD4_Cycling_Treg",0.531353135313531,"5","13","1.2037294519127301E-7","4.3863327046700898E-7"
"CD4_CXCL13+_T","CD8_Tex",0.753030303030302,"7","13","1.6278881392003201E-11","3.0951579819995499E-10"
"CD4_CXCL13+_T","gd_T",0.620915032679738,"6","13","1.61570301840039E-9","1.0378344613689E-8"
"CD4_CXCL13+_T","CD4_Treg",0.866666666666666,"6","13","1.61570301840039E-9","1.0378344613689E-8"
"Fibrosis_PGF+_Tip_EC","Pericyte",0.601826894279724,"6","13","1.61570301840039E-9","1.0378344613689E-8"
"Fibrosis_PGF+_Tip_EC","Tip_EC",0.542863984674329,"6","13","1.61570301840039E-9","1.0378344613689E-8"
"Fibrosis_PGF+_Tip_EC","Venous_iEC",0.500613266697787,"5","13","1.2037294519127301E-7","4.3863327046700898E-7"
"Fibrosis_PGF+_Tip_EC","myoCAF",0.596153846153846,"6","13","1.61570301840039E-9","1.0378344613689E-8"
"CD4_Tfh","Bgc",0.720060606060606,"6","13","1.61570301840039E-9","1.0378344613689E-8"
"CD4_Tfh","IL6+_iCAF",0.525135614828887,"5","13","1.2037294519127301E-7","4.3863327046700898E-7"
"CD4_Tfh","ILC3",0.775477229926382,"6","13","1.61570301840039E-9","1.0378344613689E-8"
"CD4_Tfh","CD8_ISG15+_T",0.626373626373626,"6","13","1.61570301840039E-9","1.0378344613689E-8"
"CD4_Tfh","LAMP3+_cDC",0.515222482435597,"5","13","1.2037294519127301E-7","4.3863327046700898E-7"
"CD4_Tfh","LILRA4+_pDC",0.625282339654604,"6","13","1.61570301840039E-9","1.0378344613689E-8"
"CD4_Tfh","MAIT",0.765822784810126,"7","13","1.6278881392003201E-11","3.0951579819995499E-10"
"CD4_Tfh","Macro",0.520791621746496,"5","13","1.2037294519127301E-7","4.3863327046700898E-7"
"CD4_Tfh","Bmem",0.72976637463496,"6","13","1.61570301840039E-9","1.0378344613689E-8"
"CD4_Tfh","NK",0.706614411441144,"7","13","1.6278881392003201E-11","3.0951579819995499E-10"
"CD4_Tfh","Bn",0.743733605362868,"6","13","1.61570301840039E-9","1.0378344613689E-8"
"CD4_Tfh","CD4_Unassigned_T",0.721569814366424,"6","13","1.61570301840039E-9","1.0378344613689E-8"
"CD4_Tfh","CD8_Tcm/Tn",0.663077613279497,"6","13","1.61570301840039E-9","1.0378344613689E-8"
"CD4_Tfh","CD4_Tcm/Tn",0.756185722928009,"7","13","1.6278881392003201E-11","3.0951579819995499E-10"
"CD4_Tfh","CD4_Tem/Effector",0.852231896075179,"6","13","1.61570301840039E-9","1.0378344613689E-8"
"CD4_Tfh","CD8_Tem/Temra",0.616666666666666,"7","13","1.6278881392003201E-11","3.0951579819995499E-10"
"CD4_Tfh","CD8_Tem/Trm",0.730232558139534,"6","13","1.61570301840039E-9","1.0378344613689E-8"
"CD4_Tfh","CD8_Trm",0.720238095238095,"6","13","1.61570301840039E-9","1.0378344613689E-8"
"CD4_Tfh","CD4_Th17",0.757102272727272,"6","13","1.61570301840039E-9","1.0378344613689E-8"
"CD4_Tfh","CD4_Th1",0.730516917293233,"6","13","1.61570301840039E-9","1.0378344613689E-8"
"CD4_Tfh","CD8_Tex",0.62,"6","13","1.61570301840039E-9","1.0378344613689E-8"
"CD4_Tfh","gd_T",0.541052971576227,"7","13","1.6278881392003201E-11","3.0951579819995499E-10"
"CD4_Tfh","CD4_Treg",0.640151515151515,"5","13","1.2037294519127301E-7","4.3863327046700898E-7"
"Bgc","ILC3",0.725843787335722,"6","13","1.61570301840039E-9","1.0378344613689E-8"
"Bgc","CD8_ISG15+_T",0.626812725893534,"6","13","1.61570301840039E-9","1.0378344613689E-8"
"Bgc","LILRA4+_pDC",0.653173640590256,"6","13","1.61570301840039E-9","1.0378344613689E-8"
"Bgc","MAIT",0.775231491903411,"7","13","1.6278881392003201E-11","3.0951579819995499E-10"
"Bgc","Macro",0.569892473118279,"5","13","1.2037294519127301E-7","4.3863327046700898E-7"
"Bgc","Bmem",0.814302107429737,"7","13","1.6278881392003201E-11","3.0951579819995499E-10"
"Bgc","NK",0.755960639227172,"7","13","1.6278881392003201E-11","3.0951579819995499E-10"
"Bgc","Bn",0.835051546391752,"7","13","1.6278881392003201E-11","3.0951579819995499E-10"
"Bgc","CD4_Unassigned_T",0.771428571428571,"6","13","1.61570301840039E-9","1.0378344613689E-8"
"Bgc","CD8_Tcm/Tn",0.669977511244377,"6","13","1.61570301840039E-9","1.0378344613689E-8"
"Bgc","CD4_Tcm/Tn",0.73104170301867,"6","13","1.61570301840039E-9","1.0378344613689E-8"
"Bgc","CD4_Tem/Effector",0.693333333333333,"6","13","1.61570301840039E-9","1.0378344613689E-8"
"Bgc","CD8_Tem/Temra",0.725111111111111,"6","13","1.61570301840039E-9","1.0378344613689E-8"
"Bgc","CD8_Tem/Trm",0.726027397260274,"6","13","1.61570301840039E-9","1.0378344613689E-8"
"Bgc","CD8_Trm",0.687474747474747,"6","13","1.61570301840039E-9","1.0378344613689E-8"
"Bgc","CD4_Th17",0.656741469695576,"6","13","1.61570301840039E-9","1.0378344613689E-8"
"Bgc","CD4_Th1",0.667400881057268,"6","13","1.61570301840039E-9","1.0378344613689E-8"
"Bgc","CD8_Tex",0.636238387655487,"6","13","1.61570301840039E-9","1.0378344613689E-8"
"Bgc","gd_T",0.58845288569698,"5","13","1.2037294519127301E-7","4.3863327046700898E-7"
"Bgc","CD4_Treg",0.689855072463768,"6","13","1.61570301840039E-9","1.0378344613689E-8"
"HMGB2+_cycEC","PGF+_Tip_EC",0.527600452917954,"6","13","1.61570301840039E-9","1.0378344613689E-8"
"HMGB2+_cycEC","Pericyte",0.569107445148869,"7","13","1.6278881392003201E-11","3.0951579819995499E-10"
"HMGB2+_cycEC","cyc_mCAF",0.588461538461538,"7","13","1.6278881392003201E-11","3.0951579819995499E-10"
"HMOX1+_iEC","tCAF",0.571596244131455,"6","13","1.61570301840039E-9","1.0378344613689E-8"
"HSP+_tCAF","IL6+_iCAF",0.653222565580699,"6","13","1.61570301840039E-9","1.0378344613689E-8"
"HSP+_tCAF","Mast",0.520694691389382,"5","13","1.2037294519127301E-7","4.3863327046700898E-7"
"HSP+_tCAF","PI16+_iCAF",0.571242624088858,"6","13","1.61570301840039E-9","1.0378344613689E-8"
"HSP+_tCAF","CD4_Th1",0.501063744380218,"5","13","1.2037294519127301E-7","4.3863327046700898E-7"
"HSP+_tCAF","Venous_iEC",0.533856961115105,"6","13","1.61570301840039E-9","1.0378344613689E-8"
"HSP+_tCAF","apCAF",0.656960525526426,"5","13","1.2037294519127301E-7","4.3863327046700898E-7"
"HSP+_tCAF","iCAF",0.517917097107438,"5","13","1.2037294519127301E-7","4.3863327046700898E-7"
"HSP+_tCAF","myoCAF",0.537700634565136,"5","13","1.2037294519127301E-7","4.3863327046700898E-7"
"HSPA6+_Macro","SPP1+_CXCL3+_Macro",0.66923521986114,"5","13","1.2037294519127301E-7","4.3863327046700898E-7"
"HSPA6+_Macro","SPP1+_MT1+_Macro",0.565362418349168,"6","13","1.61570301840039E-9","1.0378344613689E-8"
"HSPA6+_Macro","SPP1+_Macro",0.505494505494505,"5","13","1.2037294519127301E-7","4.3863327046700898E-7"
"IL6+_iCAF","PI16+_iCAF",0.552968351741716,"7","13","1.6278881392003201E-11","3.0951579819995499E-10"
"IL6+_iCAF","CD4_Th1",0.504,"6","13","1.61570301840039E-9","1.0378344613689E-8"
"IL6+_iCAF","Venous_EC",0.527160665590739,"5","13","1.2037294519127301E-7","4.3863327046700898E-7"
"IL6+_iCAF","Venous_iEC",0.579570954133381,"6","13","1.61570301840039E-9","1.0378344613689E-8"
"IL6+_iCAF","apCAF",0.576576576576576,"6","13","1.61570301840039E-9","1.0378344613689E-8"
"IL6+_iCAF","iCAF",0.597546681755719,"5","13","1.2037294519127301E-7","4.3863327046700898E-7"
"IL6+_iCAF","vCAF",0.612473530590053,"5","13","1.2037294519127301E-7","4.3863327046700898E-7"
"ILC3","CD8_ISG15+_T",0.560220296135789,"5","13","1.2037294519127301E-7","4.3863327046700898E-7"
"ILC3","LILRA4+_pDC",0.642114427860696,"6","13","1.61570301840039E-9","1.0378344613689E-8"
"ILC3","MAIT",0.774291871921182,"6","13","1.61570301840039E-9","1.0378344613689E-8"
"ILC3","Macro",0.50198267892765,"6","13","1.61570301840039E-9","1.0378344613689E-8"
"ILC3","Bmem",0.78659793814433,"6","13","1.61570301840039E-9","1.0378344613689E-8"
"ILC3","NK",0.778804347826087,"6","13","1.61570301840039E-9","1.0378344613689E-8"
"ILC3","Bn",0.767932489451476,"5","13","1.2037294519127301E-7","4.3863327046700898E-7"
"ILC3","CD4_Unassigned_T",0.628033280226588,"6","13","1.61570301840039E-9","1.0378344613689E-8"
"ILC3","CD8_Tcm/Tn",0.660130718954248,"6","13","1.61570301840039E-9","1.0378344613689E-8"
"ILC3","CD4_Tcm/Tn",0.681746712845189,"6","13","1.61570301840039E-9","1.0378344613689E-8"
"ILC3","CD4_Tem/Effector",0.684374556185005,"6","13","1.61570301840039E-9","1.0378344613689E-8"
"ILC3","CD8_Tem/Temra",0.694281309297912,"6","13","1.61570301840039E-9","1.0378344613689E-8"
"ILC3","CD8_Tem/Trm",0.659876543209876,"6","13","1.61570301840039E-9","1.0378344613689E-8"
"ILC3","CD8_Trm",0.670854327622886,"6","13","1.61570301840039E-9","1.0378344613689E-8"
"ILC3","CD4_Th17",0.677241962774957,"6","13","1.61570301840039E-9","1.0378344613689E-8"
"ILC3","CD4_Th1",0.73570569616663,"6","13","1.61570301840039E-9","1.0378344613689E-8"
"ILC3","CD8_Tex",0.593118712273641,"5","13","1.2037294519127301E-7","4.3863327046700898E-7"
"ILC3","gd_T",0.546067415730337,"5","13","1.2037294519127301E-7","4.3863327046700898E-7"
"ILC3","CD4_Treg",0.610705596107056,"6","13","1.61570301840039E-9","1.0378344613689E-8"
"ILC3","vCAF",0.525696665143901,"6","13","1.61570301840039E-9","1.0378344613689E-8"
"CD8_ISG15+_T","ISG15+_mCAF",0.505084745762711,"6","13","1.61570301840039E-9","1.0378344613689E-8"
"CD8_ISG15+_T","LAMP3+_cDC",0.628571428571428,"5","13","1.2037294519127301E-7","4.3863327046700898E-7"
"CD8_ISG15+_T","LILRA4+_pDC",0.617021276595744,"5","13","1.2037294519127301E-7","4.3863327046700898E-7"
"CD8_ISG15+_T","MAIT",0.748737012677533,"6","13","1.61570301840039E-9","1.0378344613689E-8"
"CD8_ISG15+_T","Bmem",0.639420993325821,"6","13","1.61570301840039E-9","1.0378344613689E-8"
"CD8_ISG15+_T","NK",0.797101449275362,"7","13","1.6278881392003201E-11","3.0951579819995499E-10"
"CD8_ISG15+_T","Bn",0.616676309699137,"6","13","1.61570301840039E-9","1.0378344613689E-8"
"CD8_ISG15+_T","CD4_Unassigned_T",0.732597436797752,"6","13","1.61570301840039E-9","1.0378344613689E-8"
"CD8_ISG15+_T","TNFSF10+_Macro",0.522212148685403,"6","13","1.61570301840039E-9","1.0378344613689E-8"
"CD8_ISG15+_T","CD8_Tcm/Tn",0.602272727272727,"5","13","1.2037294519127301E-7","4.3863327046700898E-7"
"CD8_ISG15+_T","CD4_Tcm/Tn",0.666879005860561,"7","13","1.6278881392003201E-11","3.0951579819995499E-10"
"CD8_ISG15+_T","CD4_Tem/Effector",0.767444854518925,"5","13","1.2037294519127301E-7","4.3863327046700898E-7"
"CD8_ISG15+_T","CD8_Tem/Temra",0.848271882582706,"7","13","1.6278881392003201E-11","3.0951579819995499E-10"
"CD8_ISG15+_T","CD8_Tem/Trm",0.823834652594547,"7","13","1.6278881392003201E-11","3.0951579819995499E-10"
"CD8_ISG15+_T","CD8_Trm",0.726394749179559,"6","13","1.61570301840039E-9","1.0378344613689E-8"
"CD8_ISG15+_T","CD4_Th17",0.7050983436853,"7","13","1.6278881392003201E-11","3.0951579819995499E-10"
"CD8_ISG15+_T","CD4_Th1",0.766947731755424,"6","13","1.61570301840039E-9","1.0378344613689E-8"
"CD8_ISG15+_T","CD4_Cycling_Treg",0.523622047244094,"5","13","1.2037294519127301E-7","4.3863327046700898E-7"
"CD8_ISG15+_T","CD8_Tex",0.838888888888888,"7","13","1.6278881392003201E-11","3.0951579819995499E-10"
"CD8_ISG15+_T","gd_T",0.576260944629424,"5","13","1.2037294519127301E-7","4.3863327046700898E-7"
"CD8_ISG15+_T","CD4_Treg",0.846861471861471,"5","13","1.2037294519127301E-7","4.3863327046700898E-7"
"ISG15+_mCAF","Macro",0.623762376237623,"6","13","1.61570301840039E-9","1.0378344613689E-8"
"ISG15+_mCAF","SPP1+_CXCL3+_Macro",0.505386308351673,"6","13","1.61570301840039E-9","1.0378344613689E-8"
"ISG15+_mCAF","SPP1+_MT1+_Macro",0.550251578284587,"7","13","1.6278881392003201E-11","3.0951579819995499E-10"
"ISG15+_mCAF","TNFSF10+_Macro",0.528539972899729,"6","13","1.61570301840039E-9","1.0378344613689E-8"
"ISG15+_mCAF","apCAF",0.523622047244094,"6","13","1.61570301840039E-9","1.0378344613689E-8"
"LAMP3+_cDC","LILRA4+_pDC",0.531185930593435,"5","13","1.2037294519127301E-7","4.3863327046700898E-7"
"LAMP3+_cDC","MAIT",0.648002947509009,"6","13","1.61570301840039E-9","1.0378344613689E-8"
"LAMP3+_cDC","Macro",0.556270096463022,"5","13","1.2037294519127301E-7","4.3863327046700898E-7"
"LAMP3+_cDC","CD4_Unassigned_T",0.61038961038961,"5","13","1.2037294519127301E-7","4.3863327046700898E-7"
"LAMP3+_cDC","SPP1+_Macro",0.504587155963302,"6","13","1.61570301840039E-9","1.0378344613689E-8"
"LAMP3+_cDC","TNFSF10+_Macro",0.551794977552865,"6","13","1.61570301840039E-9","1.0378344613689E-8"
"LAMP3+_cDC","CD4_Tcm/Tn",0.592712842712842,"5","13","1.2037294519127301E-7","4.3863327046700898E-7"
"LAMP3+_cDC","CD4_Tem/Effector",0.616613418530351,"6","13","1.61570301840039E-9","1.0378344613689E-8"
"LAMP3+_cDC","CD8_Tem/Temra",0.640937773261172,"5","13","1.2037294519127301E-7","4.3863327046700898E-7"
"LAMP3+_cDC","CD8_Trm",0.602999652070182,"5","13","1.2037294519127301E-7","4.3863327046700898E-7"
"LAMP3+_cDC","CD4_Th17",0.61038961038961,"5","13","1.2037294519127301E-7","4.3863327046700898E-7"
"LAMP3+_cDC","CD4_Th1",0.609375,"6","13","1.61570301840039E-9","1.0378344613689E-8"
"LAMP3+_cDC","CD8_Tex",0.625514403292181,"6","13","1.61570301840039E-9","1.0378344613689E-8"
"LAMP3+_cDC","gd_T",0.567566756675667,"5","13","1.2037294519127301E-7","4.3863327046700898E-7"
"LAMP3+_cDC","CD4_Treg",0.648109243697478,"6","13","1.61570301840039E-9","1.0378344613689E-8"
"LILRA4+_pDC","MAIT",0.693952041770071,"7","13","1.6278881392003201E-11","3.0951579819995499E-10"
"LILRA4+_pDC","Macro",0.51069768089312,"6","13","1.61570301840039E-9","1.0378344613689E-8"
"LILRA4+_pDC","Bmem",0.63719689420362,"5","13","1.2037294519127301E-7","4.3863327046700898E-7"
"LILRA4+_pDC","NK",0.739393939393939,"5","13","1.2037294519127301E-7","4.3863327046700898E-7"
"LILRA4+_pDC","Bn",0.63519313304721,"5","13","1.2037294519127301E-7","4.3863327046700898E-7"
"LILRA4+_pDC","CD4_Unassigned_T",0.730538922155688,"5","13","1.2037294519127301E-7","4.3863327046700898E-7"
"LILRA4+_pDC","CD8_Tcm/Tn",0.667127907982357,"6","13","1.61570301840039E-9","1.0378344613689E-8"
"LILRA4+_pDC","CD4_Tcm/Tn",0.653668091168091,"6","13","1.61570301840039E-9","1.0378344613689E-8"
"LILRA4+_pDC","CD4_Tem/Effector",0.656070490553249,"7","13","1.6278881392003201E-11","3.0951579819995499E-10"
"LILRA4+_pDC","CD8_Tem/Temra",0.696969696969697,"6","13","1.61570301840039E-9","1.0378344613689E-8"
"LILRA4+_pDC","CD8_Tem/Trm",0.686318972033257,"7","13","1.6278881392003201E-11","3.0951579819995499E-10"
"LILRA4+_pDC","CD8_Trm",0.640026954177897,"6","13","1.61570301840039E-9","1.0378344613689E-8"
"LILRA4+_pDC","CD4_Th17",0.690590718759732,"6","13","1.61570301840039E-9","1.0378344613689E-8"
"LILRA4+_pDC","CD4_Th1",0.671328671328671,"7","13","1.6278881392003201E-11","3.0951579819995499E-10"
"LILRA4+_pDC","CD8_Tex",0.610842726784755,"6","13","1.61570301840039E-9","1.0378344613689E-8"
"LILRA4+_pDC","gd_T",0.592312691641114,"5","13","1.2037294519127301E-7","4.3863327046700898E-7"
"LILRA4+_pDC","CD4_Treg",0.686667740549828,"7","13","1.6278881392003201E-11","3.0951579819995499E-10"
"Lymphatic_EC","Venous_iEC",0.633676168560952,"6","13","1.61570301840039E-9","1.0378344613689E-8"
"Lymphatic_EC","myoCAF",0.533505154639175,"5","13","1.2037294519127301E-7","4.3863327046700898E-7"
"MAIT","Macro",0.55,"7","13","1.6278881392003201E-11","3.0951579819995499E-10"
"MAIT","Bmem",0.732051282051282,"6","13","1.61570301840039E-9","1.0378344613689E-8"
"MAIT","NK",0.952580243497509,"7","13","1.6278881392003201E-11","3.0951579819995499E-10"
"MAIT","Bn",0.751904761904761,"6","13","1.61570301840039E-9","1.0378344613689E-8"
"MAIT","CD4_Unassigned_T",0.912013862148633,"7","13","1.6278881392003201E-11","3.0951579819995499E-10"
"MAIT","CD8_Tcm/Tn",0.571428571428571,"6","13","1.61570301840039E-9","1.0378344613689E-8"
"MAIT","CD4_Tcm/Tn",0.726652225907624,"7","13","1.6278881392003201E-11","3.0951579819995499E-10"
"MAIT","CD4_Tem/Effector",0.919540229885057,"7","13","1.6278881392003201E-11","3.0951579819995499E-10"
"MAIT","CD8_Tem/Temra",0.885245901639344,"7","13","1.6278881392003201E-11","3.0951579819995499E-10"
"MAIT","CD8_Tem/Trm",0.9075,"7","13","1.6278881392003201E-11","3.0951579819995499E-10"
"MAIT","CD8_Trm",0.836065573770491,"7","13","1.6278881392003201E-11","3.0951579819995499E-10"
"MAIT","CD4_Th17",0.919316770186335,"7","13","1.6278881392003201E-11","3.0951579819995499E-10"
"MAIT","CD4_Th1",0.858571428571428,"7","13","1.6278881392003201E-11","3.0951579819995499E-10"
"MAIT","CD8_Cycling_Tex",0.559097809585773,"5","13","1.2037294519127301E-7","4.3863327046700898E-7"
"MAIT","CD4_Cycling_Treg",0.54,"5","13","1.2037294519127301E-7","4.3863327046700898E-7"
"MAIT","CD8_Tex",0.814285714285714,"7","13","1.6278881392003201E-11","3.0951579819995499E-10"
"MAIT","gd_T",0.647912811858238,"6","13","1.61570301840039E-9","1.0378344613689E-8"
"MAIT","CD4_Treg",0.89996802287305,"7","13","1.6278881392003201E-11","3.0951579819995499E-10"
"Macro","NK",0.581460674157303,"7","13","1.6278881392003201E-11","3.0951579819995499E-10"
"Macro","CD4_Unassigned_T",0.597701149425287,"6","13","1.61570301840039E-9","1.0378344613689E-8"
"Macro","SPP1+_MT1+_Macro",0.586430210277876,"6","13","1.61570301840039E-9","1.0378344613689E-8"
"Macro","SPP1+_cycMacro",0.608333333333333,"6","13","1.61570301840039E-9","1.0378344613689E-8"
"Macro","TNFSF10+_Macro",0.638791946308724,"6","13","1.61570301840039E-9","1.0378344613689E-8"
"Macro","CD4_Tem/Effector",0.518412604594024,"6","13","1.61570301840039E-9","1.0378344613689E-8"
"Macro","CD8_Tem/Temra",0.627737226277372,"6","13","1.61570301840039E-9","1.0378344613689E-8"
"Macro","CD8_Tem/Trm",0.627737226277372,"7","13","1.6278881392003201E-11","3.0951579819995499E-10"
"Macro","CD8_Trm",0.627469107269421,"7","13","1.6278881392003201E-11","3.0951579819995499E-10"
"Macro","CD4_Th17",0.651594280632913,"7","13","1.6278881392003201E-11","3.0951579819995499E-10"
"Macro","CD4_Th1",0.663557213930348,"7","13","1.6278881392003201E-11","3.0951579819995499E-10"
"Macro","apCAF",0.510770913067249,"5","13","1.2037294519127301E-7","4.3863327046700898E-7"
"Macro","CD8_Cycling_Tex",0.502432115983952,"6","13","1.61570301840039E-9","1.0378344613689E-8"
"Macro","CD8_Tex",0.662878787878787,"7","13","1.6278881392003201E-11","3.0951579819995499E-10"
"Macro","gd_T",0.625730994152046,"6","13","1.61570301840039E-9","1.0378344613689E-8"
"Macro","CD4_Treg",0.675505659880659,"7","13","1.6278881392003201E-11","3.0951579819995499E-10"
"Macro","tCAF",0.502626320296888,"5","13","1.2037294519127301E-7","4.3863327046700898E-7"
"Mast","SPRY1+_EC",0.563287514318442,"5","13","1.2037294519127301E-7","4.3863327046700898E-7"
"Mast","TMEM100+_EC",0.517320261437908,"5","13","1.2037294519127301E-7","4.3863327046700898E-7"
"Mast","Venous_EC",0.554727740986019,"5","13","1.2037294519127301E-7","4.3863327046700898E-7"
"Mast","pnCAF",0.508745835316516,"6","13","1.61570301840039E-9","1.0378344613689E-8"
"Mast","vCAF",0.57030303030303,"6","13","1.61570301840039E-9","1.0378344613689E-8"
"Bmem","NK",0.719527363184079,"6","13","1.61570301840039E-9","1.0378344613689E-8"
"Bmem","Bn",0.852266749010727,"8","13","1.2308202828208E-13","6.5818114623842294E-11"
"Bmem","CD4_Unassigned_T",0.680462839341344,"6","13","1.61570301840039E-9","1.0378344613689E-8"
"Bmem","CD8_Tcm/Tn",0.783098591549295,"7","13","1.6278881392003201E-11","3.0951579819995499E-10"
"Bmem","CD4_Tcm/Tn",0.850801098649576,"7","13","1.6278881392003201E-11","3.0951579819995499E-10"
"Bmem","CD4_Tem/Effector",0.710169491525423,"5","13","1.2037294519127301E-7","4.3863327046700898E-7"
"Bmem","CD8_Tem/Temra",0.727272727272727,"6","13","1.61570301840039E-9","1.0378344613689E-8"
"Bmem","CD8_Tem/Trm",0.749394155381325,"6","13","1.61570301840039E-9","1.0378344613689E-8"
"Bmem","CD8_Trm",0.656792600994677,"6","13","1.61570301840039E-9","1.0378344613689E-8"
"Bmem","CD4_Th17",0.577739362612535,"6","13","1.61570301840039E-9","1.0378344613689E-8"
"Bmem","CD4_Th1",0.680336134453781,"6","13","1.61570301840039E-9","1.0378344613689E-8"
"Bmem","CD8_Tex",0.555871630578877,"6","13","1.61570301840039E-9","1.0378344613689E-8"
"Bmem","CD4_Treg",0.698198198198198,"5","13","1.2037294519127301E-7","4.3863327046700898E-7"
"NK","Bn",0.680701754385964,"7","13","1.6278881392003201E-11","3.0951579819995499E-10"
"NK","Plasma",0.512429064890204,"5","13","1.2037294519127301E-7","4.3863327046700898E-7"
"NK","CD4_Unassigned_T",0.857566276026851,"7","13","1.6278881392003201E-11","3.0951579819995499E-10"
"NK","CD8_Tcm/Tn",0.623579898830748,"6","13","1.61570301840039E-9","1.0378344613689E-8"
"NK","CD4_Tcm/Tn",0.781873262623809,"7","13","1.6278881392003201E-11","3.0951579819995499E-10"
"NK","CD4_Tem/Effector",0.914003066652861,"6","13","1.61570301840039E-9","1.0378344613689E-8"
"NK","CD8_Tem/Temra",0.914109742441209,"7","13","1.6278881392003201E-11","3.0951579819995499E-10"
"NK","CD8_Tem/Trm",0.882608695652173,"7","13","1.6278881392003201E-11","3.0951579819995499E-10"
"NK","CD8_Trm",0.870035211267605,"7","13","1.6278881392003201E-11","3.0951579819995499E-10"
"NK","CD4_Th17",0.84712123460454,"6","13","1.61570301840039E-9","1.0378344613689E-8"
"NK","CD4_Th1",0.861104225352112,"6","13","1.61570301840039E-9","1.0378344613689E-8"
"NK","CD8_Cycling_Tex",0.539673016634859,"5","13","1.2037294519127301E-7","4.3863327046700898E-7"
"NK","CD8_Tex",0.833028455284552,"8","13","1.2308202828208E-13","6.5818114623842294E-11"
"NK","gd_T",0.644986777376517,"6","13","1.61570301840039E-9","1.0378344613689E-8"
"NK","CD4_Treg",0.876712328767123,"6","13","1.61570301840039E-9","1.0378344613689E-8"
"NK","vCAF",0.503529257412752,"5","13","1.2037294519127301E-7","4.3863327046700898E-7"
"Bn","Plasma",0.516301652892561,"5","13","1.2037294519127301E-7","4.3863327046700898E-7"
"Bn","CD4_Unassigned_T",0.695889982809814,"6","13","1.61570301840039E-9","1.0378344613689E-8"
"Bn","CD8_Tcm/Tn",0.740510690239004,"6","13","1.61570301840039E-9","1.0378344613689E-8"
"Bn","CD4_Tcm/Tn",0.757433356117566,"7","13","1.6278881392003201E-11","3.0951579819995499E-10"
"Bn","CD4_Tem/Effector",0.714655810510732,"5","13","1.2037294519127301E-7","4.3863327046700898E-7"
"Bn","CD8_Tem/Temra",0.689700120381232,"7","13","1.6278881392003201E-11","3.0951579819995499E-10"
"Bn","CD8_Tem/Trm",0.70680710088761,"7","13","1.6278881392003201E-11","3.0951579819995499E-10"
"Bn","CD8_Trm",0.662100456621004,"6","13","1.61570301840039E-9","1.0378344613689E-8"
"Bn","CD4_Th17",0.613922463513716,"6","13","1.61570301840039E-9","1.0378344613689E-8"
"Bn","CD4_Th1",0.680115635997989,"6","13","1.61570301840039E-9","1.0378344613689E-8"
"Bn","CD8_Tex",0.598514851485148,"6","13","1.61570301840039E-9","1.0378344613689E-8"
"Bn","CD4_Treg",0.710247349823321,"5","13","1.2037294519127301E-7","4.3863327046700898E-7"
"PGF+_Tip_EC","Pericyte",0.677303056392595,"7","13","1.6278881392003201E-11","3.0951579819995499E-10"
"PGF+_Tip_EC","Tip_EC",0.683953900709219,"5","13","1.2037294519127301E-7","4.3863327046700898E-7"
"PGF+_Tip_EC","myoCAF",0.604326244247891,"5","13","1.2037294519127301E-7","4.3863327046700898E-7"
"PI16+_iCAF","SMC",0.601291637655273,"7","13","1.6278881392003201E-11","3.0951579819995499E-10"
"PI16+_iCAF","Venous_iEC",0.502277660405753,"6","13","1.61570301840039E-9","1.0378344613689E-8"
"PI16+_iCAF","apCAF",0.523114355231143,"6","13","1.61570301840039E-9","1.0378344613689E-8"
"PI16+_iCAF","iCAF",0.807692307692307,"7","13","1.6278881392003201E-11","3.0951579819995499E-10"
"PI16+_iCAF","mCAF",0.571208791208791,"5","13","1.2037294519127301E-7","4.3863327046700898E-7"
"Pericyte","Tip_EC",0.652173913043478,"6","13","1.61570301840039E-9","1.0378344613689E-8"
"Pericyte","myoCAF",0.717592592592592,"7","13","1.6278881392003201E-11","3.0951579819995499E-10"
"Pericyte","vCAF",0.628838034926117,"7","13","1.6278881392003201E-11","3.0951579819995499E-10"
"Plasma","CD8_Tem/Trm",0.50640243902439,"6","13","1.61570301840039E-9","1.0378344613689E-8"
"Plasma","CD8_Tex",0.541666666666666,"6","13","1.61570301840039E-9","1.0378344613689E-8"
"CD4_Unassigned_T","CD8_Tcm/Tn",0.636871508379888,"6","13","1.61570301840039E-9","1.0378344613689E-8"
"CD4_Unassigned_T","CD4_Tcm/Tn",0.764172335600907,"7","13","1.6278881392003201E-11","3.0951579819995499E-10"
"CD4_Unassigned_T","CD4_Tem/Effector",0.926380368098159,"6","13","1.61570301840039E-9","1.0378344613689E-8"
"CD4_Unassigned_T","CD8_Tem/Temra",0.842381334556294,"7","13","1.6278881392003201E-11","3.0951579819995499E-10"
"CD4_Unassigned_T","CD8_Tem/Trm",0.93345015576324,"7","13","1.6278881392003201E-11","3.0951579819995499E-10"
"CD4_Unassigned_T","CD8_Trm",0.801497648742588,"7","13","1.6278881392003201E-11","3.0951579819995499E-10"
"CD4_Unassigned_T","CD4_Th17",0.79326923076923,"7","13","1.6278881392003201E-11","3.0951579819995499E-10"
"CD4_Unassigned_T","CD4_Th1",0.804428044280442,"7","13","1.6278881392003201E-11","3.0951579819995499E-10"
"CD4_Unassigned_T","CD8_Tex",0.798684210526315,"7","13","1.6278881392003201E-11","3.0951579819995499E-10"
"CD4_Unassigned_T","gd_T",0.626931956808856,"6","13","1.61570301840039E-9","1.0378344613689E-8"
"CD4_Unassigned_T","CD4_Treg",0.820757464225912,"6","13","1.61570301840039E-9","1.0378344613689E-8"
"SMC","Venous_EC",0.542511445389143,"6","13","1.61570301840039E-9","1.0378344613689E-8"
"SMC","Venous_iEC",0.503820417055711,"6","13","1.61570301840039E-9","1.0378344613689E-8"
"SMC","iCAF",0.631161362850224,"6","13","1.61570301840039E-9","1.0378344613689E-8"
"SPP1+_CXCL3+_Macro","SPP1+_MT1+_Macro",0.679775280898876,"7","13","1.6278881392003201E-11","3.0951579819995499E-10"
"SPP1+_CXCL3+_Macro","SPP1+_Macro",0.615384615384615,"5","13","1.2037294519127301E-7","4.3863327046700898E-7"
"SPP1+_CXCL3+_Macro","TNFSF10+_Macro",0.529597083049157,"5","13","1.2037294519127301E-7","4.3863327046700898E-7"
"SPP1+_MT1+_Macro","SPP1+_Macro",0.574144486692015,"7","13","1.6278881392003201E-11","3.0951579819995499E-10"
"SPP1+_MT1+_Macro","TNFSF10+_Macro",0.648,"7","13","1.6278881392003201E-11","3.0951579819995499E-10"
"SPP1+_MT1+_Macro","tCAF",0.535055350553505,"5","13","1.2037294519127301E-7","4.3863327046700898E-7"
"SPP1+_Macro","TNFSF10+_Macro",0.65808612085119,"5","13","1.2037294519127301E-7","4.3863327046700898E-7"
"SPP1+_cycMacro","CD8_Cycling_Tex",0.531208149509557,"6","13","1.61570301840039E-9","1.0378344613689E-8"
"SPP1+_cycMacro","CD4_Cycling_Treg",0.53483477988079,"6","13","1.61570301840039E-9","1.0378344613689E-8"
"SPRY1+_EC","TMEM100+_EC",0.581699346405228,"7","13","1.6278881392003201E-11","3.0951579819995499E-10"
"SPRY1+_EC","Venous_EC",0.64786079944829,"5","13","1.2037294519127301E-7","4.3863327046700898E-7"
"SPRY1+_EC","Venous_iEC",0.54215148595568,"5","13","1.2037294519127301E-7","4.3863327046700898E-7"
"SPRY1+_EC","vCAF",0.571428571428571,"6","13","1.61570301840039E-9","1.0378344613689E-8"
"TNFSF10+_Macro","CD4_Th1",0.50221238938053,"7","13","1.6278881392003201E-11","3.0951579819995499E-10"
"TNFSF10+_Macro","CD8_Tex",0.506426735218509,"6","13","1.61570301840039E-9","1.0378344613689E-8"
"CD8_Tcm/Tn","CD4_Tcm/Tn",0.896548027444253,"7","13","1.6278881392003201E-11","3.0951579819995499E-10"
"CD8_Tcm/Tn","CD4_Tem/Effector",0.640517955155513,"6","13","1.61570301840039E-9","1.0378344613689E-8"
"CD8_Tcm/Tn","CD8_Tem/Temra",0.656743002544529,"7","13","1.6278881392003201E-11","3.0951579819995499E-10"
"CD8_Tcm/Tn","CD8_Tem/Trm",0.680847076461769,"7","13","1.6278881392003201E-11","3.0951579819995499E-10"
"CD8_Tcm/Tn","CD8_Trm",0.570294272597275,"6","13","1.61570301840039E-9","1.0378344613689E-8"
"CD8_Tcm/Tn","CD4_Th17",0.66025641025641,"6","13","1.61570301840039E-9","1.0378344613689E-8"
"CD8_Tcm/Tn","CD4_Th1",0.571867759757618,"5","13","1.2037294519127301E-7","4.3863327046700898E-7"
"CD8_Tcm/Tn","CD8_Tex",0.543380240718519,"5","13","1.2037294519127301E-7","4.3863327046700898E-7"
"CD8_Tcm/Tn","CD4_Treg",0.596736596736596,"6","13","1.61570301840039E-9","1.0378344613689E-8"
"CD4_Tcm/Tn","CD4_Tem/Effector",0.827586206896551,"7","13","1.6278881392003201E-11","3.0951579819995499E-10"
"CD4_Tcm/Tn","CD8_Tem/Temra",0.763888888888888,"7","13","1.6278881392003201E-11","3.0951579819995499E-10"
"CD4_Tcm/Tn","CD8_Tem/Trm",0.73972602739726,"8","13","1.2308202828208E-13","6.5818114623842294E-11"
"CD4_Tcm/Tn","CD8_Trm",0.630331753554502,"7","13","1.6278881392003201E-11","3.0951579819995499E-10"
"CD4_Tcm/Tn","CD4_Th17",0.636925206150457,"7","13","1.6278881392003201E-11","3.0951579819995499E-10"
"CD4_Tcm/Tn","CD4_Th1",0.666666666666666,"7","13","1.6278881392003201E-11","3.0951579819995499E-10"
"CD4_Tcm/Tn","CD8_Tex",0.557692307692307,"7","13","1.6278881392003201E-11","3.0951579819995499E-10"
"CD4_Tcm/Tn","gd_T",0.523467373874429,"6","13","1.61570301840039E-9","1.0378344613689E-8"
"CD4_Tcm/Tn","CD4_Treg",0.656173743289409,"7","13","1.6278881392003201E-11","3.0951579819995499E-10"
"CD4_Tem/Effector","CD8_Tem/Temra",0.854368932038834,"7","13","1.6278881392003201E-11","3.0951579819995499E-10"
"CD4_Tem/Effector","CD8_Tem/Trm",0.839506172839506,"7","13","1.6278881392003201E-11","3.0951579819995499E-10"
"CD4_Tem/Effector","CD8_Trm",0.738317757009345,"6","13","1.61570301840039E-9","1.0378344613689E-8"
"CD4_Tem/Effector","CD4_Th17",0.826089272397997,"6","13","1.61570301840039E-9","1.0378344613689E-8"
"CD4_Tem/Effector","CD4_Th1",0.795830411407199,"7","13","1.6278881392003201E-11","3.0951579819995499E-10"
"CD4_Tem/Effector","CD4_Cycling_Treg",0.546099290780141,"5","13","1.2037294519127301E-7","4.3863327046700898E-7"
"CD4_Tem/Effector","CD8_Tex",0.816964285714285,"6","13","1.61570301840039E-9","1.0378344613689E-8"
"CD4_Tem/Effector","gd_T",0.629788882556717,"6","13","1.61570301840039E-9","1.0378344613689E-8"
"CD4_Tem/Effector","CD4_Treg",0.819811835287701,"7","13","1.6278881392003201E-11","3.0951579819995499E-10"
"CD8_Tem/Temra","CD8_Tem/Trm",0.93742985409652,"7","13","1.6278881392003201E-11","3.0951579819995499E-10"
"CD8_Tem/Temra","CD8_Trm",0.865384615384615,"7","13","1.6278881392003201E-11","3.0951579819995499E-10"
"CD8_Tem/Temra","CD4_Th17",0.847328244274809,"7","13","1.6278881392003201E-11","3.0951579819995499E-10"
"CD8_Tem/Temra","CD4_Th1",0.8282681465821,"7","13","1.6278881392003201E-11","3.0951579819995499E-10"
"CD8_Tem/Temra","CD8_Cycling_Tex",0.543624161073825,"6","13","1.61570301840039E-9","1.0378344613689E-8"
"CD8_Tem/Temra","CD8_Tex",0.857843137254901,"7","13","1.6278881392003201E-11","3.0951579819995499E-10"
"CD8_Tem/Temra","gd_T",0.669099756690997,"7","13","1.6278881392003201E-11","3.0951579819995499E-10"
"CD8_Tem/Temra","CD4_Treg",0.893364699816312,"7","13","1.6278881392003201E-11","3.0951579819995499E-10"
"CD8_Tem/Trm","CD8_Trm",0.792817878705956,"7","13","1.6278881392003201E-11","3.0951579819995499E-10"
"CD8_Tem/Trm","CD4_Th17",0.743243243243243,"7","13","1.6278881392003201E-11","3.0951579819995499E-10"
"CD8_Tem/Trm","CD4_Th1",0.868104339527609,"7","13","1.6278881392003201E-11","3.0951579819995499E-10"
"CD8_Tem/Trm","CD8_Tex",0.808022774327122,"7","13","1.6278881392003201E-11","3.0951579819995499E-10"
"CD8_Tem/Trm","gd_T",0.631901840490797,"5","13","1.2037294519127301E-7","4.3863327046700898E-7"
"CD8_Tem/Trm","CD4_Treg",0.922842261904762,"7","13","1.6278881392003201E-11","3.0951579819995499E-10"
"Tip_EC","myoCAF",0.598608590441621,"6","13","1.61570301840039E-9","1.0378344613689E-8"
"CD8_Trm","CD4_Th17",0.911195989496299,"7","13","1.6278881392003201E-11","3.0951579819995499E-10"
"CD8_Trm","CD4_Th1",0.842460317460317,"7","13","1.6278881392003201E-11","3.0951579819995499E-10"
"CD8_Trm","CD8_Cycling_Tex",0.515388181958683,"5","13","1.2037294519127301E-7","4.3863327046700898E-7"
"CD8_Trm","CD4_Cycling_Treg",0.529629629629629,"5","13","1.2037294519127301E-7","4.3863327046700898E-7"
"CD8_Trm","CD8_Tex",0.905770782889427,"7","13","1.6278881392003201E-11","3.0951579819995499E-10"
"CD8_Trm","gd_T",0.691626804039412,"6","13","1.61570301840039E-9","1.0378344613689E-8"
"CD8_Trm","CD4_Treg",0.768115942028985,"5","13","1.2037294519127301E-7","4.3863327046700898E-7"
"CD8_Trm","vCAF",0.522077922077922,"5","13","1.2037294519127301E-7","4.3863327046700898E-7"
"CD4_Th17","CD8_Tex",0.819672131147541,"7","13","1.6278881392003201E-11","3.0951579819995499E-10"
"CD4_Th17","gd_T",0.697335663965252,"6","13","1.61570301840039E-9","1.0378344613689E-8"
"CD4_Th17","CD4_Treg",0.850908119658119,"6","13","1.61570301840039E-9","1.0378344613689E-8"
"CD4_Th1","CD4_Th17",0.86217094017094,"7","13","1.6278881392003201E-11","3.0951579819995499E-10"
"CD4_Th1","CD8_Tex",0.754194630872483,"7","13","1.6278881392003201E-11","3.0951579819995499E-10"
"CD4_Th1","gd_T",0.632258064516129,"6","13","1.61570301840039E-9","1.0378344613689E-8"
"CD4_Th1","CD4_Treg",0.826897827643829,"6","13","1.61570301840039E-9","1.0378344613689E-8"
"CD4_Th1","vCAF",0.529715762273901,"5","13","1.2037294519127301E-7","4.3863327046700898E-7"
"Venous_EC","Venous_iEC",0.786446886446886,"6","13","1.61570301840039E-9","1.0378344613689E-8"
"Venous_EC","apCAF",0.571969696969697,"5","13","1.2037294519127301E-7","4.3863327046700898E-7"
"Venous_EC","iCAF",0.533333333333333,"5","13","1.2037294519127301E-7","4.3863327046700898E-7"
"Venous_EC","myoCAF",0.555549258738722,"6","13","1.61570301840039E-9","1.0378344613689E-8"
"Venous_EC","pnCAF",0.514116575591985,"5","13","1.2037294519127301E-7","4.3863327046700898E-7"
"Venous_EC","vCAF",0.674581430745814,"7","13","1.6278881392003201E-11","3.0951579819995499E-10"
"Venous_iEC","apCAF",0.537878787878787,"5","13","1.2037294519127301E-7","4.3863327046700898E-7"
"Venous_iEC","iCAF",0.538270637408568,"5","13","1.2037294519127301E-7","4.3863327046700898E-7"
"Venous_iEC","myoCAF",0.535849056603773,"7","13","1.6278881392003201E-11","3.0951579819995499E-10"
"Venous_iEC","vCAF",0.608308605341246,"6","13","1.61570301840039E-9","1.0378344613689E-8"
"apCAF","mCAF",0.596442168003628,"7","13","1.6278881392003201E-11","3.0951579819995499E-10"
"apCAF","myoCAF",0.682593543653705,"7","13","1.6278881392003201E-11","3.0951579819995499E-10"
"apCAF","vCAF",0.587962962962962,"7","13","1.6278881392003201E-11","3.0951579819995499E-10"
"CD8_Cycling_Tex","CD4_Cycling_Treg",0.821561338289962,"6","13","1.61570301840039E-9","1.0378344613689E-8"
"CD8_Cycling_Tex","CD8_Tex",0.602788074769303,"5","13","1.2037294519127301E-7","4.3863327046700898E-7"
"CD8_Cycling_Tex","gd_T",0.672018348623853,"7","13","1.6278881392003201E-11","3.0951579819995499E-10"
"CD8_Cycling_Tex","tCAF",0.50299181725196,"5","13","1.2037294519127301E-7","4.3863327046700898E-7"
"CD4_Cycling_Treg","gd_T",0.662211679395201,"5","13","1.2037294519127301E-7","4.3863327046700898E-7"
"CD8_Tex","gd_T",0.751175548589341,"6","13","1.61570301840039E-9","1.0378344613689E-8"
"CD8_Tex","CD4_Treg",0.862721255964291,"6","13","1.61570301840039E-9","1.0378344613689E-8"
"gd_T","CD4_Treg",0.655092592592592,"6","13","1.61570301840039E-9","1.0378344613689E-8"
"myoCAF","vCAF",0.714416118421052,"7","13","1.6278881392003201E-11","3.0951579819995499E-10"
