"cancer_type","sample_id","Malignancy","n"
"BRCA","1142243F","Normal",4231
"BRCA","1142243F","Malignant",269
"BRCA","1142243F","Boundary",255
"BRCA","1160920F","Malignant",2069
"BRCA","1160920F","Boundary",985
"BRCA","1160920F","Normal",1836
"BRCA","CID4290","Normal",1971
"BRCA","CID4290","Boundary",247
"BRCA","CID4290","Malignant",214
"BRCA","CID4465","Normal",637
"BRCA","CID4465","Malignant",239
"BRCA","CID4465","Boundary",335
"BRCA","CID44971","Normal",758
"BRCA","CID44971","Malignant",221
"BRCA","CID44971","Boundary",183
"BRCA","CID4535","Malignant",365
"BRCA","CID4535","Normal",620
"BRCA","CID4535","Boundary",142
"COCA","Colon_10x_Visium_SampleP2_CRC","Malignant",1995
"COCA","Colon_10x_Visium_SampleP2_CRC","Normal",1793
"COCA","Colon_10x_Visium_SampleP2_CRC","Boundary",481
"LUCA","CytAssist_11mm_FFPE_Human_Lung_Cancer_230214","Normal",2130
"LUCA","CytAssist_11mm_FFPE_Human_Lung_Cancer_230214","Malignant",3272
"LUCA","CytAssist_11mm_FFPE_Human_Lung_Cancer_230214","Boundary",789
"OVCA","CytAssist_11mm_FFPE_Human_Ovarian_Carcinoma_220715","Normal",3728
"OVCA","CytAssist_11mm_FFPE_Human_Ovarian_Carcinoma_220715","Boundary",159
"OVCA","CytAssist_11mm_FFPE_Human_Ovarian_Carcinoma_220715","Malignant",780
"LUCA","CytAssist_FFPE_Human_Lung_Squamous_Cell_Carcinoma_220714","Malignant",1720
"LUCA","CytAssist_FFPE_Human_Lung_Squamous_Cell_Carcinoma_220714","Normal",1237
"LUCA","CytAssist_FFPE_Human_Lung_Squamous_Cell_Carcinoma_220714","Boundary",859
"BRCA","CytAssist_Fresh_Frozen_Human_Breast_Cancer_230107","Malignant",648
"BRCA","CytAssist_Fresh_Frozen_Human_Breast_Cancer_230107","Normal",616
"BRCA","CytAssist_Fresh_Frozen_Human_Breast_Cancer_230107","Boundary",378
"LUCA","E_MTAB_13530_P10_T1","Malignant",755
"LUCA","E_MTAB_13530_P10_T1","Boundary",490
"LUCA","E_MTAB_13530_P10_T1","Normal",923
"LUCA","E_MTAB_13530_P10_T2","Malignant",343
"LUCA","E_MTAB_13530_P10_T2","Boundary",340
"LUCA","E_MTAB_13530_P10_T2","Normal",1272
"LUCA","E_MTAB_13530_P10_T3","Normal",2249
"LUCA","E_MTAB_13530_P10_T3","Boundary",122
"LUCA","E_MTAB_13530_P10_T3","Malignant",203
"LUCA","E_MTAB_13530_P10_T4","Normal",1620
"LUCA","E_MTAB_13530_P10_T4","Boundary",368
"LUCA","E_MTAB_13530_P10_T4","Malignant",404
"LUCA","E_MTAB_13530_P11_T1","Normal",644
"LUCA","E_MTAB_13530_P11_T1","Boundary",192
"LUCA","E_MTAB_13530_P11_T1","Malignant",233
"LUCA","E_MTAB_13530_P11_T2","Normal",822
"LUCA","E_MTAB_13530_P11_T2","Boundary",187
"LUCA","E_MTAB_13530_P11_T2","Malignant",108
"LUCA","E_MTAB_13530_P11_T3","Normal",1227
"LUCA","E_MTAB_13530_P11_T3","Malignant",96
"LUCA","E_MTAB_13530_P11_T3","Boundary",141
"LUCA","E_MTAB_13530_P11_T4","Normal",1104
"LUCA","E_MTAB_13530_P11_T4","Malignant",142
"LUCA","E_MTAB_13530_P11_T4","Boundary",165
"LUCA","E_MTAB_13530_P15_T1","Normal",1332
"LUCA","E_MTAB_13530_P15_T1","Boundary",747
"LUCA","E_MTAB_13530_P15_T1","Malignant",524
"LUCA","E_MTAB_13530_P15_T2","Boundary",849
"LUCA","E_MTAB_13530_P15_T2","Normal",1698
"LUCA","E_MTAB_13530_P15_T2","Malignant",562
"LUCA","E_MTAB_13530_P16_T1","Normal",1650
"LUCA","E_MTAB_13530_P16_T1","Malignant",308
"LUCA","E_MTAB_13530_P16_T1","Boundary",269
"LUCA","E_MTAB_13530_P16_T2","Normal",1692
"LUCA","E_MTAB_13530_P16_T2","Boundary",264
"LUCA","E_MTAB_13530_P16_T2","Malignant",194
"LUCA","E_MTAB_13530_P17_T1","Malignant",847
"LUCA","E_MTAB_13530_P17_T1","Boundary",803
"LUCA","E_MTAB_13530_P17_T1","Normal",999
"LUCA","E_MTAB_13530_P17_T2","Normal",1173
"LUCA","E_MTAB_13530_P17_T2","Malignant",869
"LUCA","E_MTAB_13530_P17_T2","Boundary",904
"LUCA","E_MTAB_13530_P19_T1","Normal",1108
"LUCA","E_MTAB_13530_P19_T1","Boundary",717
"LUCA","E_MTAB_13530_P19_T1","Malignant",665
"LUCA","E_MTAB_13530_P19_T2","Normal",641
"LUCA","E_MTAB_13530_P19_T2","Malignant",1013
"LUCA","E_MTAB_13530_P19_T2","Boundary",695
"LUCA","E_MTAB_13530_P24_T1","Normal",3053
"LUCA","E_MTAB_13530_P24_T1","Boundary",74
"LUCA","E_MTAB_13530_P24_T1","Malignant",123
"LUCA","E_MTAB_13530_P24_T2","Malignant",479
"LUCA","E_MTAB_13530_P24_T2","Normal",2245
"LUCA","E_MTAB_13530_P24_T2","Boundary",427
"LUCA","E_MTAB_13530_P25_T1","Normal",694
"LUCA","E_MTAB_13530_P25_T1","Boundary",226
"LUCA","E_MTAB_13530_P25_T1","Malignant",261
"LUCA","E_MTAB_13530_P25_T2","Normal",922
"LUCA","E_MTAB_13530_P25_T2","Malignant",242
"LUCA","E_MTAB_13530_P25_T2","Boundary",138
"SKCA","GSE144239_GSM4565823","Normal",584
"SKCA","GSE144239_GSM4565823","Malignant",62
"SKCA","GSE144239_GSM4565823","Boundary",55
"SKCA","GSE144239_GSM4565824","Normal",604
"SKCA","GSE144239_GSM4565824","Malignant",30
"SKCA","GSE144239_GSM4565824","Boundary",18
"SKCA","GSE144239_GSM4565825","Malignant",762
"SKCA","GSE144239_GSM4565825","Normal",1529
"SKCA","GSE144239_GSM4565825","Boundary",354
"SKCA","GSE144239_GSM4565826","Normal",2207
"SKCA","GSE144239_GSM4565826","Malignant",62
"SKCA","GSE144239_GSM4565826","Boundary",59
"STCA","GSE251950_20_00331_LI_SING","Boundary",528
"STCA","GSE251950_20_00331_LI_SING","Malignant",1408
"STCA","GSE251950_20_00331_LI_SING","Normal",694
"STCA","GSE251950_21_00731_LI_SING","Normal",3758
"STCA","GSE251950_21_00731_LI_SING","Boundary",214
"STCA","GSE251950_21_00731_LI_SING","Malignant",276
"STCA","GSE251950_21_00732_LI_SING","Normal",2033
"STCA","GSE251950_21_00732_LI_SING","Malignant",787
"STCA","GSE251950_21_00732_LI_SING","Boundary",217
"STCA","GSE251950_21_00733_LI_SING","Normal",3731
"STCA","GSE251950_21_00733_LI_SING","Malignant",157
"STCA","GSE251950_21_00733_LI_SING","Boundary",354
"STCA","GSE251950_21_00734_LI_SING","Malignant",734
"STCA","GSE251950_21_00734_LI_SING","Normal",2502
"STCA","GSE251950_21_00734_LI_SING","Boundary",337
"STCA","GSE251950_21_01251_LI_SING","Normal",1534
"STCA","GSE251950_21_01251_LI_SING","Malignant",452
"STCA","GSE251950_21_01251_LI_SING","Boundary",416
"STCA","GSE251950_21_01253_LI_SING","Normal",1277
"STCA","GSE251950_21_01253_LI_SING","Malignant",406
"STCA","GSE251950_21_01253_LI_SING","Boundary",181
"STCA","GSE251950_21_01254_LI_SING","Boundary",438
"STCA","GSE251950_21_01254_LI_SING","Normal",2104
"STCA","GSE251950_21_01254_LI_SING","Malignant",441
"STCA","GSE251950_21_01675_LI_SING","Normal",2814
"STCA","GSE251950_21_01675_LI_SING","Malignant",278
"STCA","GSE251950_21_01675_LI_SING","Boundary",396
"HNCA","GSM5494475_HNSCC201125T04","Malignant",137
"HNCA","GSM5494475_HNSCC201125T04","Normal",907
"HNCA","GSM5494475_HNSCC201125T04","Boundary",84
"HNCA","GSM5494476_HNSCC201125T05","Normal",1035
"HNCA","GSM5494476_HNSCC201125T05","Malignant",496
"HNCA","GSM5494476_HNSCC201125T05","Boundary",164
"HNCA","GSM5494477_HNSCC201125T07","Normal",1078
"HNCA","GSM5494477_HNSCC201125T07","Boundary",49
"HNCA","GSM5494477_HNSCC201125T07","Malignant",61
"HNCA","GSM5494478_HNSCC201125T10","Normal",1277
"HNCA","GSM5494478_HNSCC201125T10","Malignant",111
"HNCA","GSM5494478_HNSCC201125T10","Boundary",132
"HNCA","GSM5494479_P210325T1","Normal",1713
"HNCA","GSM5494479_P210325T1","Boundary",31
"HNCA","GSM5494479_P210325T1","Malignant",27
"HNCA","GSM5494480_P210325T3","Normal",1614
"HNCA","GSM5494480_P210325T3","Malignant",68
"HNCA","GSM5494480_P210325T3","Boundary",66
"HNCA","GSM5494481_P210325T5","Normal",1240
"HNCA","GSM5494481_P210325T5","Malignant",99
"HNCA","GSM5494481_P210325T5","Boundary",89
"HNCA","GSM5494482_P210325T6","Normal",761
"HNCA","GSM5494482_P210325T6","Boundary",71
"HNCA","GSM5494482_P210325T6","Malignant",53
"KICA","GSM5924030_ffpe_c_2","Normal",3312
"KICA","GSM5924030_ffpe_c_2","Boundary",452
"KICA","GSM5924030_ffpe_c_2","Malignant",685
"KICA","GSM5924031_ffpe_c_3","Malignant",1083
"KICA","GSM5924031_ffpe_c_3","Normal",3228
"KICA","GSM5924031_ffpe_c_3","Boundary",443
"KICA","GSM5924032_ffpe_c_4","Malignant",1770
"KICA","GSM5924032_ffpe_c_4","Normal",1707
"KICA","GSM5924032_ffpe_c_4","Boundary",352
"KICA","GSM5924033_ffpe_c_7","Boundary",622
"KICA","GSM5924033_ffpe_c_7","Normal",2141
"KICA","GSM5924033_ffpe_c_7","Malignant",2176
"KICA","GSM5924034_ffpe_c_10","Normal",4416
"KICA","GSM5924034_ffpe_c_10","Malignant",206
"KICA","GSM5924034_ffpe_c_10","Boundary",112
"KICA","GSM5924035_ffpe_c_20","Normal",3388
"KICA","GSM5924035_ffpe_c_20","Boundary",549
"KICA","GSM5924035_ffpe_c_20","Malignant",863
"KICA","GSM5924036_ffpe_c_21","Normal",3954
"KICA","GSM5924036_ffpe_c_21","Malignant",609
"KICA","GSM5924036_ffpe_c_21","Boundary",318
"KICA","GSM5924037_ffpe_c_34","Normal",2037
"KICA","GSM5924037_ffpe_c_34","Malignant",1078
"KICA","GSM5924037_ffpe_c_34","Boundary",303
"KICA","GSM5924038_ffpe_c_36","Normal",2650
"KICA","GSM5924038_ffpe_c_36","Malignant",290
"KICA","GSM5924038_ffpe_c_36","Boundary",265
"KICA","GSM5924039_ffpe_c_39","Boundary",937
"KICA","GSM5924039_ffpe_c_39","Normal",1093
"KICA","GSM5924039_ffpe_c_39","Malignant",2901
"KICA","GSM5924040_ffpe_c_45","Malignant",1305
"KICA","GSM5924040_ffpe_c_45","Normal",2628
"KICA","GSM5924040_ffpe_c_45","Boundary",607
"KICA","GSM5924041_ffpe_c_51","Normal",3172
"KICA","GSM5924041_ffpe_c_51","Malignant",903
"KICA","GSM5924041_ffpe_c_51","Boundary",249
"KICA","GSM5924042_frozen_a_1","Boundary",162
"KICA","GSM5924042_frozen_a_1","Normal",1082
"KICA","GSM5924042_frozen_a_1","Malignant",206
"KICA","GSM5924043_frozen_a_3","Malignant",945
"KICA","GSM5924043_frozen_a_3","Normal",332
"KICA","GSM5924043_frozen_a_3","Boundary",162
"KICA","GSM5924044_frozen_a_15","Malignant",764
"KICA","GSM5924044_frozen_a_15","Normal",839
"KICA","GSM5924044_frozen_a_15","Boundary",371
"KICA","GSM5924045_frozen_a_17","Normal",1603
"KICA","GSM5924045_frozen_a_17","Boundary",56
"KICA","GSM5924045_frozen_a_17","Malignant",33
"KICA","GSM5924046_frozen_b_1","Malignant",186
"KICA","GSM5924046_frozen_b_1","Normal",1648
"KICA","GSM5924046_frozen_b_1","Boundary",112
"KICA","GSM5924048_frozen_b_13","Normal",1251
"KICA","GSM5924048_frozen_b_13","Boundary",116
"KICA","GSM5924048_frozen_b_13","Malignant",177
"KICA","GSM5924049_frozen_b_18","Normal",658
"KICA","GSM5924049_frozen_b_18","Boundary",236
"KICA","GSM5924049_frozen_b_18","Malignant",292
"KICA","GSM5924050_frozen_c_2","Malignant",125
"KICA","GSM5924050_frozen_c_2","Boundary",96
"KICA","GSM5924050_frozen_c_2","Normal",939
"KICA","GSM5924051_frozen_c_5","Normal",1420
"KICA","GSM5924051_frozen_c_5","Malignant",210
"KICA","GSM5924051_frozen_c_5","Boundary",357
"KICA","GSM5924052_frozen_c_23","Normal",1527
"KICA","GSM5924052_frozen_c_23","Boundary",335
"KICA","GSM5924052_frozen_c_23","Malignant",664
"KICA","GSM5924053_frozen_c_57","Normal",990
"KICA","GSM5924053_frozen_c_57","Malignant",29
"KICA","GSM5924053_frozen_c_57","Boundary",58
"HNCA","GSM6030901_patient_1","Boundary",240
"HNCA","GSM6030901_patient_1","Malignant",185
"HNCA","GSM6030901_patient_1","Normal",903
"HNCA","GSM6030902_patient_2","Boundary",126
"HNCA","GSM6030902_patient_2","Normal",883
"HNCA","GSM6030902_patient_2","Malignant",79
"BRCA","GSM6177599_NYU_BRCA0_Vis","Normal",1642
"BRCA","GSM6177599_NYU_BRCA0_Vis","Malignant",290
"BRCA","GSM6177599_NYU_BRCA0_Vis","Boundary",345
"BRCA","GSM6177603_NYU_BRCA2_Vis","Normal",1874
"BRCA","GSM6177603_NYU_BRCA2_Vis","Boundary",205
"BRCA","GSM6177603_NYU_BRCA2_Vis","Malignant",250
"STCA","GSM6177607_NYU_GIST1_Vis","Normal",1683
"STCA","GSM6177607_NYU_GIST1_Vis","Malignant",232
"STCA","GSM6177607_NYU_GIST1_Vis","Boundary",406
"STCA","GSM6177609_NYU_GIST2_Vis","Normal",2464
"STCA","GSM6177609_NYU_GIST2_Vis","Boundary",15
"STCA","GSM6177609_NYU_GIST2_Vis","Malignant",11
"LICA","GSM6177612_NYU_LIHC1_Vis","Boundary",276
"LICA","GSM6177612_NYU_LIHC1_Vis","Normal",1054
"LICA","GSM6177612_NYU_LIHC1_Vis","Malignant",305
"OVCA","GSM6177614_NYU_OVCA1_Vis","Malignant",358
"OVCA","GSM6177614_NYU_OVCA1_Vis","Boundary",577
"OVCA","GSM6177614_NYU_OVCA1_Vis","Normal",825
"OVCA","GSM6177617_NYU_OVCA3_Vis","Boundary",162
"OVCA","GSM6177617_NYU_OVCA3_Vis","Normal",858
"OVCA","GSM6177617_NYU_OVCA3_Vis","Malignant",184
"PDAC","GSM6177618_NYU_PDAC1_Vis","Boundary",483
"PDAC","GSM6177618_NYU_PDAC1_Vis","Malignant",231
"PDAC","GSM6177618_NYU_PDAC1_Vis","Normal",894
"UCEC","GSM6177623_NYU_UCEC3_Vis","Normal",730
"UCEC","GSM6177623_NYU_UCEC3_Vis","Malignant",359
"UCEC","GSM6177623_NYU_UCEC3_Vis","Boundary",217
"HNCA","GSM6339631_s1","Normal",999
"HNCA","GSM6339631_s1","Boundary",37
"HNCA","GSM6339631_s1","Malignant",37
"HNCA","GSM6339632_s2","Boundary",228
"HNCA","GSM6339632_s2","Normal",1118
"HNCA","GSM6339632_s2","Malignant",382
"HNCA","GSM6339633_s3","Normal",458
"HNCA","GSM6339633_s3","Boundary",101
"HNCA","GSM6339633_s3","Malignant",398
"HNCA","GSM6339634_s4","Malignant",61
"HNCA","GSM6339634_s4","Normal",1792
"HNCA","GSM6339634_s4","Boundary",48
"HNCA","GSM6339635_s5","Malignant",171
"HNCA","GSM6339635_s5","Normal",1323
"HNCA","GSM6339635_s5","Boundary",171
"HNCA","GSM6339636_s6","Normal",2729
"HNCA","GSM6339636_s6","Malignant",78
"HNCA","GSM6339636_s6","Boundary",154
"HNCA","GSM6339637_s7","Normal",2196
"HNCA","GSM6339637_s7","Boundary",17
"HNCA","GSM6339637_s7","Malignant",4
"HNCA","GSM6339638_s8","Normal",2193
"HNCA","GSM6339638_s8","Boundary",73
"HNCA","GSM6339638_s8","Malignant",9
"HNCA","GSM6339639_s9","Normal",2949
"HNCA","GSM6339639_s9","Boundary",93
"HNCA","GSM6339639_s9","Malignant",28
"HNCA","GSM6339640_s10","Normal",2339
"HNCA","GSM6339640_s10","Malignant",151
"HNCA","GSM6339640_s10","Boundary",179
"HNCA","GSM6339641_s11","Normal",1598
"HNCA","GSM6339641_s11","Malignant",120
"HNCA","GSM6339641_s11","Boundary",185
"HNCA","GSM6339642_s12","Normal",1090
"HNCA","GSM6339642_s12","Boundary",178
"HNCA","GSM6339642_s12","Malignant",202
"BRCA","GSM6433585_092A","Normal",775
"BRCA","GSM6433585_092A","Malignant",436
"BRCA","GSM6433585_092A","Boundary",78
"BRCA","GSM6433586_092B","Normal",1152
"BRCA","GSM6433586_092B","Boundary",79
"BRCA","GSM6433586_092B","Malignant",145
"BRCA","GSM6433587_093A","Normal",1221
"BRCA","GSM6433587_093A","Malignant",271
"BRCA","GSM6433587_093A","Boundary",155
"BRCA","GSM6433588_093B","Malignant",869
"BRCA","GSM6433588_093B","Boundary",167
"BRCA","GSM6433588_093B","Normal",141
"BRCA","GSM6433589_093C","Normal",632
"BRCA","GSM6433589_093C","Malignant",902
"BRCA","GSM6433589_093C","Boundary",578
"BRCA","GSM6433590_093D","Normal",1367
"BRCA","GSM6433590_093D","Malignant",99
"BRCA","GSM6433590_093D","Boundary",62
"BRCA","GSM6433591_094A","Normal",701
"BRCA","GSM6433591_094A","Boundary",47
"BRCA","GSM6433591_094A","Malignant",17
"BRCA","GSM6433592_094B","Boundary",216
"BRCA","GSM6433592_094B","Malignant",328
"BRCA","GSM6433592_094B","Normal",781
"BRCA","GSM6433593_094C","Boundary",200
"BRCA","GSM6433593_094C","Normal",880
"BRCA","GSM6433593_094C","Malignant",461
"BRCA","GSM6433594_094D","Normal",1211
"BRCA","GSM6433594_094D","Malignant",80
"BRCA","GSM6433594_094D","Boundary",98
"BRCA","GSM6433595_095A","Normal",1076
"BRCA","GSM6433595_095A","Boundary",50
"BRCA","GSM6433595_095A","Malignant",135
"BRCA","GSM6433596_095B","Boundary",136
"BRCA","GSM6433596_095B","Malignant",234
"BRCA","GSM6433596_095B","Normal",795
"BRCA","GSM6433597_117B","Normal",839
"BRCA","GSM6433597_117B","Malignant",133
"BRCA","GSM6433597_117B","Boundary",136
"BRCA","GSM6433598_117C","Normal",294
"BRCA","GSM6433598_117C","Boundary",268
"BRCA","GSM6433598_117C","Malignant",496
"BRCA","GSM6433599_117D","Boundary",442
"BRCA","GSM6433599_117D","Normal",782
"BRCA","GSM6433599_117D","Malignant",725
"BRCA","GSM6433600_117E","Malignant",474
"BRCA","GSM6433600_117E","Boundary",129
"BRCA","GSM6433600_117E","Normal",151
"BRCA","GSM6433601_118B","Normal",1339
"BRCA","GSM6433601_118B","Malignant",91
"BRCA","GSM6433601_118B","Boundary",36
"BRCA","GSM6433602_118C","Boundary",104
"BRCA","GSM6433602_118C","Normal",1395
"BRCA","GSM6433602_118C","Malignant",55
"BRCA","GSM6433603_118D","Normal",992
"BRCA","GSM6433603_118D","Boundary",85
"BRCA","GSM6433603_118D","Malignant",48
"BRCA","GSM6433604_118E","Malignant",239
"BRCA","GSM6433604_118E","Boundary",234
"BRCA","GSM6433604_118E","Normal",636
"BRCA","GSM6433605_119B","Malignant",84
"BRCA","GSM6433605_119B","Normal",408
"BRCA","GSM6433605_119B","Boundary",64
"BRCA","GSM6433606_119C","Malignant",138
"BRCA","GSM6433606_119C","Normal",560
"BRCA","GSM6433606_119C","Boundary",148
"BRCA","GSM6433607_119D","Normal",1583
"BRCA","GSM6433607_119D","Malignant",346
"BRCA","GSM6433607_119D","Boundary",159
"BRCA","GSM6433608_119E","Normal",2381
"BRCA","GSM6433608_119E","Boundary",243
"BRCA","GSM6433608_119E","Malignant",485
"BRCA","GSM6433609_120B","Boundary",464
"BRCA","GSM6433609_120B","Normal",695
"BRCA","GSM6433609_120B","Malignant",357
"BRCA","GSM6433610_120C","Normal",498
"BRCA","GSM6433610_120C","Malignant",726
"BRCA","GSM6433610_120C","Boundary",224
"BRCA","GSM6433611_120D","Normal",644
"BRCA","GSM6433611_120D","Malignant",376
"BRCA","GSM6433611_120D","Boundary",314
"BRCA","GSM6433612_120E","Normal",782
"BRCA","GSM6433612_120E","Boundary",31
"BRCA","GSM6433612_120E","Malignant",29
"BRCA","GSM6433613_395A","Malignant",581
"BRCA","GSM6433613_395A","Boundary",171
"BRCA","GSM6433613_395A","Normal",1113
"BRCA","GSM6433614_395B","Normal",1106
"BRCA","GSM6433614_395B","Boundary",47
"BRCA","GSM6433614_395B","Malignant",45
"BRCA","GSM6433615_395C","Boundary",129
"BRCA","GSM6433615_395C","Normal",719
"BRCA","GSM6433615_395C","Malignant",195
"BRCA","GSM6433616_395D","Normal",556
"BRCA","GSM6433616_395D","Malignant",225
"BRCA","GSM6433616_395D","Boundary",138
"BRCA","GSM6433617_396A","Normal",360
"BRCA","GSM6433617_396A","Boundary",49
"BRCA","GSM6433617_396A","Malignant",66
"BRCA","GSM6433618_396C","Normal",1974
"BRCA","GSM6433618_396C","Boundary",73
"BRCA","GSM6433618_396C","Malignant",158
"BRCA","GSM6433619_396D","Normal",1845
"BRCA","GSM6433619_396D","Malignant",249
"BRCA","GSM6433619_396D","Boundary",99
"BRCA","GSM6433620_397A","Normal",680
"BRCA","GSM6433620_397A","Boundary",103
"BRCA","GSM6433620_397A","Malignant",142
"BRCA","GSM6433621_397B","Boundary",78
"BRCA","GSM6433621_397B","Malignant",254
"BRCA","GSM6433621_397B","Normal",428
"BRCA","GSM6433622_397C","Malignant",626
"BRCA","GSM6433622_397C","Normal",387
"BRCA","GSM6433622_397C","Boundary",282
"BRCA","GSM6433623_397D","Normal",726
"BRCA","GSM6433623_397D","Boundary",57
"BRCA","GSM6433623_397D","Malignant",71
"BRCA","GSM6433624_398A","Normal",564
"BRCA","GSM6433624_398A","Malignant",231
"BRCA","GSM6433624_398A","Boundary",69
"BRCA","GSM6433625_398B","Normal",534
"BRCA","GSM6433625_398B","Boundary",51
"BRCA","GSM6433625_398B","Malignant",44
"BRCA","GSM6433626_398C","Normal",809
"BRCA","GSM6433626_398C","Boundary",33
"BRCA","GSM6433626_398C","Malignant",15
"BRCA","GSM6433627_398D","Normal",684
"BRCA","GSM6433627_398D","Boundary",171
"BRCA","GSM6433627_398D","Malignant",112
"PDAC","GSM6505133_DonorA","Normal",1771
"PDAC","GSM6505133_DonorA","Boundary",285
"PDAC","GSM6505133_DonorA","Malignant",148
"PDAC","GSM6505134_DonorB","Normal",2300
"PDAC","GSM6505134_DonorB","Boundary",347
"PDAC","GSM6505134_DonorB","Malignant",363
"PDAC","GSM6505135_DonorC","Normal",1337
"PDAC","GSM6505135_DonorC","Malignant",543
"PDAC","GSM6505135_DonorC","Boundary",257
"OVCA","GSM6506110_SP1","Malignant",1334
"OVCA","GSM6506110_SP1","Normal",892
"OVCA","GSM6506110_SP1","Boundary",680
"OVCA","GSM6506111_SP2","Normal",1704
"OVCA","GSM6506111_SP2","Malignant",82
"OVCA","GSM6506111_SP2","Boundary",146
"OVCA","GSM6506112_SP3","Normal",1267
"OVCA","GSM6506112_SP3","Boundary",136
"OVCA","GSM6506112_SP3","Malignant",98
"OVCA","GSM6506113_SP4","Normal",2597
"OVCA","GSM6506113_SP4","Boundary",159
"OVCA","GSM6506113_SP4","Malignant",215
"OVCA","GSM6506114_SP5","Normal",1944
"OVCA","GSM6506114_SP5","Malignant",82
"OVCA","GSM6506114_SP5","Boundary",80
"OVCA","GSM6506115_SP6","Normal",1520
"OVCA","GSM6506115_SP6","Malignant",93
"OVCA","GSM6506115_SP6","Boundary",178
"OVCA","GSM6506116_SP7","Boundary",1002
"OVCA","GSM6506116_SP7","Normal",1752
"OVCA","GSM6506116_SP7","Malignant",840
"OVCA","GSM6506117_SP8","Normal",2722
"OVCA","GSM6506117_SP8","Malignant",308
"OVCA","GSM6506117_SP8","Boundary",96
"OVCA","A_955_OvarianTumor","Normal",2068
"OVCA","A_955_OvarianTumor","Malignant",454
"OVCA","A_955_OvarianTumor","Boundary",834
"OVCA","A_GTFB1154_OvarianCancerTumor","Normal",1959
"OVCA","A_GTFB1154_OvarianCancerTumor","Boundary",239
"OVCA","A_GTFB1154_OvarianCancerTumor","Malignant",74
"OVCA","B_GTFB1191_OvarianCancerTumor","Normal",2084
"OVCA","B_GTFB1191_OvarianCancerTumor","Malignant",664
"OVCA","B_GTFB1191_OvarianCancerTumor","Boundary",391
"OVCA","C_GTFB1170_SmallCellOvarianCancer","Normal",1850
"OVCA","C_GTFB1170_SmallCellOvarianCancer","Malignant",148
"OVCA","C_GTFB1170_SmallCellOvarianCancer","Boundary",144
"OVCA","D_GTFB1170_SmallCellOvarianCancer","Normal",1910
"OVCA","D_GTFB1170_SmallCellOvarianCancer","Boundary",133
"OVCA","D_GTFB1170_SmallCellOvarianCancer","Malignant",452
"OVCA","D_GTFB_1230_OvarianTumor","Normal",3968
"OVCA","D_GTFB_1230_OvarianTumor","Boundary",121
"OVCA","D_GTFB_1230_OvarianTumor","Malignant",67
"HNCA","GSM6833484_Patient1","Boundary",715
"HNCA","GSM6833484_Patient1","Normal",1925
"HNCA","GSM6833484_Patient1","Malignant",1552
"HNCA","GSM6833485_Patient2","Malignant",359
"HNCA","GSM6833485_Patient2","Normal",3517
"HNCA","GSM6833485_Patient2","Boundary",406
"HNCA","GSM6833486_Patient3","Normal",4086
"HNCA","GSM6833486_Patient3","Malignant",127
"HNCA","GSM6833486_Patient3","Boundary",78
"HNCA","GSM6833487_Patient4","Malignant",1121
"HNCA","GSM6833487_Patient4","Boundary",782
"HNCA","GSM6833487_Patient4","Normal",2382
"OVCA","GSM7019835_OCCR2v","Normal",1005
"OVCA","GSM7019835_OCCR2v","Boundary",255
"OVCA","GSM7019835_OCCR2v","Malignant",241
"OVCA","GSM7019836_OCCS3v","Normal",533
"OVCA","GSM7019836_OCCS3v","Boundary",182
"OVCA","GSM7019836_OCCS3v","Malignant",136
"UCEC","01_034_C1d1","Normal",318
"UCEC","01_034_C1d1","Boundary",148
"UCEC","01_034_C1d1","Malignant",64
"UCEC","01_034_C3d1","Malignant",440
"UCEC","01_034_C3d1","Normal",182
"UCEC","01_034_C3d1","Boundary",131
"UCEC","01_039_C1d1","Normal",726
"UCEC","01_039_C1d1","Malignant",172
"UCEC","01_039_C1d1","Boundary",125
"UCEC","01_039_C3d1","Normal",1659
"UCEC","01_039_C3d1","Malignant",249
"UCEC","01_039_C3d1","Boundary",233
"COCA","GSM7058756","Malignant",579
"COCA","GSM7058756","Normal",1117
"COCA","GSM7058756","Boundary",358
"COCA","GSM7058757","Normal",2249
"COCA","GSM7058757","Malignant",568
"COCA","GSM7058757","Boundary",260
"COCA","GSM7058758","Malignant",280
"COCA","GSM7058758","Normal",2984
"COCA","GSM7058758","Boundary",66
"COCA","GSM7058759","Normal",3420
"COCA","GSM7058759","Boundary",217
"COCA","GSM7058759","Malignant",332
"COCA","Ajou_Visium_P1","Normal",3032
"COCA","Ajou_Visium_P1","Malignant",532
"COCA","Ajou_Visium_P1","Boundary",578
"COCA","Ajou_Visium_P2","Normal",2177
"COCA","Ajou_Visium_P2","Boundary",321
"COCA","Ajou_Visium_P2","Malignant",1090
"COCA","Ajou_Visium_P3","Normal",4483
"COCA","Ajou_Visium_P3","Malignant",6
"COCA","Ajou_Visium_P3","Boundary",19
"COCA","Ajou_Visium_P4","Normal",2425
"COCA","Ajou_Visium_P4","Malignant",450
"COCA","Ajou_Visium_P4","Boundary",389
"OVCA","GSM7090086_NextSeq2000","Normal",570
"OVCA","GSM7090086_NextSeq2000","Malignant",1599
"OVCA","GSM7090086_NextSeq2000","Boundary",357
"OVCA","GSM7090087_NextSeq2000","Normal",1995
"OVCA","GSM7090087_NextSeq2000","Malignant",180
"OVCA","GSM7090087_NextSeq2000","Boundary",268
"OVCA","GSM7090088_NextSeq2000","Normal",1837
"OVCA","GSM7090088_NextSeq2000","Boundary",68
"OVCA","GSM7090088_NextSeq2000","Malignant",72
"PRCA","GSM7211257_EHU-W3","Normal",3678
"PRCA","GSM7211257_EHU-W3","Malignant",896
"PRCA","GSM7211257_EHU-W3","Boundary",386
"PDAC","GSM7421790_PDAC_1","Normal",1492
"PDAC","GSM7421790_PDAC_1","Boundary",96
"PDAC","GSM7421790_PDAC_1","Malignant",52
"PDAC","GSM7421791_PDAC_2","Normal",690
"PDAC","GSM7421791_PDAC_2","Malignant",95
"PDAC","GSM7421791_PDAC_2","Boundary",55
"PDAC","GSM7421792_PDAC_3","Boundary",89
"PDAC","GSM7421792_PDAC_3","Normal",830
"PDAC","GSM7421792_PDAC_3","Malignant",75
"PDAC","GSM7498811_SS1905133","Normal",3209
"PDAC","GSM7498811_SS1905133","Malignant",290
"PDAC","GSM7498811_SS1905133","Boundary",448
"PDAC","GSM7498812_SS1923404","Normal",1981
"PDAC","GSM7498812_SS1923404","Malignant",166
"PDAC","GSM7498812_SS1923404","Boundary",96
"PDAC","GSM7498813_SS1945070","Normal",3865
"PDAC","GSM7498813_SS1945070","Malignant",158
"PDAC","GSM7498813_SS1945070","Boundary",68
"PDAC","GSM7498814_SS1960050","Normal",3997
"PDAC","GSM7498814_SS1960050","Malignant",114
"PDAC","GSM7498814_SS1960050","Boundary",161
"PDAC","GSM7498815_SS2002154","Malignant",1224
"PDAC","GSM7498815_SS2002154","Normal",1700
"PDAC","GSM7498815_SS2002154","Boundary",240
"PDAC","GSM7498816_SS2005094","Normal",3188
"PDAC","GSM7498816_SS2005094","Malignant",276
"PDAC","GSM7498816_SS2005094","Boundary",115
"PDAC","GSM7498817_SS2021309","Normal",2760
"PDAC","GSM7498817_SS2021309","Malignant",173
"PDAC","GSM7498817_SS2021309","Boundary",108
"LICA","HCC1R","Normal",2068
"LICA","HCC1R","Malignant",392
"LICA","HCC1R","Boundary",117
"LICA","HCC3R","Boundary",231
"LICA","HCC3R","Normal",1159
"LICA","HCC3R","Malignant",531
"LICA","HCC4R","Normal",2491
"LICA","HCC4R","Malignant",260
"LICA","HCC4R","Boundary",242
"LICA","HCC6NR","Malignant",367
"LICA","HCC6NR","Normal",1592
"LICA","HCC6NR","Boundary",615
"LICA","HCC7NR","Boundary",946
"LICA","HCC7NR","Malignant",740
"LICA","HCC7NR","Normal",765
"BRCA","GSM7757970_R1-S1","Boundary",132
"BRCA","GSM7757970_R1-S1","Normal",2315
"BRCA","GSM7757970_R1-S1","Malignant",297
"BRCA","GSM7757972_R1-S3","Normal",1465
"BRCA","GSM7757972_R1-S3","Malignant",12
"BRCA","GSM7757972_R1-S3","Boundary",19
"BRCA","GSM7757973_R1-S4","Normal",940
"BRCA","GSM7757973_R1-S4","Malignant",1093
"BRCA","GSM7757973_R1-S4","Boundary",385
"BRCA","GSM7757974_R1-S5","Normal",1305
"BRCA","GSM7757974_R1-S5","Malignant",809
"BRCA","GSM7757974_R1-S5","Boundary",159
"BRCA","GSM7757975_R1-S6","Malignant",866
"BRCA","GSM7757975_R1-S6","Normal",2136
"BRCA","GSM7757975_R1-S6","Boundary",199
"BRCA","GSM7757976_R2-S1","Normal",1332
"BRCA","GSM7757976_R2-S1","Malignant",845
"BRCA","GSM7757976_R2-S1","Boundary",384
"BRCA","GSM7757977_R2-S2","Normal",1828
"BRCA","GSM7757977_R2-S2","Boundary",477
"BRCA","GSM7757977_R2-S2","Malignant",331
"BRCA","GSM7757978_R2-S3","Boundary",904
"BRCA","GSM7757978_R2-S3","Normal",1109
"BRCA","GSM7757978_R2-S3","Malignant",725
"BRCA","GSM7757979_R2-S4","Malignant",536
"BRCA","GSM7757979_R2-S4","Normal",504
"BRCA","GSM7757979_R2-S4","Boundary",56
"BRCA","GSM7757980_R2-S5","Normal",2039
"BRCA","GSM7757980_R2-S5","Malignant",147
"BRCA","GSM7757980_R2-S5","Boundary",90
"BRCA","GSM7757982_R3-S2","Normal",2051
"BRCA","GSM7757982_R3-S2","Malignant",227
"BRCA","GSM7757982_R3-S2","Boundary",153
"BRCA","GSM7757983_R3-S3","Normal",2510
"BRCA","GSM7757983_R3-S3","Malignant",108
"BRCA","GSM7757983_R3-S3","Boundary",51
"BRCA","GSM7757984_R3-S4","Normal",1464
"BRCA","GSM7757984_R3-S4","Malignant",795
"BRCA","GSM7757984_R3-S4","Boundary",603
"BRCA","GSM7757985_R3-S5","Normal",810
"BRCA","GSM7757985_R3-S5","Malignant",2030
"BRCA","GSM7757985_R3-S5","Boundary",423
"BRCA","GSM7777520_A1","Normal",908
"BRCA","GSM7777520_A1","Boundary",37
"BRCA","GSM7777520_A1","Malignant",23
"BRCA","GSM7777521_B1","Normal",654
"BRCA","GSM7777521_B1","Boundary",60
"BRCA","GSM7777521_B1","Malignant",40
"BRCA","GSM7777522_C1","Normal",144
"BRCA","GSM7777522_C1","Malignant",375
"BRCA","GSM7777522_C1","Boundary",120
"BRCA","GSM7777523_D1","Normal",524
"BRCA","GSM7777523_D1","Boundary",80
"BRCA","GSM7777523_D1","Malignant",53
"LICA","GSM7850822_CHC20","Malignant",282
"LICA","GSM7850822_CHC20","Boundary",103
"LICA","GSM7850822_CHC20","Normal",1874
"LICA","HRA000437_HCC-1T","Normal",2492
"LICA","HRA000437_HCC-1T","Malignant",604
"LICA","HRA000437_HCC-1T","Boundary",85
"LICA","HRA000437_HCC-2T","Malignant",1781
"LICA","HRA000437_HCC-2T","Boundary",1325
"LICA","HRA000437_HCC-2T","Normal",1621
"LICA","HRA000437_HCC-3T","Normal",3657
"LICA","HRA000437_HCC-3T","Malignant",267
"LICA","HRA000437_HCC-3T","Boundary",527
"LICA","HRA000437_HCC-4T","Normal",3499
"LICA","HRA000437_HCC-4T","Malignant",347
"LICA","HRA000437_HCC-4T","Boundary",312
"BRCA","Parent_Visium_Human_BreastCancer_201027","Normal",2370
"BRCA","Parent_Visium_Human_BreastCancer_201027","Boundary",843
"BRCA","Parent_Visium_Human_BreastCancer_201027","Malignant",775
"COCA","Parent_Visium_Human_ColorectalCancer_201027","Boundary",120
"COCA","Parent_Visium_Human_ColorectalCancer_201027","Normal",2711
"COCA","Parent_Visium_Human_ColorectalCancer_201027","Malignant",299
"OVCA","Parent_Visium_Human_OvarianCancer_201027","Normal",1497
"OVCA","Parent_Visium_Human_OvarianCancer_201027","Boundary",828
"OVCA","Parent_Visium_Human_OvarianCancer_201027","Malignant",1159
"THCA","S16_43398","Normal",3660
"THCA","S16_43398","Boundary",238
"THCA","S16_43398","Malignant",406
"THCA","S20_47598","Normal",4009
"THCA","S20_47598","Boundary",366
"THCA","S20_47598","Malignant",508
"THCA","S20_61122","Normal",2668
"THCA","S20_61122","Malignant",705
"THCA","S20_61122","Boundary",635
"THCA","S20_63981","Boundary",291
"THCA","S20_63981","Normal",3910
"THCA","S20_63981","Malignant",546
"THCA","S21_10267","Normal",3040
"THCA","S21_10267","Malignant",1538
"THCA","S21_10267","Boundary",240
"COCA","SN048_A121573_Rep1","Normal",1328
"COCA","SN048_A121573_Rep1","Malignant",592
"COCA","SN048_A121573_Rep1","Boundary",280
"COCA","SN048_A121573_Rep2","Normal",1753
"COCA","SN048_A121573_Rep2","Boundary",256
"COCA","SN048_A121573_Rep2","Malignant",371
"COCA","SN048_A416371_Rep1","Normal",1935
"COCA","SN048_A416371_Rep1","Malignant",288
"COCA","SN048_A416371_Rep1","Boundary",74
"COCA","SN048_A416371_Rep2","Normal",1679
"COCA","SN048_A416371_Rep2","Malignant",64
"COCA","SN048_A416371_Rep2","Boundary",55
"COCA","SN123_A551763_Rep1","Boundary",74
"COCA","SN123_A551763_Rep1","Normal",547
"COCA","SN123_A551763_Rep1","Malignant",69
"COCA","SN123_A595688_Rep1","Normal",721
"COCA","SN123_A595688_Rep1","Boundary",202
"COCA","SN123_A595688_Rep1","Malignant",268
"COCA","SN123_A938797_Rep1_X","Normal",1724
"COCA","SN123_A938797_Rep1_X","Malignant",145
"COCA","SN123_A938797_Rep1_X","Boundary",251
"COCA","SN124_A551763_Rep2","Normal",1175
"COCA","SN124_A551763_Rep2","Boundary",22
"COCA","SN124_A551763_Rep2","Malignant",14
"COCA","SN124_A595688_Rep2","Malignant",136
"COCA","SN124_A595688_Rep2","Normal",183
"COCA","SN124_A595688_Rep2","Boundary",68
"COCA","SN124_A938797_Rep2","Boundary",358
"COCA","SN124_A938797_Rep2","Malignant",229
"COCA","SN124_A938797_Rep2","Normal",1102
"COCA","SN84_A120838_Rep1","Normal",213
"COCA","SN84_A120838_Rep1","Malignant",60
"COCA","SN84_A120838_Rep1","Boundary",55
"COCA","SN84_A120838_Rep2","Normal",518
"COCA","SN84_A120838_Rep2","Malignant",294
"COCA","SN84_A120838_Rep2","Boundary",233
"SKCA","V10F24-015_A1","Normal",2541
"SKCA","V10F24-015_A1","Boundary",76
"SKCA","V10F24-015_A1","Malignant",97
"SKCA","V10F24-015_B1","Boundary",224
"SKCA","V10F24-015_B1","Normal",1790
"SKCA","V10F24-015_B1","Malignant",301
"SKCA","V10F24-015_C1","Normal",1848
"SKCA","V10F24-015_C1","Boundary",253
"SKCA","V10F24-015_C1","Malignant",461
"SKCA","V10F24-015_D1","Normal",1727
"SKCA","V10F24-015_D1","Boundary",105
"SKCA","V10F24-015_D1","Malignant",59
"PRCA","V11A20-405_C1","Boundary",198
"PRCA","V11A20-405_C1","Normal",2174
"PRCA","V11A20-405_C1","Malignant",1253
"PRCA","V11A20-405_D1","Normal",2521
"PRCA","V11A20-405_D1","Boundary",457
"PRCA","V11A20-405_D1","Malignant",1201
"PRCA","V11M22-349_C1","Normal",2483
"PRCA","V11M22-349_C1","Malignant",983
"PRCA","V11M22-349_C1","Boundary",488
"PRCA","V11M22-349_D1","Boundary",348
"PRCA","V11M22-349_D1","Normal",3261
"PRCA","V11M22-349_D1","Malignant",222
"BRCA","V1_Breast_Cancer_Block_A_Section_2_200623","Normal",3358
"BRCA","V1_Breast_Cancer_Block_A_Section_2_200623","Malignant",328
"BRCA","V1_Breast_Cancer_Block_A_Section_2_200623","Boundary",299
"BRCA","V1_Human_Invasive_Ductal_Carcinoma_210511","Normal",4055
"BRCA","V1_Human_Invasive_Ductal_Carcinoma_210511","Boundary",300
"BRCA","V1_Human_Invasive_Ductal_Carcinoma_210511","Malignant",362
"BRCA","Visium_FFPE_Human_Breast_Cancer_210609","Normal",1556
"BRCA","Visium_FFPE_Human_Breast_Cancer_210609","Boundary",500
"BRCA","Visium_FFPE_Human_Breast_Cancer_210609","Malignant",460
"COCA","Visium_FFPE_Human_Intestinal_Cancer_220329","Normal",1471
"COCA","Visium_FFPE_Human_Intestinal_Cancer_220329","Boundary",633
"COCA","Visium_FFPE_Human_Intestinal_Cancer_220329","Malignant",556
"OVCA","Visium_FFPE_Human_Ovarian_Cancer_220329","Malignant",1075
"OVCA","Visium_FFPE_Human_Ovarian_Cancer_220329","Normal",1663
"OVCA","Visium_FFPE_Human_Ovarian_Cancer_220329","Boundary",717
"PRCA","Visium_FFPE_Human_Prostate_Acinar_Cell_Carcinoma_211009","Normal",2433
"PRCA","Visium_FFPE_Human_Prostate_Acinar_Cell_Carcinoma_211009","Boundary",239
"PRCA","Visium_FFPE_Human_Prostate_Acinar_Cell_Carcinoma_211009","Malignant",371
"PRCA","Visium_FFPE_Human_Prostate_Cancer_210609","Normal",2863
"PRCA","Visium_FFPE_Human_Prostate_Cancer_210609","Malignant",1171
"PRCA","Visium_FFPE_Human_Prostate_Cancer_210609","Boundary",335
"PRCA","Visium_FFPE_Human_Prostate_IF_220713","Normal",3033
"PRCA","Visium_FFPE_Human_Prostate_IF_220713","Malignant",210
"PRCA","Visium_FFPE_Human_Prostate_IF_220713","Boundary",217
"BRCA","Visium_Human_Breast_Cancer_220702","Normal",3104
"BRCA","Visium_Human_Breast_Cancer_220702","Boundary",781
"BRCA","Visium_Human_Breast_Cancer_220702","Malignant",984
"SKCA","WSSKNKCLsp12140270","Normal",685
"SKCA","WSSKNKCLsp12140270","Malignant",70
"SKCA","WSSKNKCLsp12140270","Boundary",56
"SKCA","WSSKNKCLsp12140271","Normal",752
"SKCA","WSSKNKCLsp12140271","Malignant",133
"SKCA","WSSKNKCLsp12140271","Boundary",156
"SKCA","WSSKNKCLsp12140272","Normal",1669
"SKCA","WSSKNKCLsp12140272","Malignant",105
"SKCA","WSSKNKCLsp12140272","Boundary",86
"SKCA","WSSKNKCLsp12140273","Normal",1098
"SKCA","WSSKNKCLsp12140273","Boundary",46
"SKCA","WSSKNKCLsp12140273","Malignant",35
"SKCA","WSSKNKCLsp12887267","Normal",1091
"SKCA","WSSKNKCLsp12887267","Boundary",114
"SKCA","WSSKNKCLsp12887267","Malignant",128
"SKCA","WSSKNKCLsp12887268","Normal",1019
"SKCA","WSSKNKCLsp12887268","Boundary",66
"SKCA","WSSKNKCLsp12887268","Malignant",57
"SKCA","WSSKNKCLsp12887269","Normal",674
"SKCA","WSSKNKCLsp12887269","Malignant",137
"SKCA","WSSKNKCLsp12887269","Boundary",117
"SKCA","WSSKNKCLsp12887270","Normal",853
"SKCA","WSSKNKCLsp12887270","Boundary",38
"SKCA","WSSKNKCLsp12887270","Malignant",18
"LICA","Zenodo10119273_Tumor2","Malignant",441
"LICA","Zenodo10119273_Tumor2","Normal",1006
"LICA","Zenodo10119273_Tumor2","Boundary",176
"COCA","scCRLM_Atlas_ST-colon1","Boundary",361
"COCA","scCRLM_Atlas_ST-colon1","Malignant",428
"COCA","scCRLM_Atlas_ST-colon1","Normal",2513
"COCA","scCRLM_Atlas_ST-colon2","Normal",3857
"COCA","scCRLM_Atlas_ST-colon2","Boundary",113
"COCA","scCRLM_Atlas_ST-colon2","Malignant",195
"COCA","scCRLM_Atlas_ST-colon3","Normal",3524
"COCA","scCRLM_Atlas_ST-colon3","Malignant",279
"COCA","scCRLM_Atlas_ST-colon3","Boundary",197
"COCA","scCRLM_Atlas_ST-colon4","Normal",2785
"COCA","scCRLM_Atlas_ST-colon4","Malignant",712
"COCA","scCRLM_Atlas_ST-colon4","Boundary",396
