"cancer_type","sample_id","Malignancy","mean_cnv","median_cnv","n_spots"
"BRCA","1142243F","Normal",220.531553,206,4231
"BRCA","1142243F","Malignant",864.215613,826,269
"BRCA","1142243F","Boundary",431.580392,316,255
"BRCA","1160920F","Malignant",2513.20638,2836,2069
"BRCA","1160920F","Boundary",1522.92081,1390,985
"BRCA","1160920F","Normal",772.023965,912,1836
"BRCA","CID4290","Normal",307.676306,229,1971
"BRCA","CID4290","Boundary",323.271255,229,247
"BRCA","CID4290","Malignant",537.425234,663,214
"BRCA","CID4465","Normal",499.097331,286,637
"BRCA","CID4465","Malignant",2734.30126,2912,239
"BRCA","CID4465","Boundary",1187.32537,1049,335
"BRCA","CID44971","Normal",742.149077,724,758
"BRCA","CID44971","Malignant",3206.08597,3501,221
"BRCA","CID44971","Boundary",1311.6776,724,183
"BRCA","CID4535","Malignant",1599,1646,365
"BRCA","CID4535","Normal",348.141935,191,620
"BRCA","CID4535","Boundary",972.690141,814,142
"COCA","Colon_10x_Visium_SampleP2_CRC","Malignant",7484.64461,7665,1995
"COCA","Colon_10x_Visium_SampleP2_CRC","Normal",378.294479,0,1793
"COCA","Colon_10x_Visium_SampleP2_CRC","Boundary",3552.42827,3648,481
"LUCA","CytAssist_11mm_FFPE_Human_Lung_Cancer_230214","Normal",2795.38685,3652,2130
"LUCA","CytAssist_11mm_FFPE_Human_Lung_Cancer_230214","Malignant",4165.08924,4308,3272
"LUCA","CytAssist_11mm_FFPE_Human_Lung_Cancer_230214","Boundary",3774.54119,3652,789
"OVCA","CytAssist_11mm_FFPE_Human_Ovarian_Carcinoma_220715","Normal",403.621513,135,3728
"OVCA","CytAssist_11mm_FFPE_Human_Ovarian_Carcinoma_220715","Boundary",953.566038,373,159
"OVCA","CytAssist_11mm_FFPE_Human_Ovarian_Carcinoma_220715","Malignant",3585.93333,3985,780
"LUCA","CytAssist_FFPE_Human_Lung_Squamous_Cell_Carcinoma_220714","Malignant",5861.50233,5925,1720
"LUCA","CytAssist_FFPE_Human_Lung_Squamous_Cell_Carcinoma_220714","Normal",245.975748,32,1237
"LUCA","CytAssist_FFPE_Human_Lung_Squamous_Cell_Carcinoma_220714","Boundary",2417.39581,2561,859
"BRCA","CytAssist_Fresh_Frozen_Human_Breast_Cancer_230107","Malignant",3101.79784,3297,648
"BRCA","CytAssist_Fresh_Frozen_Human_Breast_Cancer_230107","Normal",885.469156,376,616
"BRCA","CytAssist_Fresh_Frozen_Human_Breast_Cancer_230107","Boundary",1573.71164,2090,378
"LUCA","E_MTAB_13530_P10_T1","Malignant",2107.35762,2133,755
"LUCA","E_MTAB_13530_P10_T1","Boundary",1087.08163,845,490
"LUCA","E_MTAB_13530_P10_T1","Normal",410.27519,221,923
"LUCA","E_MTAB_13530_P10_T2","Malignant",3652.39067,3583,343
"LUCA","E_MTAB_13530_P10_T2","Boundary",3133.96765,3275,340
"LUCA","E_MTAB_13530_P10_T2","Normal",2842.78616,2813,1272
"LUCA","E_MTAB_13530_P10_T3","Normal",144.585594,189,2249
"LUCA","E_MTAB_13530_P10_T3","Boundary",360.655738,65,122
"LUCA","E_MTAB_13530_P10_T3","Malignant",1010.80788,1324,203
"LUCA","E_MTAB_13530_P10_T4","Normal",701.07716,706,1620
"LUCA","E_MTAB_13530_P10_T4","Boundary",1379.70652,1493,368
"LUCA","E_MTAB_13530_P10_T4","Malignant",2072.01733,2093,404
"LUCA","E_MTAB_13530_P11_T1","Normal",580.153727,248,644
"LUCA","E_MTAB_13530_P11_T1","Boundary",1525.46354,1717,192
"LUCA","E_MTAB_13530_P11_T1","Malignant",2335.86266,2473,233
"LUCA","E_MTAB_13530_P11_T2","Normal",966.430657,1026,822
"LUCA","E_MTAB_13530_P11_T2","Boundary",2168.24064,2232,187
"LUCA","E_MTAB_13530_P11_T2","Malignant",3060.25,3106,108
"LUCA","E_MTAB_13530_P11_T3","Normal",718.212714,568,1227
"LUCA","E_MTAB_13530_P11_T3","Malignant",1764.875,1724,96
"LUCA","E_MTAB_13530_P11_T3","Boundary",1212.95035,822,141
"LUCA","E_MTAB_13530_P11_T4","Normal",627.408514,587,1104
"LUCA","E_MTAB_13530_P11_T4","Malignant",1507.60563,1510,142
"LUCA","E_MTAB_13530_P11_T4","Boundary",1044.89697,1287,165
"LUCA","E_MTAB_13530_P15_T1","Normal",560.34009,245,1332
"LUCA","E_MTAB_13530_P15_T1","Boundary",780.32664,727,747
"LUCA","E_MTAB_13530_P15_T1","Malignant",1629.10115,1741,524
"LUCA","E_MTAB_13530_P15_T2","Boundary",789.493522,739,849
"LUCA","E_MTAB_13530_P15_T2","Normal",536.295642,574,1698
"LUCA","E_MTAB_13530_P15_T2","Malignant",1549.13345,1704,562
"LUCA","E_MTAB_13530_P16_T1","Normal",252.786667,245,1650
"LUCA","E_MTAB_13530_P16_T1","Malignant",1576.4513,1832,308
"LUCA","E_MTAB_13530_P16_T1","Boundary",337.446097,245,269
"LUCA","E_MTAB_13530_P16_T2","Normal",302.520095,199,1692
"LUCA","E_MTAB_13530_P16_T2","Boundary",1157.56439,1322,264
"LUCA","E_MTAB_13530_P16_T2","Malignant",2558.6134,2429,194
"LUCA","E_MTAB_13530_P17_T1","Malignant",5038.83825,5217,847
"LUCA","E_MTAB_13530_P17_T1","Boundary",2705.934,2990,803
"LUCA","E_MTAB_13530_P17_T1","Normal",721.118118,209,999
"LUCA","E_MTAB_13530_P17_T2","Normal",793.628303,171,1173
"LUCA","E_MTAB_13530_P17_T2","Malignant",3530.62371,3616,869
"LUCA","E_MTAB_13530_P17_T2","Boundary",1962.41814,2536,904
"LUCA","E_MTAB_13530_P19_T1","Normal",311.427798,166,1108
"LUCA","E_MTAB_13530_P19_T1","Boundary",584.083682,507,717
"LUCA","E_MTAB_13530_P19_T1","Malignant",1546.59398,1775,665
"LUCA","E_MTAB_13530_P19_T2","Normal",367.227769,357,641
"LUCA","E_MTAB_13530_P19_T2","Malignant",1728.90819,1850,1013
"LUCA","E_MTAB_13530_P19_T2","Boundary",528.917986,357,695
"LUCA","E_MTAB_13530_P24_T1","Normal",2285.65575,1354,3053
"LUCA","E_MTAB_13530_P24_T1","Boundary",2952.89189,2711,74
"LUCA","E_MTAB_13530_P24_T1","Malignant",4444,4647,123
"LUCA","E_MTAB_13530_P24_T2","Malignant",2652.78914,2832,479
"LUCA","E_MTAB_13530_P24_T2","Normal",742.842762,546,2245
"LUCA","E_MTAB_13530_P24_T2","Boundary",1221.90164,1270,427
"LUCA","E_MTAB_13530_P25_T1","Normal",892.423631,338,694
"LUCA","E_MTAB_13530_P25_T1","Boundary",1806.97788,1843,226
"LUCA","E_MTAB_13530_P25_T1","Malignant",3385.71648,3863,261
"LUCA","E_MTAB_13530_P25_T2","Normal",815.591106,951,922
"LUCA","E_MTAB_13530_P25_T2","Malignant",2820.57025,3078,242
"LUCA","E_MTAB_13530_P25_T2","Boundary",1247.03623,1308,138
"SKCA","GSE144239_GSM4565823","Normal",666.919521,755,584
"SKCA","GSE144239_GSM4565823","Malignant",1649.01613,1672,62
"SKCA","GSE144239_GSM4565823","Boundary",900.218182,841,55
"SKCA","GSE144239_GSM4565824","Normal",348.311258,264,604
"SKCA","GSE144239_GSM4565824","Malignant",1321.63333,1250,30
"SKCA","GSE144239_GSM4565824","Boundary",845.277778,920,18
"SKCA","GSE144239_GSM4565825","Malignant",1288.30577,1078,762
"SKCA","GSE144239_GSM4565825","Normal",315.703074,205,1529
"SKCA","GSE144239_GSM4565825","Boundary",596.129944,446,354
"SKCA","GSE144239_GSM4565826","Normal",689.897599,772,2207
"SKCA","GSE144239_GSM4565826","Malignant",1427,1427,62
"SKCA","GSE144239_GSM4565826","Boundary",986.779661,850,59
"STCA","GSE251950_20_00331_LI_SING","Boundary",915.664773,935,528
"STCA","GSE251950_20_00331_LI_SING","Malignant",1461.41264,1541,1408
"STCA","GSE251950_20_00331_LI_SING","Normal",406.164265,62,694
"STCA","GSE251950_21_00731_LI_SING","Normal",403.062267,236,3758
"STCA","GSE251950_21_00731_LI_SING","Boundary",1350.30374,1314,214
"STCA","GSE251950_21_00731_LI_SING","Malignant",2245.98913,2352,276
"STCA","GSE251950_21_00732_LI_SING","Normal",1516.88047,1348,2033
"STCA","GSE251950_21_00732_LI_SING","Malignant",4006.446,3918,787
"STCA","GSE251950_21_00732_LI_SING","Boundary",1872.52535,1934,217
"STCA","GSE251950_21_00733_LI_SING","Normal",650.554007,494,3731
"STCA","GSE251950_21_00733_LI_SING","Malignant",1979.01911,1725,157
"STCA","GSE251950_21_00733_LI_SING","Boundary",831.601695,494,354
"STCA","GSE251950_21_00734_LI_SING","Malignant",2576.00817,2647,734
"STCA","GSE251950_21_00734_LI_SING","Normal",1216.17506,1453,2502
"STCA","GSE251950_21_00734_LI_SING","Boundary",1653.94362,1453,337
"STCA","GSE251950_21_01251_LI_SING","Normal",848.158409,425,1534
"STCA","GSE251950_21_01251_LI_SING","Malignant",2527.04646,2408,452
"STCA","GSE251950_21_01251_LI_SING","Boundary",1174.73317,1520,416
"STCA","GSE251950_21_01253_LI_SING","Normal",363.32498,287,1277
"STCA","GSE251950_21_01253_LI_SING","Malignant",706.64532,670,406
"STCA","GSE251950_21_01253_LI_SING","Boundary",443.342541,529,181
"STCA","GSE251950_21_01254_LI_SING","Boundary",119.5,105,438
"STCA","GSE251950_21_01254_LI_SING","Normal",66.5380228,31,2104
"STCA","GSE251950_21_01254_LI_SING","Malignant",201.396825,279,441
"STCA","GSE251950_21_01675_LI_SING","Normal",590.640725,633,2814
"STCA","GSE251950_21_01675_LI_SING","Malignant",1521.88489,1542,278
"STCA","GSE251950_21_01675_LI_SING","Boundary",822.143939,633,396
"HNCA","GSM5494475_HNSCC201125T04","Malignant",1076.9854,1371,137
"HNCA","GSM5494475_HNSCC201125T04","Normal",258.582139,131,907
"HNCA","GSM5494475_HNSCC201125T04","Boundary",534.738095,365,84
"HNCA","GSM5494476_HNSCC201125T05","Normal",651.360386,687,1035
"HNCA","GSM5494476_HNSCC201125T05","Malignant",1400.47782,1352,496
"HNCA","GSM5494476_HNSCC201125T05","Boundary",951.75,827,164
"HNCA","GSM5494477_HNSCC201125T07","Normal",892.026902,747,1078
"HNCA","GSM5494477_HNSCC201125T07","Boundary",1027.7551,1056,49
"HNCA","GSM5494477_HNSCC201125T07","Malignant",1451.54098,1434,61
"HNCA","GSM5494478_HNSCC201125T10","Normal",159.632733,146,1277
"HNCA","GSM5494478_HNSCC201125T10","Malignant",631.018018,755,111
"HNCA","GSM5494478_HNSCC201125T10","Boundary",367.136364,331,132
"HNCA","GSM5494479_P210325T1","Normal",338.418564,267,1713
"HNCA","GSM5494479_P210325T1","Boundary",1338.93548,1582,31
"HNCA","GSM5494479_P210325T1","Malignant",1549.85185,1582,27
"HNCA","GSM5494480_P210325T3","Normal",1113.48327,1092,1614
"HNCA","GSM5494480_P210325T3","Malignant",2782.01471,2894,68
"HNCA","GSM5494480_P210325T3","Boundary",1970.62121,1844,66
"HNCA","GSM5494481_P210325T5","Normal",449.633871,528,1240
"HNCA","GSM5494481_P210325T5","Malignant",1570.80808,1473,99
"HNCA","GSM5494481_P210325T5","Boundary",859.348315,726,89
"HNCA","GSM5494482_P210325T6","Normal",441.858081,324,761
"HNCA","GSM5494482_P210325T6","Boundary",796.15493,854,71
"HNCA","GSM5494482_P210325T6","Malignant",1310.64151,1362,53
"KICA","GSM5924030_ffpe_c_2","Normal",247.648249,175,3312
"KICA","GSM5924030_ffpe_c_2","Boundary",451.320796,175,452
"KICA","GSM5924030_ffpe_c_2","Malignant",948.60292,1247,685
"KICA","GSM5924031_ffpe_c_3","Malignant",771.720222,868,1083
"KICA","GSM5924031_ffpe_c_3","Normal",307.027571,419,3228
"KICA","GSM5924031_ffpe_c_3","Boundary",321.225734,227,443
"KICA","GSM5924032_ffpe_c_4","Malignant",1358.94124,1227,1770
"KICA","GSM5924032_ffpe_c_4","Normal",377.202695,258,1707
"KICA","GSM5924032_ffpe_c_4","Boundary",704.318182,796,352
"KICA","GSM5924033_ffpe_c_7","Boundary",1585.38424,1456,622
"KICA","GSM5924033_ffpe_c_7","Normal",545.469874,54,2141
"KICA","GSM5924033_ffpe_c_7","Malignant",3808.19072,3333,2176
"KICA","GSM5924034_ffpe_c_10","Normal",519.665761,367,4416
"KICA","GSM5924034_ffpe_c_10","Malignant",1535.82039,1209,206
"KICA","GSM5924034_ffpe_c_10","Boundary",555.794643,367,112
"KICA","GSM5924035_ffpe_c_20","Normal",185.646399,69,3388
"KICA","GSM5924035_ffpe_c_20","Boundary",442.537341,387,549
"KICA","GSM5924035_ffpe_c_20","Malignant",971.466976,945,863
"KICA","GSM5924036_ffpe_c_21","Normal",250.88518,176,3954
"KICA","GSM5924036_ffpe_c_21","Malignant",922.673235,1113,609
"KICA","GSM5924036_ffpe_c_21","Boundary",479.946541,465,318
"KICA","GSM5924037_ffpe_c_34","Normal",230.846834,132,2037
"KICA","GSM5924037_ffpe_c_34","Malignant",1227.27458,1188,1078
"KICA","GSM5924037_ffpe_c_34","Boundary",629.554455,692,303
"KICA","GSM5924038_ffpe_c_36","Normal",391.936981,88,2650
"KICA","GSM5924038_ffpe_c_36","Malignant",2558.26897,2779,290
"KICA","GSM5924038_ffpe_c_36","Boundary",1011.36981,707,265
"KICA","GSM5924039_ffpe_c_39","Boundary",345.029883,236,937
"KICA","GSM5924039_ffpe_c_39","Normal",111.427264,0,1093
"KICA","GSM5924039_ffpe_c_39","Malignant",1169.66908,1045,2901
"KICA","GSM5924040_ffpe_c_45","Malignant",1317.18927,1111,1305
"KICA","GSM5924040_ffpe_c_45","Normal",211.423896,30,2628
"KICA","GSM5924040_ffpe_c_45","Boundary",804.044481,1111,607
"KICA","GSM5924041_ffpe_c_51","Normal",158.570303,145,3172
"KICA","GSM5924041_ffpe_c_51","Malignant",362.635659,324,903
"KICA","GSM5924041_ffpe_c_51","Boundary",108.337349,37,249
"KICA","GSM5924042_frozen_a_1","Boundary",114.623457,46,162
"KICA","GSM5924042_frozen_a_1","Normal",12.0101664,0,1082
"KICA","GSM5924042_frozen_a_1","Malignant",502.597087,415,206
"KICA","GSM5924043_frozen_a_3","Malignant",1607.62751,1757,945
"KICA","GSM5924043_frozen_a_3","Normal",572.222892,500,332
"KICA","GSM5924043_frozen_a_3","Boundary",986.080247,879,162
"KICA","GSM5924044_frozen_a_15","Malignant",2335.59817,2693,764
"KICA","GSM5924044_frozen_a_15","Normal",773.921335,633,839
"KICA","GSM5924044_frozen_a_15","Boundary",1148.76819,633,371
"KICA","GSM5924045_frozen_a_17","Normal",1063.51092,1031,1603
"KICA","GSM5924045_frozen_a_17","Boundary",1199.375,1031,56
"KICA","GSM5924045_frozen_a_17","Malignant",1591.39394,1720,33
"KICA","GSM5924046_frozen_b_1","Malignant",2234.46774,2427,186
"KICA","GSM5924046_frozen_b_1","Normal",1056.27124,1265,1648
"KICA","GSM5924046_frozen_b_1","Boundary",1095.21429,1280,112
"KICA","GSM5924048_frozen_b_13","Normal",376.234213,168,1251
"KICA","GSM5924048_frozen_b_13","Boundary",876.12931,921,116
"KICA","GSM5924048_frozen_b_13","Malignant",1680.76836,1736,177
"KICA","GSM5924049_frozen_b_18","Normal",122.741641,28,658
"KICA","GSM5924049_frozen_b_18","Boundary",264.34322,336,236
"KICA","GSM5924049_frozen_b_18","Malignant",510.859589,462,292
"KICA","GSM5924050_frozen_c_2","Malignant",1479.8,1616,125
"KICA","GSM5924050_frozen_c_2","Boundary",1265.78125,1167,96
"KICA","GSM5924050_frozen_c_2","Normal",803.922258,980,939
"KICA","GSM5924051_frozen_c_5","Normal",56.5626761,16,1420
"KICA","GSM5924051_frozen_c_5","Malignant",411.014286,418,210
"KICA","GSM5924051_frozen_c_5","Boundary",152.422969,66,357
"KICA","GSM5924052_frozen_c_23","Normal",240.372626,252,1527
"KICA","GSM5924052_frozen_c_23","Boundary",302.597015,252,335
"KICA","GSM5924052_frozen_c_23","Malignant",459.22741,499,664
"KICA","GSM5924053_frozen_c_57","Normal",49.8575758,39,990
"KICA","GSM5924053_frozen_c_57","Malignant",76.5172414,60,29
"KICA","GSM5924053_frozen_c_57","Boundary",61.6896552,59,58
"HNCA","GSM6030901_patient_1","Boundary",1685.1125,1978,240
"HNCA","GSM6030901_patient_1","Malignant",2582.99459,2487,185
"HNCA","GSM6030901_patient_1","Normal",1206.63123,1612,903
"HNCA","GSM6030902_patient_2","Boundary",501.65873,376,126
"HNCA","GSM6030902_patient_2","Normal",222.885617,248,883
"HNCA","GSM6030902_patient_2","Malignant",1107.91139,1239,79
"BRCA","GSM6177599_NYU_BRCA0_Vis","Normal",922.391596,614,1642
"BRCA","GSM6177599_NYU_BRCA0_Vis","Malignant",3829.79655,4069,290
"BRCA","GSM6177599_NYU_BRCA0_Vis","Boundary",1249.09855,1595,345
"BRCA","GSM6177603_NYU_BRCA2_Vis","Normal",3115.66756,3504,1874
"BRCA","GSM6177603_NYU_BRCA2_Vis","Boundary",4091.39024,3947,205
"BRCA","GSM6177603_NYU_BRCA2_Vis","Malignant",5246.96,5517,250
"STCA","GSM6177607_NYU_GIST1_Vis","Normal",353.568033,441,1683
"STCA","GSM6177607_NYU_GIST1_Vis","Malignant",728.112069,851,232
"STCA","GSM6177607_NYU_GIST1_Vis","Boundary",383.453202,441,406
"STCA","GSM6177609_NYU_GIST2_Vis","Normal",6.92167208,0,2464
"STCA","GSM6177609_NYU_GIST2_Vis","Boundary",24.4,0,15
"STCA","GSM6177609_NYU_GIST2_Vis","Malignant",88.7272727,122,11
"LICA","GSM6177612_NYU_LIHC1_Vis","Boundary",967.347826,959,276
"LICA","GSM6177612_NYU_LIHC1_Vis","Normal",750.997154,823,1054
"LICA","GSM6177612_NYU_LIHC1_Vis","Malignant",1023.65574,1080,305
"OVCA","GSM6177614_NYU_OVCA1_Vis","Malignant",4246.42737,4439,358
"OVCA","GSM6177614_NYU_OVCA1_Vis","Boundary",1919.4766,1070,577
"OVCA","GSM6177614_NYU_OVCA1_Vis","Normal",907.242424,341,825
"OVCA","GSM6177617_NYU_OVCA3_Vis","Boundary",1150.16667,1188,162
"OVCA","GSM6177617_NYU_OVCA3_Vis","Normal",1110.19814,1111,858
"OVCA","GSM6177617_NYU_OVCA3_Vis","Malignant",1251.63043,1282,184
"PDAC","GSM6177618_NYU_PDAC1_Vis","Boundary",820.219462,738,483
"PDAC","GSM6177618_NYU_PDAC1_Vis","Malignant",1463.8355,1836,231
"PDAC","GSM6177618_NYU_PDAC1_Vis","Normal",579.259508,738,894
"UCEC","GSM6177623_NYU_UCEC3_Vis","Normal",351.634247,324,730
"UCEC","GSM6177623_NYU_UCEC3_Vis","Malignant",908.526462,829,359
"UCEC","GSM6177623_NYU_UCEC3_Vis","Boundary",624.815668,756,217
"HNCA","GSM6339631_s1","Normal",721.441441,530,999
"HNCA","GSM6339631_s1","Boundary",2459.81081,2641,37
"HNCA","GSM6339631_s1","Malignant",2734.97297,2753,37
"HNCA","GSM6339632_s2","Boundary",1974.04825,2219,228
"HNCA","GSM6339632_s2","Normal",1547.63327,1931,1118
"HNCA","GSM6339632_s2","Malignant",2358.66754,2376,382
"HNCA","GSM6339633_s3","Normal",148.375546,0,458
"HNCA","GSM6339633_s3","Boundary",698,244,101
"HNCA","GSM6339633_s3","Malignant",1350.03518,1422,398
"HNCA","GSM6339634_s4","Malignant",2715.57377,2805,61
"HNCA","GSM6339634_s4","Normal",669.037946,114,1792
"HNCA","GSM6339634_s4","Boundary",2009.25,1686,48
"HNCA","GSM6339635_s5","Malignant",852.409357,897,171
"HNCA","GSM6339635_s5","Normal",309.494331,353,1323
"HNCA","GSM6339635_s5","Boundary",664.345029,700,171
"HNCA","GSM6339636_s6","Normal",207.880909,159,2729
"HNCA","GSM6339636_s6","Malignant",414.487179,247,78
"HNCA","GSM6339636_s6","Boundary",223.493506,159,154
"HNCA","GSM6339637_s7","Normal",250.720401,149,2196
"HNCA","GSM6339637_s7","Boundary",799.352941,149,17
"HNCA","GSM6339637_s7","Malignant",2431,1795,4
"HNCA","GSM6339638_s8","Normal",120.699498,84,2193
"HNCA","GSM6339638_s8","Boundary",408.520548,84,73
"HNCA","GSM6339638_s8","Malignant",521.333333,547,9
"HNCA","GSM6339639_s9","Normal",124.172262,0,2949
"HNCA","GSM6339639_s9","Boundary",245.806452,20,93
"HNCA","GSM6339639_s9","Malignant",669.321429,638,28
"HNCA","GSM6339640_s10","Normal",207.085079,220,2339
"HNCA","GSM6339640_s10","Malignant",696.940397,696,151
"HNCA","GSM6339640_s10","Boundary",453.497207,411,179
"HNCA","GSM6339641_s11","Normal",204.427409,188,1598
"HNCA","GSM6339641_s11","Malignant",592.325,678,120
"HNCA","GSM6339641_s11","Boundary",417.978378,496,185
"HNCA","GSM6339642_s12","Normal",270.290826,214,1090
"HNCA","GSM6339642_s12","Boundary",528.926966,548,178
"HNCA","GSM6339642_s12","Malignant",672.262376,643,202
"BRCA","GSM6433585_092A","Normal",1560.59226,2060,775
"BRCA","GSM6433585_092A","Malignant",3029.2156,2733,436
"BRCA","GSM6433585_092A","Boundary",1018.5,393,78
"BRCA","GSM6433586_092B","Normal",568.295139,430,1152
"BRCA","GSM6433586_092B","Boundary",695.189873,430,79
"BRCA","GSM6433586_092B","Malignant",1369.15862,1389,145
"BRCA","GSM6433587_093A","Normal",1458.77396,1864,1221
"BRCA","GSM6433587_093A","Malignant",2175.98524,2114,271
"BRCA","GSM6433587_093A","Boundary",1264.30968,1466,155
"BRCA","GSM6433588_093B","Malignant",2226.45685,2099,869
"BRCA","GSM6433588_093B","Boundary",1320.03593,1053,167
"BRCA","GSM6433588_093B","Normal",511.468085,0,141
"BRCA","GSM6433589_093C","Normal",416.716772,491,632
"BRCA","GSM6433589_093C","Malignant",1826.98004,1868,902
"BRCA","GSM6433589_093C","Boundary",944.961938,887,578
"BRCA","GSM6433590_093D","Normal",492.57425,700,1367
"BRCA","GSM6433590_093D","Malignant",1228.20202,1342,99
"BRCA","GSM6433590_093D","Boundary",937,915,62
"BRCA","GSM6433591_094A","Normal",420.196862,180,701
"BRCA","GSM6433591_094A","Boundary",718.212766,757,47
"BRCA","GSM6433591_094A","Malignant",1926,1926,17
"BRCA","GSM6433592_094B","Boundary",3425.6713,3908,216
"BRCA","GSM6433592_094B","Malignant",4574.22256,4713,328
"BRCA","GSM6433592_094B","Normal",1859.91805,1404,781
"BRCA","GSM6433593_094C","Boundary",2456.41,2872,200
"BRCA","GSM6433593_094C","Normal",1736.68977,1457,880
"BRCA","GSM6433593_094C","Malignant",4553.32104,4496,461
"BRCA","GSM6433594_094D","Normal",2536.96532,4255,1211
"BRCA","GSM6433594_094D","Malignant",5436.7,4856,80
"BRCA","GSM6433594_094D","Boundary",2807.02041,4255,98
"BRCA","GSM6433595_095A","Normal",2196.08271,2367,1076
"BRCA","GSM6433595_095A","Boundary",2931.68,2790,50
"BRCA","GSM6433595_095A","Malignant",4269.22222,4377,135
"BRCA","GSM6433596_095B","Boundary",875.382353,731,136
"BRCA","GSM6433596_095B","Malignant",2179.66667,2241,234
"BRCA","GSM6433596_095B","Normal",625.579874,378,795
"BRCA","GSM6433597_117B","Normal",124.480334,79,839
"BRCA","GSM6433597_117B","Malignant",191.473684,251,133
"BRCA","GSM6433597_117B","Boundary",146.764706,80,136
"BRCA","GSM6433598_117C","Normal",211.942177,121,294
"BRCA","GSM6433598_117C","Boundary",393.376866,460,268
"BRCA","GSM6433598_117C","Malignant",599.864919,585,496
"BRCA","GSM6433599_117D","Boundary",205.929864,166,442
"BRCA","GSM6433599_117D","Normal",121.584399,48,782
"BRCA","GSM6433599_117D","Malignant",341.224828,368,725
"BRCA","GSM6433600_117E","Malignant",592.240506,606,474
"BRCA","GSM6433600_117E","Boundary",365.294574,341,129
"BRCA","GSM6433600_117E","Normal",114.463576,46,151
"BRCA","GSM6433601_118B","Normal",352.078417,487,1339
"BRCA","GSM6433601_118B","Malignant",2127.76923,2153,91
"BRCA","GSM6433601_118B","Boundary",887.777778,1005,36
"BRCA","GSM6433602_118C","Boundary",217.038462,0,104
"BRCA","GSM6433602_118C","Normal",179.377061,0,1395
"BRCA","GSM6433602_118C","Malignant",1260.58182,1529,55
"BRCA","GSM6433603_118D","Normal",197.420363,72,992
"BRCA","GSM6433603_118D","Boundary",421.623529,308,85
"BRCA","GSM6433603_118D","Malignant",725.958333,812,48
"BRCA","GSM6433604_118E","Malignant",1092.71967,1235,239
"BRCA","GSM6433604_118E","Boundary",537.136752,492,234
"BRCA","GSM6433604_118E","Normal",393.025157,299,636
"BRCA","GSM6433605_119B","Malignant",3003.83333,3214,84
"BRCA","GSM6433605_119B","Normal",542.911765,211,408
"BRCA","GSM6433605_119B","Boundary",1676.40625,2035,64
"BRCA","GSM6433606_119C","Malignant",2196.14493,2273,138
"BRCA","GSM6433606_119C","Normal",940.914286,940,560
"BRCA","GSM6433606_119C","Boundary",1388.4527,1972,148
"BRCA","GSM6433607_119D","Normal",266.737208,267,1583
"BRCA","GSM6433607_119D","Malignant",815.274566,919,346
"BRCA","GSM6433607_119D","Boundary",388.767296,267,159
"BRCA","GSM6433608_119E","Normal",699.118438,843,2381
"BRCA","GSM6433608_119E","Boundary",719.855967,843,243
"BRCA","GSM6433608_119E","Malignant",1190.96907,1235,485
"BRCA","GSM6433609_120B","Boundary",512.75,453,464
"BRCA","GSM6433609_120B","Normal",349.490647,453,695
"BRCA","GSM6433609_120B","Malignant",1142.46499,1200,357
"BRCA","GSM6433610_120C","Normal",588.230924,395,498
"BRCA","GSM6433610_120C","Malignant",3215.04408,3039,726
"BRCA","GSM6433610_120C","Boundary",1868.61161,1928,224
"BRCA","GSM6433611_120D","Normal",1911.5823,1414,644
"BRCA","GSM6433611_120D","Malignant",5059.15957,4450,376
"BRCA","GSM6433611_120D","Boundary",3194.64331,3472,314
"BRCA","GSM6433612_120E","Normal",1395.56905,1637,782
"BRCA","GSM6433612_120E","Boundary",2606.74194,3589,31
"BRCA","GSM6433612_120E","Malignant",3514,3589,29
"BRCA","GSM6433613_395A","Malignant",1247.62134,1246,581
"BRCA","GSM6433613_395A","Boundary",817.526316,648,171
"BRCA","GSM6433613_395A","Normal",278.566038,85,1113
"BRCA","GSM6433614_395B","Normal",698.189873,695,1106
"BRCA","GSM6433614_395B","Boundary",1212.14894,1023,47
"BRCA","GSM6433614_395B","Malignant",1528,1912,45
"BRCA","GSM6433615_395C","Boundary",1626.31783,1264,129
"BRCA","GSM6433615_395C","Normal",655.869263,570,719
"BRCA","GSM6433615_395C","Malignant",2741.8,2912,195
"BRCA","GSM6433616_395D","Normal",1047.98561,510,556
"BRCA","GSM6433616_395D","Malignant",3359.84889,3414,225
"BRCA","GSM6433616_395D","Boundary",1955,2007,138
"BRCA","GSM6433617_396A","Normal",922.411111,556,360
"BRCA","GSM6433617_396A","Boundary",2090.2449,2186,49
"BRCA","GSM6433617_396A","Malignant",2898.62121,3401,66
"BRCA","GSM6433618_396C","Normal",417.049645,96,1974
"BRCA","GSM6433618_396C","Boundary",1057.41096,1095,73
"BRCA","GSM6433618_396C","Malignant",1223.25949,1353,158
"BRCA","GSM6433619_396D","Normal",238.007588,42,1845
"BRCA","GSM6433619_396D","Malignant",1499.76305,1607,249
"BRCA","GSM6433619_396D","Boundary",839.585859,843,99
"BRCA","GSM6433620_397A","Normal",550.954412,619,680
"BRCA","GSM6433620_397A","Boundary",1050.75728,973,103
"BRCA","GSM6433620_397A","Malignant",1553.46479,1731,142
"BRCA","GSM6433621_397B","Boundary",3078.35897,3226,78
"BRCA","GSM6433621_397B","Malignant",4229.08661,4251,254
"BRCA","GSM6433621_397B","Normal",1899.69159,3226,428
"BRCA","GSM6433622_397C","Malignant",3544.01757,3883,626
"BRCA","GSM6433622_397C","Normal",2074.67959,2724,387
"BRCA","GSM6433622_397C","Boundary",2156.88652,1893,282
"BRCA","GSM6433623_397D","Normal",1011.22727,302,726
"BRCA","GSM6433623_397D","Boundary",3423.80702,3368,57
"BRCA","GSM6433623_397D","Malignant",4139,4139,71
"BRCA","GSM6433624_398A","Normal",1186.29255,1427,564
"BRCA","GSM6433624_398A","Malignant",2286.92208,2309,231
"BRCA","GSM6433624_398A","Boundary",1641.43478,1779,69
"BRCA","GSM6433625_398B","Normal",1237.35581,1520,534
"BRCA","GSM6433625_398B","Boundary",1344.54902,1520,51
"BRCA","GSM6433625_398B","Malignant",1856.90909,1983,44
"BRCA","GSM6433626_398C","Normal",240.770087,128,809
"BRCA","GSM6433626_398C","Boundary",579.212121,447,33
"BRCA","GSM6433626_398C","Malignant",535.466667,128,15
"BRCA","GSM6433627_398D","Normal",150.296784,0,684
"BRCA","GSM6433627_398D","Boundary",647.409357,408,171
"BRCA","GSM6433627_398D","Malignant",1013.25,1261,112
"PDAC","GSM6505133_DonorA","Normal",246.563523,219,1771
"PDAC","GSM6505133_DonorA","Boundary",233.985965,63,285
"PDAC","GSM6505133_DonorA","Malignant",1216.14865,1160,148
"PDAC","GSM6505134_DonorB","Normal",605.04913,550,2300
"PDAC","GSM6505134_DonorB","Boundary",1619.43804,1760,347
"PDAC","GSM6505134_DonorB","Malignant",2011.99449,2045,363
"PDAC","GSM6505135_DonorC","Normal",125.691847,82,1337
"PDAC","GSM6505135_DonorC","Malignant",714.616943,895,543
"PDAC","GSM6505135_DonorC","Boundary",314.571984,180,257
"OVCA","GSM6506110_SP1","Malignant",2633.77286,2738,1334
"OVCA","GSM6506110_SP1","Normal",1117.08296,1412,892
"OVCA","GSM6506110_SP1","Boundary",1768.42206,1989,680
"OVCA","GSM6506111_SP2","Normal",197.367371,0,1704
"OVCA","GSM6506111_SP2","Malignant",2744.60976,3277,82
"OVCA","GSM6506111_SP2","Boundary",831.986301,315,146
"OVCA","GSM6506112_SP3","Normal",679.628256,207,1267
"OVCA","GSM6506112_SP3","Boundary",2067.53676,1960,136
"OVCA","GSM6506112_SP3","Malignant",3362.52041,3683,98
"OVCA","GSM6506113_SP4","Normal",1661.39161,1467,2597
"OVCA","GSM6506113_SP4","Boundary",2019.71698,2273,159
"OVCA","GSM6506113_SP4","Malignant",2841.82791,3011,215
"OVCA","GSM6506114_SP5","Normal",410.433642,409,1944
"OVCA","GSM6506114_SP5","Malignant",2561,2580,82
"OVCA","GSM6506114_SP5","Boundary",887.3875,853,80
"OVCA","GSM6506115_SP6","Normal",673.009211,589,1520
"OVCA","GSM6506115_SP6","Malignant",4752,5536,93
"OVCA","GSM6506115_SP6","Boundary",1352.6236,589,178
"OVCA","GSM6506116_SP7","Boundary",1449.36327,1546,1002
"OVCA","GSM6506116_SP7","Normal",854.027397,973,1752
"OVCA","GSM6506116_SP7","Malignant",2006.51071,2053,840
"OVCA","GSM6506117_SP8","Normal",2539.45114,2341,2722
"OVCA","GSM6506117_SP8","Malignant",5359.83117,5513,308
"OVCA","GSM6506117_SP8","Boundary",4621.73958,4738,96
"OVCA","A_955_OvarianTumor","Normal",910.357834,1032,2068
"OVCA","A_955_OvarianTumor","Malignant",3818.9207,3859,454
"OVCA","A_955_OvarianTumor","Boundary",1277.56835,1032,834
"OVCA","A_GTFB1154_OvarianCancerTumor","Normal",161.485962,134,1959
"OVCA","A_GTFB1154_OvarianCancerTumor","Boundary",626.912134,247,239
"OVCA","A_GTFB1154_OvarianCancerTumor","Malignant",3861.91892,3547,74
"OVCA","B_GTFB1191_OvarianCancerTumor","Normal",599.4381,556,2084
"OVCA","B_GTFB1191_OvarianCancerTumor","Malignant",1270.87952,1387,664
"OVCA","B_GTFB1191_OvarianCancerTumor","Boundary",869.946292,556,391
"OVCA","C_GTFB1170_SmallCellOvarianCancer","Normal",9.09783784,0,1850
"OVCA","C_GTFB1170_SmallCellOvarianCancer","Malignant",126.581081,149,148
"OVCA","C_GTFB1170_SmallCellOvarianCancer","Boundary",71.7013889,52,144
"OVCA","D_GTFB1170_SmallCellOvarianCancer","Normal",34.0544503,30,1910
"OVCA","D_GTFB1170_SmallCellOvarianCancer","Boundary",40.1278195,30,133
"OVCA","D_GTFB1170_SmallCellOvarianCancer","Malignant",111.10177,135,452
"OVCA","D_GTFB_1230_OvarianTumor","Normal",31.5413306,0,3968
"OVCA","D_GTFB_1230_OvarianTumor","Boundary",148.53719,208,121
"OVCA","D_GTFB_1230_OvarianTumor","Malignant",380.029851,433,67
"HNCA","GSM6833484_Patient1","Boundary",3121.84476,2777,715
"HNCA","GSM6833484_Patient1","Normal",1267.3787,269,1925
"HNCA","GSM6833484_Patient1","Malignant",4570.85567,4851,1552
"HNCA","GSM6833485_Patient2","Malignant",3267.16713,3569,359
"HNCA","GSM6833485_Patient2","Normal",1145.5391,698,3517
"HNCA","GSM6833485_Patient2","Boundary",2285.92857,2857,406
"HNCA","GSM6833486_Patient3","Normal",3529.86172,3454,4086
"HNCA","GSM6833486_Patient3","Malignant",4528.55906,4381,127
"HNCA","GSM6833486_Patient3","Boundary",3866.94872,4381,78
"HNCA","GSM6833487_Patient4","Malignant",5287.54773,5559,1121
"HNCA","GSM6833487_Patient4","Boundary",3492.15729,3084,782
"HNCA","GSM6833487_Patient4","Normal",2822.87196,3084,2382
"OVCA","GSM7019835_OCCR2v","Normal",251.834826,144,1005
"OVCA","GSM7019835_OCCR2v","Boundary",399.635294,538,255
"OVCA","GSM7019835_OCCR2v","Malignant",845.103734,903,241
"OVCA","GSM7019836_OCCS3v","Normal",317.712946,272,533
"OVCA","GSM7019836_OCCS3v","Boundary",392.181319,457,182
"OVCA","GSM7019836_OCCS3v","Malignant",548.720588,588,136
"UCEC","01_034_C1d1","Normal",2008.91824,1975,318
"UCEC","01_034_C1d1","Boundary",2227.08108,2163,148
"UCEC","01_034_C1d1","Malignant",4105.46875,4340,64
"UCEC","01_034_C3d1","Malignant",1304.79545,1387,440
"UCEC","01_034_C3d1","Normal",110.478022,0,182
"UCEC","01_034_C3d1","Boundary",398.679389,126,131
"UCEC","01_039_C1d1","Normal",794.198347,691,726
"UCEC","01_039_C1d1","Malignant",1795.30233,1832,172
"UCEC","01_039_C1d1","Boundary",700.592,189,125
"UCEC","01_039_C3d1","Normal",760.698011,778,1659
"UCEC","01_039_C3d1","Malignant",1573.88755,1632,249
"UCEC","01_039_C3d1","Boundary",966.583691,778,233
"COCA","GSM7058756","Malignant",3786.13817,3804,579
"COCA","GSM7058756","Normal",1373.07073,702,1117
"COCA","GSM7058756","Boundary",3027.05307,2965,358
"COCA","GSM7058757","Normal",1779.43797,914,2249
"COCA","GSM7058757","Malignant",6558.96127,6655,568
"COCA","GSM7058757","Boundary",4301.35,3767,260
"COCA","GSM7058758","Malignant",1321.77857,1361,280
"COCA","GSM7058758","Normal",754.16689,957,2984
"COCA","GSM7058758","Boundary",1166.95455,1139,66
"COCA","GSM7058759","Normal",569.180702,473,3420
"COCA","GSM7058759","Boundary",1324.93088,1580,217
"COCA","GSM7058759","Malignant",1987.45482,2335,332
"COCA","Ajou_Visium_P1","Normal",1316.51121,2007,3032
"COCA","Ajou_Visium_P1","Malignant",1977.16917,2009,532
"COCA","Ajou_Visium_P1","Boundary",1442.05709,2007,578
"COCA","Ajou_Visium_P2","Normal",404.231971,357,2177
"COCA","Ajou_Visium_P2","Boundary",1978.93769,1929,321
"COCA","Ajou_Visium_P2","Malignant",2649.72202,2671,1090
"COCA","Ajou_Visium_P3","Normal",51.9049743,14,4483
"COCA","Ajou_Visium_P3","Malignant",940,1024,6
"COCA","Ajou_Visium_P3","Boundary",586.105263,302,19
"COCA","Ajou_Visium_P4","Normal",421.316289,326,2425
"COCA","Ajou_Visium_P4","Malignant",4093.92667,5054,450
"COCA","Ajou_Visium_P4","Boundary",1424.65039,1856,389
"OVCA","GSM7090086_NextSeq2000","Normal",236.492982,0,570
"OVCA","GSM7090086_NextSeq2000","Malignant",1661.34834,1424,1599
"OVCA","GSM7090086_NextSeq2000","Boundary",710.97479,107,357
"OVCA","GSM7090087_NextSeq2000","Normal",199.824561,85,1995
"OVCA","GSM7090087_NextSeq2000","Malignant",1215.46667,1349,180
"OVCA","GSM7090087_NextSeq2000","Boundary",395.339552,329,268
"OVCA","GSM7090088_NextSeq2000","Normal",263.907458,212,1837
"OVCA","GSM7090088_NextSeq2000","Boundary",522.985294,442,68
"OVCA","GSM7090088_NextSeq2000","Malignant",1274.29167,1243,72
"PRCA","GSM7211257_EHU-W3","Normal",477.156879,277,3678
"PRCA","GSM7211257_EHU-W3","Malignant",8096.82924,8600,896
"PRCA","GSM7211257_EHU-W3","Boundary",2505.95596,3109,386
"PDAC","GSM7421790_PDAC_1","Normal",655.172252,667,1492
"PDAC","GSM7421790_PDAC_1","Boundary",1626.82292,1000,96
"PDAC","GSM7421790_PDAC_1","Malignant",2799.69231,2707,52
"PDAC","GSM7421791_PDAC_2","Normal",366.252174,279,690
"PDAC","GSM7421791_PDAC_2","Malignant",1662.06316,1653,95
"PDAC","GSM7421791_PDAC_2","Boundary",745.054545,902,55
"PDAC","GSM7421792_PDAC_3","Boundary",770.651685,145,89
"PDAC","GSM7421792_PDAC_3","Normal",952.737349,824,830
"PDAC","GSM7421792_PDAC_3","Malignant",2479.68,2494,75
"PDAC","GSM7498811_SS1905133","Normal",132.799938,0,3209
"PDAC","GSM7498811_SS1905133","Malignant",862.275862,970,290
"PDAC","GSM7498811_SS1905133","Boundary",339.892857,270,448
"PDAC","GSM7498812_SS1923404","Normal",188.55679,212,1981
"PDAC","GSM7498812_SS1923404","Malignant",1675.98193,1817,166
"PDAC","GSM7498812_SS1923404","Boundary",885.864583,544,96
"PDAC","GSM7498813_SS1945070","Normal",143.024321,41,3865
"PDAC","GSM7498813_SS1945070","Malignant",1049.06329,1321,158
"PDAC","GSM7498813_SS1945070","Boundary",285.176471,41,68
"PDAC","GSM7498814_SS1960050","Normal",516.993495,532,3997
"PDAC","GSM7498814_SS1960050","Malignant",1902.16667,2222,114
"PDAC","GSM7498814_SS1960050","Boundary",919.074534,553,161
"PDAC","GSM7498815_SS2002154","Malignant",598.595588,553,1224
"PDAC","GSM7498815_SS2002154","Normal",182.511176,106,1700
"PDAC","GSM7498815_SS2002154","Boundary",330.170833,292,240
"PDAC","GSM7498816_SS2005094","Normal",167.58877,166,3188
"PDAC","GSM7498816_SS2005094","Malignant",631.264493,504,276
"PDAC","GSM7498816_SS2005094","Boundary",337.886957,391,115
"PDAC","GSM7498817_SS2021309","Normal",114.342029,49,2760
"PDAC","GSM7498817_SS2021309","Malignant",1426.04624,1648,173
"PDAC","GSM7498817_SS2021309","Boundary",318.351852,84,108
"LICA","HCC1R","Normal",391.612669,431,2068
"LICA","HCC1R","Malignant",1023.8648,1032,392
"LICA","HCC1R","Boundary",585.803419,472,117
"LICA","HCC3R","Boundary",317.238095,211,231
"LICA","HCC3R","Normal",220.320104,123,1159
"LICA","HCC3R","Malignant",443.623352,456,531
"LICA","HCC4R","Normal",1428.69611,1813,2491
"LICA","HCC4R","Malignant",2124.51538,2320,260
"LICA","HCC4R","Boundary",1834.8719,1813,242
"LICA","HCC6NR","Malignant",32.3160763,37,367
"LICA","HCC6NR","Normal",17.5483668,0,1592
"LICA","HCC6NR","Boundary",22.398374,34,615
"LICA","HCC7NR","Boundary",331.630021,259,946
"LICA","HCC7NR","Malignant",368.385135,435,740
"LICA","HCC7NR","Normal",346.564706,408,765
"BRCA","GSM7757970_R1-S1","Boundary",954.848485,853,132
"BRCA","GSM7757970_R1-S1","Normal",430.966739,329,2315
"BRCA","GSM7757970_R1-S1","Malignant",2494.69697,2546,297
"BRCA","GSM7757972_R1-S3","Normal",644.467577,491,1465
"BRCA","GSM7757972_R1-S3","Malignant",1458.5,1652,12
"BRCA","GSM7757972_R1-S3","Boundary",565.736842,491,19
"BRCA","GSM7757973_R1-S4","Normal",286.915957,252,940
"BRCA","GSM7757973_R1-S4","Malignant",738.957914,852,1093
"BRCA","GSM7757973_R1-S4","Boundary",491.472727,441,385
"BRCA","GSM7757974_R1-S5","Normal",2557.3977,3464,1305
"BRCA","GSM7757974_R1-S5","Malignant",3899.74413,3787,809
"BRCA","GSM7757974_R1-S5","Boundary",2358.28302,1167,159
"BRCA","GSM7757975_R1-S6","Malignant",2427.42956,2375,866
"BRCA","GSM7757975_R1-S6","Normal",1134.95646,1190,2136
"BRCA","GSM7757975_R1-S6","Boundary",1609.97487,1599,199
"BRCA","GSM7757976_R2-S1","Normal",390.402402,155,1332
"BRCA","GSM7757976_R2-S1","Malignant",1194.56686,1277,845
"BRCA","GSM7757976_R2-S1","Boundary",715.080729,619,384
"BRCA","GSM7757977_R2-S2","Normal",358.357768,381,1828
"BRCA","GSM7757977_R2-S2","Boundary",801.903564,752,477
"BRCA","GSM7757977_R2-S2","Malignant",1605.22054,1761,331
"BRCA","GSM7757978_R2-S3","Boundary",178.622788,138,904
"BRCA","GSM7757978_R2-S3","Normal",109.479711,138,1109
"BRCA","GSM7757978_R2-S3","Malignant",532.415172,421,725
"BRCA","GSM7757979_R2-S4","Malignant",3104.78172,3105,536
"BRCA","GSM7757979_R2-S4","Normal",3048.11508,3030,504
"BRCA","GSM7757979_R2-S4","Boundary",3091.39286,3105,56
"BRCA","GSM7757980_R2-S5","Normal",450.843551,55,2039
"BRCA","GSM7757980_R2-S5","Malignant",5073.56463,5526,147
"BRCA","GSM7757980_R2-S5","Boundary",2127.5,1312,90
"BRCA","GSM7757982_R3-S2","Normal",756.972209,598,2051
"BRCA","GSM7757982_R3-S2","Malignant",1743.62115,1863,227
"BRCA","GSM7757982_R3-S2","Boundary",1054.37908,1252,153
"BRCA","GSM7757983_R3-S3","Normal",33.4860558,21,2510
"BRCA","GSM7757983_R3-S3","Malignant",174.027778,163,108
"BRCA","GSM7757983_R3-S3","Boundary",58.5294118,36,51
"BRCA","GSM7757984_R3-S4","Normal",1519.70902,981,1464
"BRCA","GSM7757984_R3-S4","Malignant",3956.19748,3864,795
"BRCA","GSM7757984_R3-S4","Boundary",2125.47098,1796,603
"BRCA","GSM7757985_R3-S5","Normal",673.504938,275,810
"BRCA","GSM7757985_R3-S5","Malignant",4709.37094,5093,2030
"BRCA","GSM7757985_R3-S5","Boundary",2042.26478,1544,423
"BRCA","GSM7777520_A1","Normal",120.214758,97,908
"BRCA","GSM7777520_A1","Boundary",226.783784,267,37
"BRCA","GSM7777520_A1","Malignant",1080.04348,809,23
"BRCA","GSM7777521_B1","Normal",1060.84709,781,654
"BRCA","GSM7777521_B1","Boundary",2046.03333,1794,60
"BRCA","GSM7777521_B1","Malignant",2641.3,3387,40
"BRCA","GSM7777522_C1","Normal",582.277778,704,144
"BRCA","GSM7777522_C1","Malignant",2054.728,2206,375
"BRCA","GSM7777522_C1","Boundary",1090.18333,821,120
"BRCA","GSM7777523_D1","Normal",704.320611,850,524
"BRCA","GSM7777523_D1","Boundary",960.6625,850,80
"BRCA","GSM7777523_D1","Malignant",1847.35849,2141,53
"LICA","GSM7850822_CHC20","Malignant",2365.2305,2418,282
"LICA","GSM7850822_CHC20","Boundary",1603.58252,1955,103
"LICA","GSM7850822_CHC20","Normal",1440.59285,1486,1874
"LICA","HRA000437_HCC-1T","Normal",619.0939,382,2492
"LICA","HRA000437_HCC-1T","Malignant",1646.71026,1636,604
"LICA","HRA000437_HCC-1T","Boundary",437.305882,283,85
"LICA","HRA000437_HCC-2T","Malignant",3765.23302,3837,1781
"LICA","HRA000437_HCC-2T","Boundary",2028.02038,2176,1325
"LICA","HRA000437_HCC-2T","Normal",1132.03763,803,1621
"LICA","HRA000437_HCC-3T","Normal",31.7927263,40,3657
"LICA","HRA000437_HCC-3T","Malignant",39.8801498,43,267
"LICA","HRA000437_HCC-3T","Boundary",36.4003795,41,527
"LICA","HRA000437_HCC-4T","Normal",3.60617319,0,3499
"LICA","HRA000437_HCC-4T","Malignant",43.6080692,61,347
"LICA","HRA000437_HCC-4T","Boundary",22.1634615,0,312
"BRCA","Parent_Visium_Human_BreastCancer_201027","Normal",1217.48523,1186,2370
"BRCA","Parent_Visium_Human_BreastCancer_201027","Boundary",1537.83155,1524,843
"BRCA","Parent_Visium_Human_BreastCancer_201027","Malignant",2169.78323,2150,775
"COCA","Parent_Visium_Human_ColorectalCancer_201027","Boundary",706.816667,600,120
"COCA","Parent_Visium_Human_ColorectalCancer_201027","Normal",540.369605,600,2711
"COCA","Parent_Visium_Human_ColorectalCancer_201027","Malignant",893.230769,910,299
"OVCA","Parent_Visium_Human_OvarianCancer_201027","Normal",1884.85571,1666,1497
"OVCA","Parent_Visium_Human_OvarianCancer_201027","Boundary",2900.25483,3407,828
"OVCA","Parent_Visium_Human_OvarianCancer_201027","Malignant",3594.66609,3752,1159
"THCA","S16_43398","Normal",335.874317,213,3660
"THCA","S16_43398","Boundary",391.390756,476,238
"THCA","S16_43398","Malignant",660.485222,773,406
"THCA","S20_47598","Normal",568.492891,396,4009
"THCA","S20_47598","Boundary",961.423497,396,366
"THCA","S20_47598","Malignant",3145.6122,3875,508
"THCA","S20_61122","Normal",142.361319,91,2668
"THCA","S20_61122","Malignant",570.987234,667,705
"THCA","S20_61122","Boundary",315.395276,186,635
"THCA","S20_63981","Boundary",144.56701,121,291
"THCA","S20_63981","Normal",39.6130435,0,3910
"THCA","S20_63981","Malignant",476.531136,433,546
"THCA","S21_10267","Normal",1050.24211,1119,3040
"THCA","S21_10267","Malignant",3656.6775,3498,1538
"THCA","S21_10267","Boundary",2401.20833,2408,240
"COCA","SN048_A121573_Rep1","Normal",166.243976,161,1328
"COCA","SN048_A121573_Rep1","Malignant",774.599662,700,592
"COCA","SN048_A121573_Rep1","Boundary",286.075,161,280
"COCA","SN048_A121573_Rep2","Normal",188.534512,163,1753
"COCA","SN048_A121573_Rep2","Boundary",460.503906,201,256
"COCA","SN048_A121573_Rep2","Malignant",1466.92183,1013,371
"COCA","SN048_A416371_Rep1","Normal",63.5700258,0,1935
"COCA","SN048_A416371_Rep1","Malignant",247.204861,285,288
"COCA","SN048_A416371_Rep1","Boundary",106.675676,94,74
"COCA","SN048_A416371_Rep2","Normal",60.7986897,0,1679
"COCA","SN048_A416371_Rep2","Malignant",760.109375,872,64
"COCA","SN048_A416371_Rep2","Boundary",266.072727,260,55
"COCA","SN123_A551763_Rep1","Boundary",114.608108,155,74
"COCA","SN123_A551763_Rep1","Normal",80.488117,56,547
"COCA","SN123_A551763_Rep1","Malignant",175.173913,193,69
"COCA","SN123_A595688_Rep1","Normal",346.98613,227,721
"COCA","SN123_A595688_Rep1","Boundary",1239.70792,889,202
"COCA","SN123_A595688_Rep1","Malignant",2648.21642,2942,268
"COCA","SN123_A938797_Rep1_X","Normal",183.079466,70,1724
"COCA","SN123_A938797_Rep1_X","Malignant",2054.4069,2242,145
"COCA","SN123_A938797_Rep1_X","Boundary",546.89243,70,251
"COCA","SN124_A551763_Rep2","Normal",102.655319,44,1175
"COCA","SN124_A551763_Rep2","Boundary",247.545455,44,22
"COCA","SN124_A551763_Rep2","Malignant",573.142857,617,14
"COCA","SN124_A595688_Rep2","Malignant",2029.36029,2497,136
"COCA","SN124_A595688_Rep2","Normal",558.060109,338,183
"COCA","SN124_A595688_Rep2","Boundary",1190.05882,1286,68
"COCA","SN124_A938797_Rep2","Boundary",217.793296,0,358
"COCA","SN124_A938797_Rep2","Malignant",2229.74236,2525,229
"COCA","SN124_A938797_Rep2","Normal",111.199637,0,1102
"COCA","SN84_A120838_Rep1","Normal",681.13615,266,213
"COCA","SN84_A120838_Rep1","Malignant",2818.7,2606,60
"COCA","SN84_A120838_Rep1","Boundary",1968.98182,2180,55
"COCA","SN84_A120838_Rep2","Normal",607.521236,835,518
"COCA","SN84_A120838_Rep2","Malignant",2038.97959,2185,294
"COCA","SN84_A120838_Rep2","Boundary",1204.07725,948,233
"SKCA","V10F24-015_A1","Normal",348.750492,160,2541
"SKCA","V10F24-015_A1","Boundary",1228.81579,575,76
"SKCA","V10F24-015_A1","Malignant",1968.27835,2044,97
"SKCA","V10F24-015_B1","Boundary",1453.33482,1536,224
"SKCA","V10F24-015_B1","Normal",940.811173,810,1790
"SKCA","V10F24-015_B1","Malignant",2004.53821,2113,301
"SKCA","V10F24-015_C1","Normal",504.179113,488,1848
"SKCA","V10F24-015_C1","Boundary",1082.67194,1007,253
"SKCA","V10F24-015_C1","Malignant",2035.11497,2028,461
"SKCA","V10F24-015_D1","Normal",558.327736,378,1727
"SKCA","V10F24-015_D1","Boundary",1254.34286,1137,105
"SKCA","V10F24-015_D1","Malignant",1639.45763,1722,59
"PRCA","V11A20-405_C1","Boundary",2643.89899,2706,198
"PRCA","V11A20-405_C1","Normal",897.777829,903,2174
"PRCA","V11A20-405_C1","Malignant",2941.44773,2995,1253
"PRCA","V11A20-405_D1","Normal",1477.30028,791,2521
"PRCA","V11A20-405_D1","Boundary",3073.27133,3115,457
"PRCA","V11A20-405_D1","Malignant",3344.99833,3387,1201
"PRCA","V11M22-349_C1","Normal",261.556182,237,2483
"PRCA","V11M22-349_C1","Malignant",939.087487,1030,983
"PRCA","V11M22-349_C1","Boundary",713.866803,713,488
"PRCA","V11M22-349_D1","Boundary",85.8764368,61,348
"PRCA","V11M22-349_D1","Normal",201.90739,190,3261
"PRCA","V11M22-349_D1","Malignant",517.887387,617,222
"BRCA","V1_Breast_Cancer_Block_A_Section_2_200623","Normal",2182.34574,2877,3358
"BRCA","V1_Breast_Cancer_Block_A_Section_2_200623","Malignant",3722.69207,3597,328
"BRCA","V1_Breast_Cancer_Block_A_Section_2_200623","Boundary",2933.22408,3597,299
"BRCA","V1_Human_Invasive_Ductal_Carcinoma_210511","Normal",739.963255,1137,4055
"BRCA","V1_Human_Invasive_Ductal_Carcinoma_210511","Boundary",726.59,251,300
"BRCA","V1_Human_Invasive_Ductal_Carcinoma_210511","Malignant",1507.19337,1689,362
"BRCA","Visium_FFPE_Human_Breast_Cancer_210609","Normal",313.676093,134,1556
"BRCA","Visium_FFPE_Human_Breast_Cancer_210609","Boundary",1196.898,1262,500
"BRCA","Visium_FFPE_Human_Breast_Cancer_210609","Malignant",3281.83696,3291,460
"COCA","Visium_FFPE_Human_Intestinal_Cancer_220329","Normal",562.066621,64,1471
"COCA","Visium_FFPE_Human_Intestinal_Cancer_220329","Boundary",677.633491,735,633
"COCA","Visium_FFPE_Human_Intestinal_Cancer_220329","Malignant",3239.6277,3358,556
"OVCA","Visium_FFPE_Human_Ovarian_Cancer_220329","Malignant",993.631628,1017,1075
"OVCA","Visium_FFPE_Human_Ovarian_Cancer_220329","Normal",210.169573,167,1663
"OVCA","Visium_FFPE_Human_Ovarian_Cancer_220329","Boundary",444.209205,219,717
"PRCA","Visium_FFPE_Human_Prostate_Acinar_Cell_Carcinoma_211009","Normal",24.6387176,0,2433
"PRCA","Visium_FFPE_Human_Prostate_Acinar_Cell_Carcinoma_211009","Boundary",59.916318,59,239
"PRCA","Visium_FFPE_Human_Prostate_Acinar_Cell_Carcinoma_211009","Malignant",230.045822,244,371
"PRCA","Visium_FFPE_Human_Prostate_Cancer_210609","Normal",130.830597,40,2863
"PRCA","Visium_FFPE_Human_Prostate_Cancer_210609","Malignant",1194.52946,1280,1171
"PRCA","Visium_FFPE_Human_Prostate_Cancer_210609","Boundary",563.516418,694,335
"PRCA","Visium_FFPE_Human_Prostate_IF_220713","Normal",11.5248928,0,3033
"PRCA","Visium_FFPE_Human_Prostate_IF_220713","Malignant",87.1809524,95,210
"PRCA","Visium_FFPE_Human_Prostate_IF_220713","Boundary",22.281106,0,217
"BRCA","Visium_Human_Breast_Cancer_220702","Normal",1105.38015,1159,3104
"BRCA","Visium_Human_Breast_Cancer_220702","Boundary",2419.39565,2759,781
"BRCA","Visium_Human_Breast_Cancer_220702","Malignant",3162.20427,3261,984
"SKCA","WSSKNKCLsp12140270","Normal",91.2087591,10,685
"SKCA","WSSKNKCLsp12140270","Malignant",857.628571,823,70
"SKCA","WSSKNKCLsp12140270","Boundary",259.946429,233.5,56
"SKCA","WSSKNKCLsp12140271","Normal",254.363032,0,752
"SKCA","WSSKNKCLsp12140271","Malignant",1478.6015,1555,133
"SKCA","WSSKNKCLsp12140271","Boundary",682.935897,1033,156
"SKCA","WSSKNKCLsp12140272","Normal",723.949071,802,1669
"SKCA","WSSKNKCLsp12140272","Malignant",2009.46667,2160,105
"SKCA","WSSKNKCLsp12140272","Boundary",721.302326,802,86
"SKCA","WSSKNKCLsp12140273","Normal",98.636612,25,1098
"SKCA","WSSKNKCLsp12140273","Boundary",566.021739,250,46
"SKCA","WSSKNKCLsp12140273","Malignant",1230.25714,1237,35
"SKCA","WSSKNKCLsp12887267","Normal",80.2603116,98,1091
"SKCA","WSSKNKCLsp12887267","Boundary",92.5,98,114
"SKCA","WSSKNKCLsp12887267","Malignant",588.648438,179,128
"SKCA","WSSKNKCLsp12887268","Normal",438.438665,54,1019
"SKCA","WSSKNKCLsp12887268","Boundary",661.454545,688,66
"SKCA","WSSKNKCLsp12887268","Malignant",1321.12281,1251,57
"SKCA","WSSKNKCLsp12887269","Normal",166.127596,127,674
"SKCA","WSSKNKCLsp12887269","Malignant",428.043796,467,137
"SKCA","WSSKNKCLsp12887269","Boundary",220.076923,200,117
"SKCA","WSSKNKCLsp12887270","Normal",278.153576,0,853
"SKCA","WSSKNKCLsp12887270","Boundary",1293.21053,1127,38
"SKCA","WSSKNKCLsp12887270","Malignant",1807.5,1983,18
"LICA","Zenodo10119273_Tumor2","Malignant",1919.80499,1904,441
"LICA","Zenodo10119273_Tumor2","Normal",630.775348,840,1006
"LICA","Zenodo10119273_Tumor2","Boundary",1349.93182,1426,176
"COCA","scCRLM_Atlas_ST-colon1","Boundary",377.149584,327,361
"COCA","scCRLM_Atlas_ST-colon1","Malignant",613.521028,671,428
"COCA","scCRLM_Atlas_ST-colon1","Normal",249.443693,237,2513
"COCA","scCRLM_Atlas_ST-colon2","Normal",952.131968,1032,3857
"COCA","scCRLM_Atlas_ST-colon2","Boundary",1323.19469,1032,113
"COCA","scCRLM_Atlas_ST-colon2","Malignant",2136.9641,1846,195
"COCA","scCRLM_Atlas_ST-colon3","Normal",118.351305,95,3524
"COCA","scCRLM_Atlas_ST-colon3","Malignant",655.286738,748,279
"COCA","scCRLM_Atlas_ST-colon3","Boundary",421.060914,124,197
"COCA","scCRLM_Atlas_ST-colon4","Normal",376.186355,130,2785
"COCA","scCRLM_Atlas_ST-colon4","Malignant",2456.79635,2571,712
"COCA","scCRLM_Atlas_ST-colon4","Boundary",2043.29545,2379,396
