panel,global_anno,gene,celltype,median_pearson_r,row_zscore,is_designated
a,Major celltypes,CDH1,Epithelial,0.319063965663315,2.438131529520567,True
a,Major celltypes,CDH1,T cell,-0.186790203061809,-0.5453392079069833,False
a,Major celltypes,CDH1,B cell,-0.157684368180698,-0.3736762820581331,False
a,Major celltypes,CDH1,Myeloid,-0.135140262594361,-0.24071369426761577,False
a,Major celltypes,CDH1,Endothelial,-0.16344323517794,-0.40764142899032124,False
a,Major celltypes,CDH1,Fibroblast,-0.182956295409392,-0.5227272537151002,False
a,Major celltypes,CDH1,Mural,-0.153336604418145,-0.3480336625824136,False
a,Major celltypes,CD3E,Epithelial,-0.1469891652402435,-1.861857697405651,False
a,Major celltypes,CD3E,T cell,0.219382366370694,1.3989584520883003,True
a,Major celltypes,CD3E,B cell,0.1784668690890355,1.0347982955554806,False
a,Major celltypes,CD3E,Myeloid,0.1076095193116815,0.4041467013980491,False
a,Major celltypes,CD3E,Endothelial,0.0387614575738523,-0.2086216285781873,False
a,Major celltypes,CD3E,Fibroblast,0.02427825473184805,-0.3375264632850395,False
a,Major celltypes,CD3E,Mural,0.013899817192748149,-0.4298976597729515,False
a,Major celltypes,CD79A,Epithelial,-0.159988566474836,-1.7762844571472731,False
a,Major celltypes,CD79A,T cell,0.190953609975746,1.0504803038161867,False
a,Major celltypes,CD79A,B cell,0.256735018018781,1.5803355867100455,True
a,Major celltypes,CD79A,Myeloid,0.05776268523534,-0.022344331695620463,False
a,Major celltypes,CD79A,Endothelial,0.0323946018307461,-0.22667886038224525,False
a,Major celltypes,CD79A,Fibroblast,0.0311104933671883,-0.2370220815668647,False
a,Major celltypes,CD79A,Mural,0.0147892591582974,-0.36848615973422855,False
a,Major celltypes,CD68,Epithelial,-0.17929963579977198,-1.7344635597294011,False
a,Major celltypes,CD68,T cell,0.156764355061501,0.6326197514808312,False
a,Major celltypes,CD68,B cell,0.1034523899938675,0.25711429349943477,False
a,Major celltypes,CD68,Myeloid,0.31972886110198695,1.7804682953829685,True
a,Major celltypes,CD68,Endothelial,0.023730015277572403,-0.3044141887320634,False
a,Major celltypes,CD68,Fibroblast,0.04739085095187835,-0.13775792451761787,False
a,Major celltypes,CD68,Mural,-0.003124695140128135,-0.49356666738415156,False
a,Major celltypes,RAMP2,Epithelial,-0.154602686476036,-1.881799869450489,False
a,Major celltypes,RAMP2,T cell,0.05670937469222475,-0.14834249331954721,False
a,Major celltypes,RAMP2,B cell,0.05354874486612965,-0.17427010509416052,False
a,Major celltypes,RAMP2,Myeloid,0.03708462531986715,-0.30933030615975426,False
a,Major celltypes,RAMP2,Endothelial,0.2720813891230065,1.6184199194039814,True
a,Major celltypes,RAMP2,Fibroblast,0.08288986082139049,0.06642403037244114,False
a,Major celltypes,RAMP2,Mural,0.175837124769817,0.8288988242475286,False
a,Major celltypes,COL1A1,Epithelial,-0.5543744732925671,-2.1194448450433785,False
a,Major celltypes,COL1A1,T cell,0.1644872265256785,-0.04996654955293265,False
a,Major celltypes,COL1A1,B cell,0.145912548788791,-0.10343982881087231,False
a,Major celltypes,COL1A1,Myeloid,0.2362904584942615,0.1567425158244808,False
a,Major celltypes,COL1A1,Endothelial,0.251637747689922,0.20092470259707512,False
a,Major celltypes,COL1A1,Fibroblast,0.704076871299723,1.5034185572257697,True
a,Major celltypes,COL1A1,Mural,0.32487617535980196,0.41176544775985785,False
a,Major celltypes,ACTA2,Epithelial,-0.34207927875021,-1.9779607085770283,False
a,Major celltypes,ACTA2,T cell,0.0685319928167299,-0.2675808320619132,False
a,Major celltypes,ACTA2,B cell,0.061244575166029,-0.29793619092470053,False
a,Major celltypes,ACTA2,Myeloid,0.0642012766699403,-0.28562020472721145,False
a,Major celltypes,ACTA2,Endothelial,0.2785073842000505,0.6070607300532866,False
a,Major celltypes,ACTA2,Fibroblast,0.38386073859210745,1.0459046433922885,False
a,Major celltypes,ACTA2,Mural,0.4151245837380525,1.1761325628452783,True
b,B cell,CD72,Bn,0.07101989258325306,0.04797574489323245,True
b,B cell,CD72,NR4A2+ Bn,0.07655801802875184,0.6827682990011151,False
b,B cell,CD72,Bgc,0.07951182992640099,1.0213409473305144,False
b,B cell,CD72,Bmem,0.07359008650282439,0.34257722671472185,False
b,B cell,CD72,ABC,0.08234809061704385,1.3464396085376753,False
b,B cell,CD72,Plasma,0.06457914279690344,-0.6902776672915195,False
b,B cell,CD72,Cycling Bgc,0.0619701798148473,-0.9893229473688067,False
b,B cell,CD72,Plasmablast,0.05523345918520605,-1.7615012118169289,False
b,B cell,CREM,Bn,0.02906069940732295,0.21581873448159425,False
b,B cell,CREM,NR4A2+ Bn,0.03192510735888445,2.189804192214206,True
b,B cell,CREM,Bgc,0.0270634356469812,-1.1605807466124691,False
b,B cell,CREM,Bmem,0.02898058283955115,0.16060699705474865,False
b,B cell,CREM,ABC,0.02767141009659365,-0.7415996718134964,False
b,B cell,CREM,Plasma,0.027718031574673098,-0.7094708265850573,False
b,B cell,CREM,Cycling Bgc,0.02965780939494415,0.627312646020488,False
b,B cell,CREM,Plasmablast,0.02790315945292185,-0.581891324760007,False
b,B cell,CD40,Bn,0.0933531287413962,0.7763803658810512,False
b,B cell,CD40,NR4A2+ Bn,0.09530137840793805,1.0379162559892245,False
b,B cell,CD40,Bgc,0.0945376308761527,0.9353896681633668,True
b,B cell,CD40,Bmem,0.08926576897203464,0.2276872010210373,False
b,B cell,CD40,ABC,0.0926501418080201,0.6820103698213165,False
b,B cell,CD40,Plasma,0.07494533921624935,-1.6947082738663333,False
b,B cell,CD40,Cycling Bgc,0.0783820852712816,-1.2333544473960105,False
b,B cell,CD40,Plasmablast,0.08212186348709485,-0.7313211396136545,False
b,B cell,GPR183,Bn,0.128449432604998,0.358425613884542,False
b,B cell,GPR183,NR4A2+ Bn,0.13306610963586,0.6955863028627158,False
b,B cell,GPR183,Bgc,0.131454794933758,0.5779103269411486,False
b,B cell,GPR183,Bmem,0.130745072691567,0.5260785790062974,True
b,B cell,GPR183,ABC,0.134712679641256,0.8158370099749819,False
b,B cell,GPR183,Plasma,0.12681709968986,0.23921465616958956,False
b,B cell,GPR183,Cycling Bgc,0.0923977605054494,-2.2744652127084275,False
b,B cell,GPR183,Plasmablast,0.110689682391492,-0.9385872761308407,False
b,B cell,HCK,Bn,0.07096254204694286,-0.49056843808032397,False
b,B cell,HCK,NR4A2+ Bn,0.0797271331224979,0.679457828437227,False
b,B cell,HCK,Bgc,0.08096511483262606,0.8447217986363754,False
b,B cell,HCK,Bmem,0.07313487144218056,-0.20057402418859097,False
b,B cell,HCK,ABC,0.08375200467801895,1.2167567621494022,True
b,B cell,HCK,Plasma,0.0780377115726408,0.45392904203820855,False
b,B cell,HCK,Cycling Bgc,0.0583068175428027,-2.180040310071345,False
b,B cell,HCK,Plasmablast,0.07221267262308015,-0.3236826589209441,False
b,B cell,MZB1,Bn,0.1776765274320905,-0.29350341403417834,False
b,B cell,MZB1,NR4A2+ Bn,0.193342647773071,-0.023561270048135532,False
b,B cell,MZB1,Bgc,0.1745889830244795,-0.34670473886138603,False
b,B cell,MZB1,Bmem,0.178125708169879,-0.28576360297970327,False
b,B cell,MZB1,ABC,0.156413905923478,-0.6598785925641407,False
b,B cell,MZB1,Plasma,0.2981169782342445,1.7818000308865136,True
b,B cell,MZB1,Cycling Bgc,0.106752799054015,-1.5155866663745723,False
b,B cell,MZB1,Plasmablast,0.272662678592876,1.3431982539756058,False
b,B cell,TOP2A,Bn,-0.04715611393116955,-0.3399617729200668,False
b,B cell,TOP2A,NR4A2+ Bn,-0.05956377994436435,-0.836054759499074,False
b,B cell,TOP2A,Bgc,-0.04947095745952025,-0.4325156535791171,False
b,B cell,TOP2A,Bmem,-0.0477615337466145,-0.3641681405043327,False
b,B cell,TOP2A,ABC,-0.034795955879913104,0.15423171324530796,False
b,B cell,TOP2A,Plasma,-0.0676170433887459,-1.1580466240110758,False
b,B cell,TOP2A,Cycling Bgc,0.0168719926216564,2.2200599564697607,True
b,B cell,TOP2A,Plasmablast,-0.0197338826524661,0.7564552807985991,False
b,B cell,SDC1,Bn,-0.09121509523202564,-0.46276057369305224,False
b,B cell,SDC1,NR4A2+ Bn,-0.1031884252799905,-1.031236359477647,False
b,B cell,SDC1,Bgc,-0.09391658838352665,-0.591023424206579,False
b,B cell,SDC1,Bmem,-0.09438968966523545,-0.6134855647971846,False
b,B cell,SDC1,ABC,-0.09407985222145049,-0.5987749468140877,False
b,B cell,SDC1,Plasma,-0.0661263820404247,0.7284139691271289,False
b,B cell,SDC1,Cycling Bgc,-0.07444149556697985,0.3336248271791039,False
b,B cell,SDC1,Plasmablast,-0.03438932188664085,2.235242072682316,True
c,Myeloid,S100A12,CD14+Mono,0.0144907450926272,2.4457629882667753,True
c,Myeloid,S100A12,CD16+Mono,0.0090361525641691,1.0763396403070045,False
c,Myeloid,S100A12,Macro,0.0040738734999906,-0.1694840897194322,False
c,Myeloid,S100A12,CXCL3+ Macro,0.0067874965883607,0.5117948134046441,False
c,Myeloid,S100A12,FOLR2+ Macro,0.0007596379802224,-1.0015520173838888,False
c,Myeloid,S100A12,HSPA6+ Macro,0.0083206088207489,0.8966961007366615,False
c,Myeloid,S100A12,SPP1+ Macro,0.0013562381556306,-0.8517703049391221,False
c,Myeloid,S100A12,SPP1+ CXCL3+ Macro,0.0059699254552998,0.3065364018202302,False
c,Myeloid,S100A12,SPP1+ MT1+ Macro,0.0045151755432105,-0.058691336945557386,False
c,Myeloid,S100A12,SPP1+ cycMacro,0.0007877496565601,-0.9944943342065872,False
c,Myeloid,S100A12,TNFSF10+ Macro,0.0036818174870676,-0.26791319418574544,False
c,Myeloid,S100A12,LAMP3+ cDC,0.0018046172138386,-0.7392008054132209,False
c,Myeloid,S100A12,Mast,0.0001523226571167,-1.1540238617417613,False
c,Myeloid,LILRB2,CD14+Mono,0.107891198667697,-0.5870977693968802,False
c,Myeloid,LILRB2,CD16+Mono,0.13139643135386903,0.8457511080121657,True
c,Myeloid,LILRB2,Macro,0.1345470342210215,1.037807823282076,False
c,Myeloid,LILRB2,CXCL3+ Macro,0.1229474907607265,0.3307145114460786,False
c,Myeloid,LILRB2,FOLR2+ Macro,0.1340166930404,1.0054789042093317,False
c,Myeloid,LILRB2,HSPA6+ Macro,0.1138515971049335,-0.22375951515661538,False
c,Myeloid,LILRB2,SPP1+ Macro,0.11459833561959801,-0.1782392917773938,False
c,Myeloid,LILRB2,SPP1+ CXCL3+ Macro,0.1114220533299925,-0.37186139174804794,False
c,Myeloid,LILRB2,SPP1+ MT1+ Macro,0.1237067728935515,0.3769993777216239,False
c,Myeloid,LILRB2,SPP1+ cycMacro,0.1081084761349745,-0.5738528132957652,False
c,Myeloid,LILRB2,TNFSF10+ Macro,0.14527751338025302,1.691924088483363,False
c,Myeloid,LILRB2,LAMP3+ cDC,0.09872630068242755,-1.1457782115389052,False
c,Myeloid,LILRB2,Mast,0.08129961219786175,-2.208086820241036,False
c,Myeloid,C1QC,CD14+Mono,0.21411355041133,-0.9640317436455784,False
c,Myeloid,C1QC,CD16+Mono,0.2200562102693665,-0.8453320708039519,False
c,Myeloid,C1QC,Macro,0.29771070206031147,0.7057516173870644,True
c,Myeloid,C1QC,CXCL3+ Macro,0.246558787169687,-0.3159652077024338,False
c,Myeloid,C1QC,FOLR2+ Macro,0.3290447688881975,1.331623460992234,False
c,Myeloid,C1QC,HSPA6+ Macro,0.25437281949962953,-0.15988643097693314,False
c,Myeloid,C1QC,SPP1+ Macro,0.294613405458367,0.64388570176561,False
c,Myeloid,C1QC,SPP1+ CXCL3+ Macro,0.26095902462804,-0.028332478254410688,False
c,Myeloid,C1QC,SPP1+ MT1+ Macro,0.30989191627623147,0.9490612088468748,False
c,Myeloid,C1QC,SPP1+ cycMacro,0.26983484650801903,0.14895465890678763,False
c,Myeloid,C1QC,TNFSF10+ Macro,0.3451230756065145,1.6527742239339542,False
c,Myeloid,C1QC,LAMP3+ cDC,0.1901163154174645,-1.4433564923140354,False
c,Myeloid,C1QC,Mast,0.17851182794939752,-1.6751464481351694,False
c,Myeloid,CXCL3,CD14+Mono,0.0034231898257828,-0.4289110916492197,False
c,Myeloid,CXCL3,CD16+Mono,0.0027844029295075,-0.5542405464836655,False
c,Myeloid,CXCL3,Macro,0.0053752728241743,-0.045914039883527144,False
c,Myeloid,CXCL3,CXCL3+ Macro,0.0055554547141982,-0.010562503746187285,True
c,Myeloid,CXCL3,FOLR2+ Macro,0.0025592740806541,-0.5984106383544026,False
c,Myeloid,CXCL3,HSPA6+ Macro,0.0085454948983393,0.5760808798243909,False
c,Myeloid,CXCL3,SPP1+ Macro,0.0065707860170731,0.18864464876061224,False
c,Myeloid,CXCL3,SPP1+ CXCL3+ Macro,0.0141486929904582,1.675423659567355,False
c,Myeloid,CXCL3,SPP1+ MT1+ Macro,0.0104853237286534,0.9566736740614061,False
c,Myeloid,CXCL3,SPP1+ cycMacro,0.0045919884828286,-0.19959377259818598,False
c,Myeloid,CXCL3,TNFSF10+ Macro,0.0108820640261195,1.0345137886320295,False
c,Myeloid,CXCL3,LAMP3+ cDC,0.0058234122578928,0.042010542234937595,False
c,Myeloid,CXCL3,Mast,-0.0078245824228435,-2.6357146003655445,False
c,Myeloid,FOLR2,CD14+Mono,0.152500024922199,0.08592488574976222,False
c,Myeloid,FOLR2,CD16+Mono,0.1637766710687265,0.46666227596811244,False
c,Myeloid,FOLR2,Macro,0.179722980808981,1.0050631688601486,False
c,Myeloid,FOLR2,CXCL3+ Macro,0.171413785104528,0.7245168569320094,False
c,Myeloid,FOLR2,FOLR2+ Macro,0.22402144626808002,2.5007279179725224,True
c,Myeloid,FOLR2,HSPA6+ Macro,0.1348263047008405,-0.5107991778674535,False
c,Myeloid,FOLR2,SPP1+ Macro,0.121621024307647,-0.9566537279416587,False
c,Myeloid,FOLR2,SPP1+ CXCL3+ Macro,0.1151427628174285,-1.1753815607465714,False
c,Myeloid,FOLR2,SPP1+ MT1+ Macro,0.148896471499248,-0.03574316235062559,False
c,Myeloid,FOLR2,SPP1+ cycMacro,0.12743755723508948,-0.7602680705274196,False
c,Myeloid,FOLR2,TNFSF10+ Macro,0.1517755931300665,0.06146563906029654,False
c,Myeloid,FOLR2,LAMP3+ cDC,0.109745089887817,-1.3576250999841093,False
c,Myeloid,FOLR2,Mast,0.14853670916782352,-0.04788994512500634,False
c,Myeloid,HSPA6,CD14+Mono,0.0362565014150577,-0.7155354450844735,False
c,Myeloid,HSPA6,CD16+Mono,0.03654796768547321,-0.691527649460078,False
c,Myeloid,HSPA6,Macro,0.0492032696418299,0.3508773687950319,False
c,Myeloid,HSPA6,CXCL3+ Macro,0.0414928245551437,-0.2842245575801823,False
c,Myeloid,HSPA6,FOLR2+ Macro,0.04660059882179865,0.13649788318315564,False
c,Myeloid,HSPA6,HSPA6+ Macro,0.06689567094026555,1.8081834024301195,True
c,Myeloid,HSPA6,SPP1+ Macro,0.04668255008412525,0.14324812963291983,False
c,Myeloid,HSPA6,SPP1+ CXCL3+ Macro,0.058155814481340495,1.0882898540160757,False
c,Myeloid,HSPA6,SPP1+ MT1+ Macro,0.0562048835827965,0.9275935572446099,False
c,Myeloid,HSPA6,SPP1+ cycMacro,0.0369411676502827,-0.6591401475333246,False
c,Myeloid,HSPA6,TNFSF10+ Macro,0.0571458721348781,1.0051018768558833,False
c,Myeloid,HSPA6,LAMP3+ cDC,0.02964615726550905,-1.2600231181282349,False
c,Myeloid,HSPA6,Mast,0.02249155078685865,-1.8493411543715017,False
c,Myeloid,SPP1,CD14+Mono,-0.02166570968096555,-0.9737232743828479,False
c,Myeloid,SPP1,CD16+Mono,-0.0289542299857639,-1.1018369747467076,False
c,Myeloid,SPP1,Macro,0.0141539378208086,-0.3441047242142719,False
c,Myeloid,SPP1,CXCL3+ Macro,-0.013849518454759,-0.8363344576045487,False
c,Myeloid,SPP1,FOLR2+ Macro,-0.00247495138338285,-0.6363984189285578,False
c,Myeloid,SPP1,HSPA6+ Macro,0.055632435678665146,0.38498206211271574,False
c,Myeloid,SPP1,SPP1+ Macro,0.15522335161690548,2.135537762022651,True
c,Myeloid,SPP1,SPP1+ CXCL3+ Macro,0.102129286582405,1.202278766441454,True
c,Myeloid,SPP1,SPP1+ MT1+ Macro,0.09877851656767166,1.1433807284716426,False
c,Myeloid,SPP1,SPP1+ cycMacro,0.04581108635528375,0.21234765186676782,False
c,Myeloid,SPP1,TNFSF10+ Macro,0.06744937748801196,0.5926939266434557,False
c,Myeloid,SPP1,LAMP3+ cDC,-4.33154358832614e-05,-0.593656426570128,False
c,Myeloid,SPP1,Mast,-0.0336949393540626,-1.1851666211116243,False
c,Myeloid,MT1F,CD14+Mono,-0.0291464017998687,-1.3991127640308865,False
c,Myeloid,MT1F,CD16+Mono,-0.01748216167485275,-0.3668059065314492,False
c,Myeloid,MT1F,Macro,-0.0149557129252982,-0.14321051228947124,False
c,Myeloid,MT1F,CXCL3+ Macro,-0.03183659411684985,-1.6371997673030474,False
c,Myeloid,MT1F,FOLR2+ Macro,-0.02042581133098725,-0.6273243538143021,False
c,Myeloid,MT1F,HSPA6+ Macro,-0.015557164660429598,-0.19644010495702002,False
c,Myeloid,MT1F,SPP1+ Macro,-0.00197945588731075,1.0052122723427563,False
c,Myeloid,MT1F,SPP1+ CXCL3+ Macro,-0.0116655911198465,0.1479713620009961,False
c,Myeloid,MT1F,SPP1+ MT1+ Macro,0.0060314366806444,1.7141911037074844,True
c,Myeloid,MT1F,SPP1+ cycMacro,-0.00493382096881035,0.7437454900662084,False
c,Myeloid,MT1F,TNFSF10+ Macro,-0.00078906168930995,1.1105643639109235,False
c,Myeloid,MT1F,LAMP3+ cDC,-0.00415035937264425,0.8130832925841083,False
c,Myeloid,MT1F,Mast,-0.0264974370372274,-1.1646744756863001,False
c,Myeloid,MKI67,CD14+Mono,-0.0423892225006925,-0.6692036622365686,False
c,Myeloid,MKI67,CD16+Mono,-0.045875833832288,-0.8740096533047169,False
c,Myeloid,MKI67,Macro,-0.031980394658556996,-0.05778182615517963,False
c,Myeloid,MKI67,CXCL3+ Macro,-0.04352749461216985,-0.7360665631236809,False
c,Myeloid,MKI67,FOLR2+ Macro,-0.04911662989172555,-1.0643762831576427,False
c,Myeloid,MKI67,HSPA6+ Macro,-0.032331944152910255,-0.07843208962104699,False
c,Myeloid,MKI67,SPP1+ Macro,-0.015399261811136301,0.9162055280058665,False
c,Myeloid,MKI67,SPP1+ CXCL3+ Macro,-0.0317611618629702,-0.04490393822774948,False
c,Myeloid,MKI67,SPP1+ MT1+ Macro,-0.0296314576933961,0.08019637598822975,False
c,Myeloid,MKI67,SPP1+ cycMacro,0.007056727635096899,2.2352860725663284,True
c,Myeloid,MKI67,TNFSF10+ Macro,-0.01440683785017945,0.974501206403302,False
c,Myeloid,MKI67,LAMP3+ cDC,-0.0156779516434865,0.8998350921050059,False
c,Myeloid,MKI67,Mast,-0.057915877670680446,-1.5812502592421487,False
c,Myeloid,TNFSF10,CD14+Mono,-0.00987640700454975,0.15225136144492793,False
c,Myeloid,TNFSF10,CD16+Mono,-0.02235637245209205,-0.5349689770196465,False
c,Myeloid,TNFSF10,Macro,-0.030133333117517147,-0.963214196382142,False
c,Myeloid,TNFSF10,CXCL3+ Macro,-0.031055243828545354,-1.013980025304504,False
c,Myeloid,TNFSF10,FOLR2+ Macro,-0.03459198990020735,-1.208734076719723,False
c,Myeloid,TNFSF10,HSPA6+ Macro,0.0052261654699932505,0.9838878760864904,False
c,Myeloid,TNFSF10,SPP1+ Macro,-0.00419998714091165,0.46482844319675515,False
c,Myeloid,TNFSF10,SPP1+ CXCL3+ Macro,-0.0018075325571175502,0.5965710714714101,False
c,Myeloid,TNFSF10,SPP1+ MT1+ Macro,-0.00175773144894555,0.599313413552222,False
c,Myeloid,TNFSF10,SPP1+ cycMacro,-0.00317244688071735,0.5214108566950045,False
c,Myeloid,TNFSF10,TNFSF10+ Macro,0.0134021716627486,1.4341068904492498,True
c,Myeloid,TNFSF10,LAMP3+ cDC,0.0052752653204119,0.9865916027887073,False
c,Myeloid,TNFSF10,Mast,-0.0492894776072617,-2.0180642402587496,False
c,Myeloid,LAMP3,CD14+Mono,0.0399296226823379,-0.3129695107893341,False
c,Myeloid,LAMP3,CD16+Mono,0.0649245700828769,0.48547437937657806,False
c,Myeloid,LAMP3,Macro,0.0413542059266879,-0.267462322106094,False
c,Myeloid,LAMP3,CXCL3+ Macro,0.041172819981546,-0.2732565531296567,False
c,Myeloid,LAMP3,FOLR2+ Macro,0.0363407896562854,-0.4276119525820089,False
c,Myeloid,LAMP3,HSPA6+ Macro,0.0349372241305177,-0.4724477468142689,False
c,Myeloid,LAMP3,SPP1+ Macro,0.0347324648758361,-0.4789886197849365,False
c,Myeloid,LAMP3,SPP1+ CXCL3+ Macro,0.0328144674818909,-0.5402575344983422,False
c,Myeloid,LAMP3,SPP1+ MT1+ Macro,0.0357777695292497,-0.4455971866882585,False
c,Myeloid,LAMP3,SPP1+ cycMacro,0.0329182753840202,-0.5369414729008575,False
c,Myeloid,LAMP3,TNFSF10+ Macro,0.0795658757346609,0.9531793460798277,False
c,Myeloid,LAMP3,LAMP3+ cDC,0.146666697954427,3.0966622135543154,True
c,Myeloid,LAMP3,Mast,0.0253162231121044,-0.779783039716964,False
c,Myeloid,KIT,CD14+Mono,0.0246361355017359,0.13272174760584782,False
c,Myeloid,KIT,CD16+Mono,0.03132825326878435,0.5658333644307848,False
c,Myeloid,KIT,Macro,0.026391800735903248,0.2463478125740567,False
c,Myeloid,KIT,CXCL3+ Macro,0.027483701117396148,0.3170152389556958,False
c,Myeloid,KIT,FOLR2+ Macro,0.02336661404475375,0.050558744806511756,False
c,Myeloid,KIT,HSPA6+ Macro,0.019264665238003402,-0.21491800585269433,False
c,Myeloid,KIT,SPP1+ Macro,0.0045784673992982,-1.1654038030770775,False
c,Myeloid,KIT,SPP1+ CXCL3+ Macro,0.0121559475530632,-0.6749918296034687,False
c,Myeloid,KIT,SPP1+ MT1+ Macro,0.01174278366395365,-0.701731657899234,False
c,Myeloid,KIT,SPP1+ cycMacro,0.0184135202484313,-0.2700038240373624,False
c,Myeloid,KIT,TNFSF10+ Macro,0.010343128919928099,-0.7923168433791612,False
c,Myeloid,KIT,LAMP3+ cDC,0.0145225668099301,-0.5218250252477926,False
c,Myeloid,KIT,Mast,0.0693828497269719,3.028714080723894,True
d,T_NK cell,TCF7,CD8 Tcm/Tn,0.0990419084561544,0.787184181031283,True
d,T_NK cell,TCF7,CD8 Tem/Trm,0.10173274268628049,1.1058110893211837,False
d,T_NK cell,TCF7,CD8 Tem/Temra,0.101173724037327,1.0396166051726363,False
d,T_NK cell,TCF7,CD8 Trm,0.0831446143401269,-1.09524529665814,False
d,T_NK cell,TCF7,CD8 Tex,0.0926758824136311,0.033370670963386743,False
d,T_NK cell,TCF7,CD8 Cycling Tex,0.08824598832484501,-0.4911816934145111,False
d,T_NK cell,TCF7,ISG15+ CD8 T,0.08755147030923696,-0.5734209207839578,False
d,T_NK cell,TCF7,CD4 Tcm/Tn,0.1067613607680055,1.7012595247588636,False
d,T_NK cell,TCF7,CD4 Tem/Effector,0.1001694096768055,0.9206937908047228,False
d,T_NK cell,TCF7,CD4 Th1,0.08590849054937935,-0.7679693457316304,False
d,T_NK cell,TCF7,CD4 Th17,0.09069271987131786,-0.2014594580795309,False
d,T_NK cell,TCF7,CD4 Tfh,0.0819681345172614,-1.2345545578635475,False
d,T_NK cell,TCF7,CD4 Treg,0.1009310011501185,1.0108753165950715,False
d,T_NK cell,TCF7,CD4 Cycling Treg,0.0886434537774313,-0.4441170370742056,False
d,T_NK cell,TCF7,CD4 CXCL13+ T,0.1116360778411005,2.2784842428030774,False
d,T_NK cell,TCF7,NK,0.08856456133125551,-0.453458844879007,False
d,T_NK cell,TCF7,CD16+ NK,0.08814175695144215,-0.5035239328145976,False
d,T_NK cell,TCF7,CD16- NK,0.08388086868440435,-1.0080639895357246,False
d,T_NK cell,TCF7,γδ T,0.08905388851310389,-0.39551666273007025,False
d,T_NK cell,TCF7,MAIT,0.09086629680820585,-0.18090587579941375,False
d,T_NK cell,TCF7,ILC3,0.07949099207802224,-1.5278778060858997,False
d,T_NK cell,SH2D1A,CD8 Tcm/Tn,0.116488778517337,-1.1443114885836168,False
d,T_NK cell,SH2D1A,CD8 Tem/Trm,0.135689976285668,0.976481469760855,True
d,T_NK cell,SH2D1A,CD8 Tem/Temra,0.139499740265757,1.3972740015295368,False
d,T_NK cell,SH2D1A,CD8 Trm,0.123966138626119,-0.3184290172377104,False
d,T_NK cell,SH2D1A,CD8 Tex,0.137526467022339,1.179323848105633,False
d,T_NK cell,SH2D1A,CD8 Cycling Tex,0.123655135313475,-0.35277966782915665,False
d,T_NK cell,SH2D1A,ISG15+ CD8 T,0.133826575391395,0.7706668355475187,False
d,T_NK cell,SH2D1A,CD4 Tcm/Tn,0.127773337952057,0.10208024571984599,False
d,T_NK cell,SH2D1A,CD4 Tem/Effector,0.127277480391479,0.04731224449910065,False
d,T_NK cell,SH2D1A,CD4 Th1,0.122079261768358,-0.5268365968837428,False
d,T_NK cell,SH2D1A,CD4 Th17,0.123507186748262,-0.3691207460830558,False
d,T_NK cell,SH2D1A,CD4 Tfh,0.108018054909511,-2.079912027482767,False
d,T_NK cell,SH2D1A,CD4 Treg,0.137670910789552,1.195277817648475,False
d,T_NK cell,SH2D1A,CD4 Cycling Treg,0.12119035901092,-0.6250168631032159,False
d,T_NK cell,SH2D1A,CD4 CXCL13+ T,0.136580890746931,1.074883930832847,False
d,T_NK cell,SH2D1A,NK,0.130134144462857,0.36283386559955155,False
d,T_NK cell,SH2D1A,CD16+ NK,0.131300911448772,0.49170453489907534,False
d,T_NK cell,SH2D1A,CD16- NK,0.128900253479607,0.22654927855377235,False
d,T_NK cell,SH2D1A,γδ T,0.126325197999937,-0.057868370517981944,False
d,T_NK cell,SH2D1A,MAIT,0.12845355638724,0.1772111039547153,False
d,T_NK cell,SH2D1A,ILC3,0.103967280695862,-2.52732439892968,False
d,T_NK cell,GZMH,CD8 Tcm/Tn,0.0794458801615583,-1.6038251870436506,False
d,T_NK cell,GZMH,CD8 Tem/Trm,0.0868111452855171,0.23480796233338094,False
d,T_NK cell,GZMH,CD8 Tem/Temra,0.0913270983448837,1.3621510866117268,True
d,T_NK cell,GZMH,CD8 Trm,0.0893278136221773,0.8630582360022645,False
d,T_NK cell,GZMH,CD8 Tex,0.0894134226642374,0.8844293095439449,False
d,T_NK cell,GZMH,CD8 Cycling Tex,0.0870795360692075,0.3018078847496437,False
d,T_NK cell,GZMH,ISG15+ CD8 T,0.0872594514458189,0.34672118657285983,False
d,T_NK cell,GZMH,CD4 Tcm/Tn,0.0835061586524159,-0.5902347047799633,False
d,T_NK cell,GZMH,CD4 Tem/Effector,0.0846906583852073,-0.29454127929089985,False
d,T_NK cell,GZMH,CD4 Th1,0.084197795120826,-0.4175775476057826,False
d,T_NK cell,GZMH,CD4 Th17,0.0860982036446123,0.056832273410149854,False
d,T_NK cell,GZMH,CD4 Tfh,0.0797992880944062,-1.5156019486875416,False
d,T_NK cell,GZMH,CD4 Treg,0.086466000086187,0.1486473972815731,False
d,T_NK cell,GZMH,CD4 Cycling Treg,0.0826942121278364,-0.7929255476061245,False
d,T_NK cell,GZMH,CD4 CXCL13+ T,0.0834095289621,-0.6143569256150173,False
d,T_NK cell,GZMH,NK,0.0878904521200947,0.5042414845494748,False
d,T_NK cell,GZMH,CD16+ NK,0.0900012117029794,1.0311624404336877,False
d,T_NK cell,GZMH,CD16- NK,0.0871049054475107,0.3081409873796667,False
d,T_NK cell,GZMH,γδ T,0.092991799225635,1.7777198640600695,False
d,T_NK cell,GZMH,MAIT,0.0877479503228755,0.46866794798244144,False
d,T_NK cell,GZMH,ILC3,0.0760188874790265,-2.459324920281866,False
d,T_NK cell,ITGA1,CD8 Tcm/Tn,0.04493639858809065,-1.5592415567840303,False
d,T_NK cell,ITGA1,CD8 Tem/Trm,0.0565592773087132,-0.4381569838826644,False
d,T_NK cell,ITGA1,CD8 Tem/Temra,0.059077272423656804,-0.19528380712004248,False
d,T_NK cell,ITGA1,CD8 Trm,0.0731264228743354,1.1598267649863512,True
d,T_NK cell,ITGA1,CD8 Tex,0.06186047869521755,0.07317030732519128,False
d,T_NK cell,ITGA1,CD8 Cycling Tex,0.0621304878299377,0.09921403390560568,False
d,T_NK cell,ITGA1,ISG15+ CD8 T,0.04135542288907165,-1.9046445080323982,False
d,T_NK cell,ITGA1,CD4 Tcm/Tn,0.0465335257694386,-1.4051906811783414,False
d,T_NK cell,ITGA1,CD4 Tem/Effector,0.0599515106717706,-0.11095917149756963,False
d,T_NK cell,ITGA1,CD4 Th1,0.0680460074714925,0.6697953821455443,False
d,T_NK cell,ITGA1,CD4 Th17,0.0737128334001071,1.216388982456897,False
d,T_NK cell,ITGA1,CD4 Tfh,0.07132830018525954,0.9863888710392914,False
d,T_NK cell,ITGA1,CD4 Treg,0.0554023272083893,-0.549750586488916,False
d,T_NK cell,ITGA1,CD4 Cycling Treg,0.0526264210258263,-0.8175005709717804,False
d,T_NK cell,ITGA1,CD4 CXCL13+ T,0.04140075460642954,-1.9002720379916598,False
d,T_NK cell,ITGA1,NK,0.06704601340454394,0.5733409711174233,False
d,T_NK cell,ITGA1,CD16+ NK,0.07036013668942995,0.8930046772168959,False
d,T_NK cell,ITGA1,CD16- NK,0.0703970422979084,0.8965644070663796,False
d,T_NK cell,ITGA1,γδ T,0.06938199037910454,0.798657591189015,False
d,T_NK cell,ITGA1,MAIT,0.0659664824223431,0.4692148282568704,False
d,T_NK cell,ITGA1,ILC3,0.07194044290906976,1.0454330872419275,False
d,T_NK cell,LAG3,CD8 Tcm/Tn,0.08153014669777815,-1.8421923855793727,False
d,T_NK cell,LAG3,CD8 Tem/Trm,0.09816178762138805,0.08186648372837081,False
d,T_NK cell,LAG3,CD8 Tem/Temra,0.10141665189843349,0.45841083731359267,False
d,T_NK cell,LAG3,CD8 Trm,0.10201831148513901,0.528014821034853,False
d,T_NK cell,LAG3,CD8 Tex,0.1143446080646645,1.9540028139505896,True
d,T_NK cell,LAG3,CD8 Cycling Tex,0.106705868769413,1.0703026331407606,False
d,T_NK cell,LAG3,ISG15+ CD8 T,0.1024173930993405,0.5741832371826546,False
d,T_NK cell,LAG3,CD4 Tcm/Tn,0.0861277545325448,-1.310310524209707,False
d,T_NK cell,LAG3,CD4 Tem/Effector,0.09256951087483956,-0.5650852947065291,False
d,T_NK cell,LAG3,CD4 Th1,0.09407265251217775,-0.39119186997291117,False
d,T_NK cell,LAG3,CD4 Th17,0.09729043103543485,-0.018937843110660553,False
d,T_NK cell,LAG3,CD4 Tfh,0.08660138952265845,-1.2555172775464158,False
d,T_NK cell,LAG3,CD4 Treg,0.10476622948445499,0.8459122565914837,False
d,T_NK cell,LAG3,CD4 Cycling Treg,0.1080705734984765,1.2281807553297357,False
d,T_NK cell,LAG3,CD4 CXCL13+ T,0.0935148220092139,-0.45572541370005826,False
d,T_NK cell,LAG3,NK,0.096224308598413,-0.14227397934289046,False
d,T_NK cell,LAG3,CD16+ NK,0.100819298791936,0.38930505587302294,False
d,T_NK cell,LAG3,CD16- NK,0.0947382871637311,-0.3141868251356508,False
d,T_NK cell,LAG3,γδ T,0.1088246357627065,1.3154156946941613,False
d,T_NK cell,LAG3,MAIT,0.09514946560614974,-0.266618967421704,False
d,T_NK cell,LAG3,ILC3,0.08117261346877755,-1.8835542081133296,False
d,T_NK cell,HAVCR2,CD8 Tcm/Tn,0.0464297210356928,-2.1123973885205127,False
d,T_NK cell,HAVCR2,CD8 Tem/Trm,0.07300660927998265,-0.1951613882526117,False
d,T_NK cell,HAVCR2,CD8 Tem/Temra,0.07665499251688135,0.06803013440651626,False
d,T_NK cell,HAVCR2,CD8 Trm,0.08050760634960935,0.345954693043407,False
d,T_NK cell,HAVCR2,CD8 Tex,0.09595745487150875,1.4604947216803392,False
d,T_NK cell,HAVCR2,CD8 Cycling Tex,0.09833672299065804,1.6321332690675714,True
d,T_NK cell,HAVCR2,ISG15+ CD8 T,0.08030753709202346,0.3315218527626054,False
d,T_NK cell,HAVCR2,CD4 Tcm/Tn,0.052271724945299955,-1.6909597805412893,False
d,T_NK cell,HAVCR2,CD4 Tem/Effector,0.06966071581889641,-0.4365315342866859,False
d,T_NK cell,HAVCR2,CD4 Th1,0.07582940483747244,0.008472882790331595,False
d,T_NK cell,HAVCR2,CD4 Th17,0.07827076606282934,0.18459077845548988,False
d,T_NK cell,HAVCR2,CD4 Tfh,0.06554569908549035,-0.733385633625648,False
d,T_NK cell,HAVCR2,CD4 Treg,0.08132812049069821,0.4051459435601955,False
d,T_NK cell,HAVCR2,CD4 Cycling Treg,0.0990177040279827,1.6812587102500667,False
d,T_NK cell,HAVCR2,CD4 CXCL13+ T,0.06127210927573065,-1.0416790710791373,False
d,T_NK cell,HAVCR2,NK,0.07520223648330124,-0.03677055337846623,False
d,T_NK cell,HAVCR2,CD16+ NK,0.0806796652567732,0.3583668884798744,False
d,T_NK cell,HAVCR2,CD16- NK,0.07601700149311515,0.02200595928980969,False
d,T_NK cell,HAVCR2,γδ T,0.0947825033099417,1.3757346319474364,False
d,T_NK cell,HAVCR2,MAIT,0.07082347841041145,-0.35265074735157836,False
d,T_NK cell,HAVCR2,ILC3,0.058049239717018,-1.2741743686976987,False
d,T_NK cell,IFI44,CD8 Tcm/Tn,0.030514127462172698,-1.0258586873175428,False
d,T_NK cell,IFI44,CD8 Tem/Trm,0.03698992078313905,-0.20688849742883408,False
d,T_NK cell,IFI44,CD8 Tem/Temra,0.04084271645845375,0.2803606548254601,False
d,T_NK cell,IFI44,CD8 Trm,0.0357963316735445,-0.35783740071901415,False
d,T_NK cell,IFI44,CD8 Tex,0.04739583736050545,1.1091101845766789,False
d,T_NK cell,IFI44,CD8 Cycling Tex,0.04971237859759289,1.4020747871806765,False
d,T_NK cell,IFI44,ISG15+ CD8 T,0.057536278644767846,2.3915351651948686,True
d,T_NK cell,IFI44,CD4 Tcm/Tn,0.032235148433215205,-0.8082073816630251,False
d,T_NK cell,IFI44,CD4 Tem/Effector,0.03269684978871145,-0.749817678959201,False
d,T_NK cell,IFI44,CD4 Th1,0.0335064905607822,-0.6474253350439579,False
d,T_NK cell,IFI44,CD4 Th17,0.0375507024587947,-0.13596846452554734,False
d,T_NK cell,IFI44,CD4 Tfh,0.0257853607170365,-1.6238887366498918,False
d,T_NK cell,IFI44,CD4 Treg,0.0498004831050657,1.413217045995738,False
d,T_NK cell,IFI44,CD4 Cycling Treg,0.0482247296403353,1.2139371971392474,False
d,T_NK cell,IFI44,CD4 CXCL13+ T,0.035559933487870496,-0.38773382535998674,False
d,T_NK cell,IFI44,NK,0.03563115863428405,-0.37872623836762476,False
d,T_NK cell,IFI44,CD16+ NK,0.042121663550768546,0.44210447386605295,False
d,T_NK cell,IFI44,CD16- NK,0.0407050282880031,0.2629477292562773,False
d,T_NK cell,IFI44,γδ T,0.036437312665394156,-0.2767748499871091,False
d,T_NK cell,IFI44,MAIT,0.0352006560737238,-0.4331703421700283,False
d,T_NK cell,IFI44,ILC3,0.0268994823360758,-1.4829897998432466,False
d,T_NK cell,LEF1,CD8 Tcm/Tn,0.064426346084974,-1.8752416829570464,False
d,T_NK cell,LEF1,CD8 Tem/Trm,0.07162121162187525,0.07333986333960504,False
d,T_NK cell,LEF1,CD8 Tem/Temra,0.07255623204070255,0.3265709382211161,False
d,T_NK cell,LEF1,CD8 Trm,0.074744523266743,0.9192246687343022,False
d,T_NK cell,LEF1,CD8 Tex,0.07309502042275401,0.47249070464897763,False
d,T_NK cell,LEF1,CD8 Cycling Tex,0.06950217769453655,-0.5005569503827911,False
d,T_NK cell,LEF1,ISG15+ CD8 T,0.0614004164076963,-2.6947525826804286,False
d,T_NK cell,LEF1,CD4 Tcm/Tn,0.06896222035615951,-0.646793304620776,True
d,T_NK cell,LEF1,CD4 Tem/Effector,0.07639358613175755,1.3658394735516817,False
d,T_NK cell,LEF1,CD4 Th1,0.0729917545717095,0.44452327000049036,False
d,T_NK cell,LEF1,CD4 Th17,0.07739988288731656,1.6383742802028414,False
d,T_NK cell,LEF1,CD4 Tfh,0.07308881781034784,0.47081085448200877,False
d,T_NK cell,LEF1,CD4 Treg,0.0734709891701571,0.5743141173891482,False
d,T_NK cell,LEF1,CD4 Cycling Treg,0.07252106730766114,0.31704729256943515,False
d,T_NK cell,LEF1,CD4 CXCL13+ T,0.06809912357289796,-0.8805453401391199,False
d,T_NK cell,LEF1,NK,0.07106918456724245,-0.0761653256312004,False
d,T_NK cell,LEF1,CD16+ NK,0.07202285868143796,0.18211771948912772,False
d,T_NK cell,LEF1,CD16- NK,0.0700950176987654,-0.3399984123222873,False
d,T_NK cell,LEF1,γδ T,0.0747632437114013,0.9242947166472979,False
d,T_NK cell,LEF1,MAIT,0.0726089951283682,0.34086073674808043,False
d,T_NK cell,LEF1,ILC3,0.0675260334175748,-1.0357550372904534,False
d,T_NK cell,AQP3,CD8 Tcm/Tn,-0.015357063629645201,1.4638960614454735,False
d,T_NK cell,AQP3,CD8 Tem/Trm,-0.01891647653536835,0.0041111507441662625,False
d,T_NK cell,AQP3,CD8 Tem/Temra,-0.0237229075476125,-1.9671002967165336,False
d,T_NK cell,AQP3,CD8 Trm,-0.0196236591982534,-0.2859183029135672,False
d,T_NK cell,AQP3,CD8 Tex,-0.0201497066347935,-0.5016606543950749,False
d,T_NK cell,AQP3,CD8 Cycling Tex,-0.0178968835455244,0.422266195144288,False
d,T_NK cell,AQP3,ISG15+ CD8 T,-0.0155591638739624,1.3810107949935455,False
d,T_NK cell,AQP3,CD4 Tcm/Tn,-0.0213139109032968,-0.9791236150430462,False
d,T_NK cell,AQP3,CD4 Tem/Effector,-0.022159737005796452,-1.3260134573316404,True
d,T_NK cell,AQP3,CD4 Th1,-0.0175385115915196,0.5692415488700628,False
d,T_NK cell,AQP3,CD4 Th17,-0.0172178850450887,0.7007367720563179,False
d,T_NK cell,AQP3,CD4 Tfh,-0.016750391158971152,0.8924651662817309,False
d,T_NK cell,AQP3,CD4 Treg,-0.0166211459476555,0.9454711575101243,False
d,T_NK cell,AQP3,CD4 Cycling Treg,-0.02088801059522785,-0.8044535613995291,False
d,T_NK cell,AQP3,CD4 CXCL13+ T,-0.01891623111411765,0.0042118028033743355,False
d,T_NK cell,AQP3,NK,-0.0219368972215787,-1.2346224995751054,False
d,T_NK cell,AQP3,CD16+ NK,-0.0223445710454282,-1.4018175152437065,False
d,T_NK cell,AQP3,CD16- NK,-0.0193349534612674,-0.16751442855343868,False
d,T_NK cell,AQP3,γδ T,-0.0163345531079068,1.0630084913517548,False
d,T_NK cell,AQP3,MAIT,-0.01940662929919195,-0.19691009279230628,False
d,T_NK cell,AQP3,ILC3,-0.015467228521441001,1.418715282763131,False
d,T_NK cell,ANXA1,CD8 Tcm/Tn,-0.00694815246773355,-2.5331148653744413,False
d,T_NK cell,ANXA1,CD8 Tem/Trm,0.008472068694685149,-0.9474999496823825,False
d,T_NK cell,ANXA1,CD8 Tem/Temra,0.0159593891826584,-0.17760132635842374,False
d,T_NK cell,ANXA1,CD8 Trm,0.0269820855499787,0.9558293545038938,False
d,T_NK cell,ANXA1,CD8 Tex,0.031095794533805246,1.3788296639591626,False
d,T_NK cell,ANXA1,CD8 Cycling Tex,0.02823669619575145,1.0848371898890048,False
d,T_NK cell,ANXA1,ISG15+ CD8 T,0.0191224868396264,0.14765048240956283,False
d,T_NK cell,ANXA1,CD4 Tcm/Tn,4.194834538949139e-05,-1.8143438442109168,False
d,T_NK cell,ANXA1,CD4 Tem/Effector,0.0129228842002095,-0.48983599154457635,False
d,T_NK cell,ANXA1,CD4 Th1,0.02371258871597725,0.6196368387029391,True
d,T_NK cell,ANXA1,CD4 Th17,0.021059023620058098,0.34677872911216373,False
d,T_NK cell,ANXA1,CD4 Tfh,0.01927840268686655,0.16368283955754342,False
d,T_NK cell,ANXA1,CD4 Treg,0.018963541400706753,0.13130660147052423,False
d,T_NK cell,ANXA1,CD4 Cycling Treg,0.030113037529742148,1.2777757200675517,False
d,T_NK cell,ANXA1,CD4 CXCL13+ T,0.0036099115069167503,-1.447460934558145,False
d,T_NK cell,ANXA1,NK,0.018483111172192902,0.08190540752802314,False
d,T_NK cell,ANXA1,CD16+ NK,0.023812478962986848,0.6299082520583194,False
d,T_NK cell,ANXA1,CD16- NK,0.02375038903228935,0.6235237314219889,False
d,T_NK cell,ANXA1,γδ T,0.025222852906297298,0.7749327583647972,False
d,T_NK cell,ANXA1,MAIT,0.01609059227506575,-0.1641101073859596,False
d,T_NK cell,ANXA1,ILC3,0.0114369459314599,-0.6426305499306274,False
d,T_NK cell,IL7R,CD8 Tcm/Tn,0.237145417555586,-2.3309436306332016,False
d,T_NK cell,IL7R,CD8 Tem/Trm,0.2748733342849065,0.7969801016267664,False
d,T_NK cell,IL7R,CD8 Tem/Temra,0.2779885463789835,1.0552542573400607,False
d,T_NK cell,IL7R,CD8 Trm,0.27274364009275953,0.6204126793154329,False
d,T_NK cell,IL7R,CD8 Tex,0.27741876570457846,1.0080152192971894,False
d,T_NK cell,IL7R,CD8 Cycling Tex,0.253743022918906,-0.9548792142731264,False
d,T_NK cell,IL7R,ISG15+ CD8 T,0.257581670532934,-0.6366268957619897,False
d,T_NK cell,IL7R,CD4 Tcm/Tn,0.251233031326567,-1.1629761077692,False
d,T_NK cell,IL7R,CD4 Tem/Effector,0.268539516285077,0.27185967741618966,False
d,T_NK cell,IL7R,CD4 Th1,0.270996166626981,0.47553418617416393,False
d,T_NK cell,IL7R,CD4 Th17,0.2788645465790015,1.127881162100251,True
d,T_NK cell,IL7R,CD4 Tfh,0.2605474526985295,-0.39074158788677193,False
d,T_NK cell,IL7R,CD4 Treg,0.28100384071741,1.30524449105958,False
d,T_NK cell,IL7R,CD4 Cycling Treg,0.2500204903376805,-1.263504736547914,False
d,T_NK cell,IL7R,CD4 CXCL13+ T,0.2520743397045885,-1.093225412000795,False
d,T_NK cell,IL7R,NK,0.269259026228454,0.33151238084088946,False
d,T_NK cell,IL7R,CD16+ NK,0.2665424076024475,0.10628457585102859,False
d,T_NK cell,IL7R,CD16- NK,0.26984188576026247,0.37983575303230455,False
d,T_NK cell,IL7R,γδ T,0.2687197104935115,0.2867991119209336,False
d,T_NK cell,IL7R,MAIT,0.28086887469083,1.2940548078173983,False
d,T_NK cell,IL7R,ILC3,0.250463561941743,-1.2267708189192035,False
d,T_NK cell,AREG,CD8 Tcm/Tn,-0.014433435276710701,-0.9026819303455595,False
d,T_NK cell,AREG,CD8 Tem/Trm,-0.01296566760180395,-0.2552762353635355,False
d,T_NK cell,AREG,CD8 Tem/Temra,-0.015439378728107248,-1.3463853381790731,False
d,T_NK cell,AREG,CD8 Trm,-0.012276473220958501,0.04871490351837316,False
d,T_NK cell,AREG,CD8 Tex,-0.0145443521430867,-0.9516053479878948,False
d,T_NK cell,AREG,CD8 Cycling Tex,-0.0081200168631872,1.882052401659106,False
d,T_NK cell,AREG,ISG15+ CD8 T,-0.01162305619600555,0.33692529974448393,False
d,T_NK cell,AREG,CD4 Tcm/Tn,-0.01417160054008555,-0.7871913779010045,False
d,T_NK cell,AREG,CD4 Tem/Effector,-0.0130703930017186,-0.301468709467669,False
d,T_NK cell,AREG,CD4 Th1,-0.01106959795704835,0.5810456887960939,False
d,T_NK cell,AREG,CD4 Th17,-0.01205095887091135,0.14818519232274444,False
d,T_NK cell,AREG,CD4 Tfh,-0.0077198764881880495,2.0585470622212076,True
d,T_NK cell,AREG,CD4 Treg,-0.0149882397658507,-1.1473961259308023,False
d,T_NK cell,AREG,CD4 Cycling Treg,-0.0091225315852347,1.4398613441417047,False
d,T_NK cell,AREG,CD4 CXCL13+ T,-0.0148351194200583,-1.079857519121033,False
d,T_NK cell,AREG,NK,-0.01250954630845765,-0.054089407254841716,False
d,T_NK cell,AREG,CD16+ NK,-0.01345034260723495,-0.46905758788678664,False
d,T_NK cell,AREG,CD16- NK,-0.0116936657365395,0.3057807123256013,False
d,T_NK cell,AREG,γδ T,-0.01478906157975065,-1.0595422412854998,False
d,T_NK cell,AREG,MAIT,-0.01240714650409035,-0.008922711158576496,False
d,T_NK cell,AREG,ILC3,-0.008844804037740451,1.5623619271529712,False
d,T_NK cell,CD4,CD8 Tcm/Tn,0.141622277078477,-2.247696849291252,False
d,T_NK cell,CD4,CD8 Tem/Trm,0.176001471103997,0.2682336365228939,False
d,T_NK cell,CD4,CD8 Tem/Temra,0.1796563286283125,0.5357026021975037,False
d,T_NK cell,CD4,CD8 Trm,0.1793662530333815,0.5144743549053822,False
d,T_NK cell,CD4,CD8 Tex,0.1950839761011005,1.6647252480561667,False
d,T_NK cell,CD4,CD8 Cycling Tex,0.18049571557586,0.5971304300041015,False
d,T_NK cell,CD4,ISG15+ CD8 T,0.179541437345609,0.5272946540503365,False
d,T_NK cell,CD4,CD4 Tcm/Tn,0.155174706508288,-1.255905990727325,False
d,T_NK cell,CD4,CD4 Tem/Effector,0.1637412705325495,-0.6289896188275262,False
d,T_NK cell,CD4,CD4 Th1,0.1704261893246545,-0.1397753873430968,False
d,T_NK cell,CD4,CD4 Th17,0.174785287669156,0.17923117248062156,False
d,T_NK cell,CD4,CD4 Tfh,0.15894363673810202,-0.9800889818394265,False
d,T_NK cell,CD4,CD4 Treg,0.1825109591357365,0.744609533349871,True
d,T_NK cell,CD4,CD4 Cycling Treg,0.188585784970128,1.1891760784937626,False
d,T_NK cell,CD4,CD4 CXCL13+ T,0.1630856601788035,-0.6769683490612994,False
d,T_NK cell,CD4,NK,0.172629064727768,0.021434947577184085,False
d,T_NK cell,CD4,CD16+ NK,0.181617095001943,0.6791949682871318,False
d,T_NK cell,CD4,CD16- NK,0.175094990868676,0.2018958027406609,False
d,T_NK cell,CD4,γδ T,0.1867930356913115,1.0579795018477935,False
d,T_NK cell,CD4,MAIT,0.171762573640745,-0.0419764093007348,False
d,T_NK cell,CD4,ILC3,0.142141743906172,-2.209681344122721,False
d,T_NK cell,FOXP3,CD8 Tcm/Tn,0.0575450737926549,-1.176987278519407,False
d,T_NK cell,FOXP3,CD8 Tem/Trm,0.0658280511852473,-0.19967956711967302,False
d,T_NK cell,FOXP3,CD8 Tem/Temra,0.066325061510118,-0.14103736636034073,False
d,T_NK cell,FOXP3,CD8 Trm,0.0679488879710257,0.0505577626616585,False
d,T_NK cell,FOXP3,CD8 Tex,0.07331426173971205,0.6836177011529154,False
d,T_NK cell,FOXP3,CD8 Cycling Tex,0.07072825600630765,0.37849513167201043,False
d,T_NK cell,FOXP3,ISG15+ CD8 T,0.06686815996098025,-0.07695723201739148,False
d,T_NK cell,FOXP3,CD4 Tcm/Tn,0.0596977415594432,-0.9229942143290684,False
d,T_NK cell,FOXP3,CD4 Tem/Effector,0.06495118705488934,-0.30314068210654477,False
d,T_NK cell,FOXP3,CD4 Th1,0.06543950575490455,-0.24552400533372593,False
d,T_NK cell,FOXP3,CD4 Th17,0.0667518285677667,-0.09068316199121458,False
d,T_NK cell,FOXP3,CD4 Tfh,0.06293195091652695,-0.5413901612036911,False
d,T_NK cell,FOXP3,CD4 Treg,0.07878361180522919,1.3289457929758968,False
d,T_NK cell,FOXP3,CD4 Cycling Treg,0.09823040688466836,3.6234712869297048,True
d,T_NK cell,FOXP3,CD4 CXCL13+ T,0.064114690902115,-0.40183878327408984,False
d,T_NK cell,FOXP3,NK,0.06339352217654246,-0.48692941232164466,False
d,T_NK cell,FOXP3,CD16+ NK,0.0652591346085637,-0.26680597966225367,False
d,T_NK cell,FOXP3,CD16- NK,0.0645214094131779,-0.35385010500167635,False
d,T_NK cell,FOXP3,γδ T,0.07370114301618669,0.7292657860110223,False
d,T_NK cell,FOXP3,MAIT,0.06433994284804165,-0.3752613276892432,False
d,T_NK cell,FOXP3,ILC3,0.0572544819313966,-1.211274184473264,False
d,T_NK cell,CXCL13,CD8 Tcm/Tn,0.174199769089007,-0.6382834164951867,False
d,T_NK cell,CXCL13,CD8 Tem/Trm,0.198480834882287,0.8358259876451021,False
d,T_NK cell,CXCL13,CD8 Tem/Temra,0.19680916461872,0.7343384797603465,False
d,T_NK cell,CXCL13,CD8 Trm,0.168508704716712,-0.9837893173559968,False
d,T_NK cell,CXCL13,CD8 Tex,0.200957360793282,0.986176477449598,False
d,T_NK cell,CXCL13,CD8 Cycling Tex,0.207771544196373,1.3998672075662775,False
d,T_NK cell,CXCL13,ISG15+ CD8 T,0.194495066827189,0.5938490405554083,False
d,T_NK cell,CXCL13,CD4 Tcm/Tn,0.189878189265103,0.3135572819490444,False
d,T_NK cell,CXCL13,CD4 Tem/Effector,0.183314048394672,-0.08495330525433757,False
d,T_NK cell,CXCL13,CD4 Th1,0.172287944851089,-0.7543507305155719,False
d,T_NK cell,CXCL13,CD4 Th17,0.174573417649969,-0.6155991215697962,False
d,T_NK cell,CXCL13,CD4 Tfh,0.154245242643111,-1.8497275655902519,False
d,T_NK cell,CXCL13,CD4 Treg,0.198731261818047,0.8510294677640042,False
d,T_NK cell,CXCL13,CD4 Cycling Treg,0.207870791051321,1.4058925082452405,False
d,T_NK cell,CXCL13,CD4 CXCL13+ T,0.211543959910492,1.6288914821946363,True
d,T_NK cell,CXCL13,NK,0.185167587552396,0.02757550738532162,False
d,T_NK cell,CXCL13,CD16+ NK,0.178358185977474,-0.3858249167813267,False
d,T_NK cell,CXCL13,CD16- NK,0.170650416614086,-0.8537654676717744,False
d,T_NK cell,CXCL13,γδ T,0.180373238810483,-0.2634905696704102,False
d,T_NK cell,CXCL13,MAIT,0.179977280299753,-0.28752930706710383,False
d,T_NK cell,CXCL13,ILC3,0.150786812127197,-2.059689722543245,False
d,T_NK cell,NKG7,CD8 Tcm/Tn,0.14156223528300899,-1.7510579158355657,False
d,T_NK cell,NKG7,CD8 Tem/Trm,0.1624476182564285,0.6658145661595402,False
d,T_NK cell,NKG7,CD8 Tem/Temra,0.16743777421370648,1.243279227897291,False
d,T_NK cell,NKG7,CD8 Trm,0.157096623307516,0.04659334049273621,False
d,T_NK cell,NKG7,CD8 Tex,0.167828430254361,1.2884862435304114,False
d,T_NK cell,NKG7,CD8 Cycling Tex,0.15456955803897948,-0.24584058401343759,False
d,T_NK cell,NKG7,ISG15+ CD8 T,0.159813464519674,0.36098828225519397,False
d,T_NK cell,NKG7,CD4 Tcm/Tn,0.1475620149586375,-1.0567588256769191,False
d,T_NK cell,NKG7,CD4 Tem/Effector,0.156264586749567,-0.049690565982914194,False
d,T_NK cell,NKG7,CD4 Th1,0.15606592524132,-0.07267982756958737,False
d,T_NK cell,NKG7,CD4 Th17,0.1578070217642945,0.12880119292354308,False
d,T_NK cell,NKG7,CD4 Tfh,0.14497523165648502,-1.356103366680236,False
d,T_NK cell,NKG7,CD4 Treg,0.161993415551335,0.613253881943919,False
d,T_NK cell,NKG7,CD4 Cycling Treg,0.1475580528321085,-1.057217325987415,False
d,T_NK cell,NKG7,CD4 CXCL13+ T,0.1525135672893895,-0.483761405108486,False
d,T_NK cell,NKG7,NK,0.162523925918022,0.6746449470869783,True
d,T_NK cell,NKG7,CD16+ NK,0.1666183202014725,1.148451383229593,False
d,T_NK cell,NKG7,CD16- NK,0.164387341187767,0.8902807864540535,False
d,T_NK cell,NKG7,γδ T,0.163781259745588,0.8201445786902515,False
d,T_NK cell,NKG7,MAIT,0.161861223659062,0.5979565351256151,False
d,T_NK cell,NKG7,ILC3,0.1359061437715025,-2.405585148934607,False
d,T_NK cell,IGFBP7,CD8 Tcm/Tn,0.1886167150820095,-1.788735755950835,False
d,T_NK cell,IGFBP7,CD8 Tem/Trm,0.2240370750929115,-0.7012875159739077,False
d,T_NK cell,IGFBP7,CD8 Tem/Temra,0.253804268030932,0.21260160202322148,False
d,T_NK cell,IGFBP7,CD8 Trm,0.28732754985771447,1.2418072286618198,False
d,T_NK cell,IGFBP7,CD8 Tex,0.27255240328479047,0.7881922137048282,False
d,T_NK cell,IGFBP7,CD8 Cycling Tex,0.234877202709992,-0.3684823808851837,False
d,T_NK cell,IGFBP7,ISG15+ CD8 T,0.19463179434647848,-1.6040654884138807,False
d,T_NK cell,IGFBP7,CD4 Tcm/Tn,0.2040003495889725,-1.3164394194964264,False
d,T_NK cell,IGFBP7,CD4 Tem/Effector,0.25268564324459597,0.17825845715622265,False
d,T_NK cell,IGFBP7,CD4 Th1,0.270596474651021,0.7281428198065607,False
d,T_NK cell,IGFBP7,CD4 Th17,0.288295522742471,1.271525176462178,False
d,T_NK cell,IGFBP7,CD4 Tfh,0.27169358060841,0.7618253103872226,False
d,T_NK cell,IGFBP7,CD4 Treg,0.232960072602449,-0.4273406127216961,False
d,T_NK cell,IGFBP7,CD4 Cycling Treg,0.2138318000107115,-1.0146019041733223,False
d,T_NK cell,IGFBP7,CD4 CXCL13+ T,0.18618747145338949,-1.8633164972986056,False
d,T_NK cell,IGFBP7,NK,0.26004791799388904,0.4042892686974137,False
d,T_NK cell,IGFBP7,CD16+ NK,0.285112100861552,1.1737902432078597,True
d,T_NK cell,IGFBP7,CD16- NK,0.2605233305449215,0.41888501367922804,False
d,T_NK cell,IGFBP7,γδ T,0.270274372218332,0.7182538823871749,False
d,T_NK cell,IGFBP7,MAIT,0.2540524342848445,0.2202206086046269,False
d,T_NK cell,IGFBP7,ILC3,0.27835951911151247,0.9664777501354949,False
d,T_NK cell,IRF8,CD8 Tcm/Tn,0.1260383771969875,-2.523345432247949,False
d,T_NK cell,IRF8,CD8 Tem/Trm,0.1453797990988535,1.0083740524864777,False
d,T_NK cell,IRF8,CD8 Tem/Temra,0.14656795476345702,1.225329793014166,False
d,T_NK cell,IRF8,CD8 Trm,0.139469110353963,-0.07091033076335504,False
d,T_NK cell,IRF8,CD8 Tex,0.14451758053306452,0.8509340191555784,False
d,T_NK cell,IRF8,CD8 Cycling Tex,0.13952129716505451,-0.06138108423157572,False
d,T_NK cell,IRF8,ISG15+ CD8 T,0.1451527660019315,0.9669180925189369,False
d,T_NK cell,IRF8,CD4 Tcm/Tn,0.1343393597139135,-1.0075963913442394,False
d,T_NK cell,IRF8,CD4 Tem/Effector,0.143396852644396,0.6462905063064015,False
d,T_NK cell,IRF8,CD4 Th1,0.136870566728733,-0.5454011515375954,False
d,T_NK cell,IRF8,CD4 Th17,0.142106260098422,0.4106299191688228,False
d,T_NK cell,IRF8,CD4 Tfh,0.133156011348876,-1.2236743249747737,False
d,T_NK cell,IRF8,CD4 Treg,0.145699209145175,1.0666979280493554,False
d,T_NK cell,IRF8,CD4 Cycling Treg,0.138620885114011,-0.225795200271994,False
d,T_NK cell,IRF8,CD4 CXCL13+ T,0.14169458815303,0.33545913605699573,False
d,T_NK cell,IRF8,NK,0.14208827113183448,0.40734515633547175,False
d,T_NK cell,IRF8,CD16+ NK,0.14076910875981952,0.16646775464225738,False
d,T_NK cell,IRF8,CD16- NK,0.140001916410558,0.02637938977573013,True
d,T_NK cell,IRF8,γδ T,0.1407788588280765,0.1682481049296045,False
d,T_NK cell,IRF8,MAIT,0.143366810011795,0.6408047591122172,False
d,T_NK cell,IRF8,ILC3,0.127470866381174,-2.261774696180467,False
d,T_NK cell,KIR2DL4,CD8 Tcm/Tn,0.0028777728433122,-1.992762959008437,False
d,T_NK cell,KIR2DL4,CD8 Tem/Trm,0.0058415126829527,0.6745599744413425,False
d,T_NK cell,KIR2DL4,CD8 Tem/Temra,0.0045939441057524,-0.44823367718407003,False
d,T_NK cell,KIR2DL4,CD8 Trm,0.0061361237451543,0.9397056637315493,False
d,T_NK cell,KIR2DL4,CD8 Tex,0.0069294101901484,1.6536519754915837,False
d,T_NK cell,KIR2DL4,CD8 Cycling Tex,0.0052626164822939,0.1535617776861706,False
d,T_NK cell,KIR2DL4,ISG15+ CD8 T,0.0055225477471752,0.38749615163668644,False
d,T_NK cell,KIR2DL4,CD4 Tcm/Tn,0.0040063163121546,-0.9770901811294462,False
d,T_NK cell,KIR2DL4,CD4 Tem/Effector,0.0048152303286211,-0.24907928136984114,False
d,T_NK cell,KIR2DL4,CD4 Th1,0.0049328343257064,-0.14323738718758014,False
d,T_NK cell,KIR2DL4,CD4 Th17,0.0049125625223706,-0.16148171660433502,False
d,T_NK cell,KIR2DL4,CD4 Tfh,0.0046663961929677,-0.38302784797433936,False
d,T_NK cell,KIR2DL4,CD4 Treg,0.0053780222802009,0.2574253244432816,False
d,T_NK cell,KIR2DL4,CD4 Cycling Treg,0.003941340870303,-1.035567137792022,False
d,T_NK cell,KIR2DL4,CD4 CXCL13+ T,0.0044885362989993,-0.54309917669812,False
d,T_NK cell,KIR2DL4,NK,0.0057523539073928,0.5943183676753216,False
d,T_NK cell,KIR2DL4,CD16+ NK,0.0056266391356577,0.48117689377216316,False
d,T_NK cell,KIR2DL4,CD16- NK,0.006054725496467,0.866448418759393,False
d,T_NK cell,KIR2DL4,γδ T,0.0069892979766695,1.7075501160384445,True
d,T_NK cell,KIR2DL4,MAIT,0.0056923830398044,0.5403454553711086,False
d,T_NK cell,KIR2DL4,ILC3,0.0025112138391295,-2.322660754098855,False
d,T_NK cell,SLC4A10,CD8 Tcm/Tn,0.0019279001907205,-2.4347849161073754,False
d,T_NK cell,SLC4A10,CD8 Tem/Trm,0.0045216972723849,0.05224889810644225,False
d,T_NK cell,SLC4A10,CD8 Tem/Temra,0.0051541363541892,0.6586561583337256,False
d,T_NK cell,SLC4A10,CD8 Trm,0.0047929639132517,0.31234993425650787,False
d,T_NK cell,SLC4A10,CD8 Tex,0.0059883094977428,1.4584939057012223,False
d,T_NK cell,SLC4A10,CD8 Cycling Tex,0.0049444386471512,0.4575898174648576,False
d,T_NK cell,SLC4A10,ISG15+ CD8 T,0.0031176711882148,-1.2939860761146642,False
d,T_NK cell,SLC4A10,CD4 Tcm/Tn,0.003589766551034,-0.8413226279348712,False
d,T_NK cell,SLC4A10,CD4 Tem/Effector,0.0034376897474266,-0.9871397990631768,False
d,T_NK cell,SLC4A10,CD4 Th1,0.0037886322101142,-0.6506424771572296,False
d,T_NK cell,SLC4A10,CD4 Th17,0.0062180893326195,1.6788157740549783,False
d,T_NK cell,SLC4A10,CD4 Tfh,0.0036519718219736,-0.7816777878112005,False
d,T_NK cell,SLC4A10,CD4 Treg,0.0044268519578557,-0.038692488951678275,False
d,T_NK cell,SLC4A10,CD4 Cycling Treg,0.0043024138486284,-0.15800860184765625,False
d,T_NK cell,SLC4A10,CD4 CXCL13+ T,0.0034440099060079,-0.9810797844945738,False
d,T_NK cell,SLC4A10,NK,0.004786078907508,0.3057483221964582,False
d,T_NK cell,SLC4A10,CD16+ NK,0.0046610347848772,0.18585114001135758,False
d,T_NK cell,SLC4A10,CD16- NK,0.0047994241564356,0.31854426740615177,False
d,T_NK cell,SLC4A10,γδ T,0.0058034299041963,1.2812241400905662,False
d,T_NK cell,SLC4A10,MAIT,0.0059898972335236,1.460016288698258,True
d,T_NK cell,SLC4A10,ILC3,0.0044649067323328,-0.002204086838087901,False
d,T_NK cell,KIT,CD8 Tcm/Tn,0.0253921461321304,0.32064817150537783,False
d,T_NK cell,KIT,CD8 Tem/Trm,0.02203919541302225,-0.5338379380393838,False
d,T_NK cell,KIT,CD8 Tem/Temra,0.02261836613151265,-0.38623859183224907,False
d,T_NK cell,KIT,CD8 Trm,0.0266609217907185,0.6439905845666742,False
d,T_NK cell,KIT,CD8 Tex,0.023186431701384153,-0.24146934843133755,False
d,T_NK cell,KIT,CD8 Cycling Tex,0.0220742001393813,-0.5249171232264002,False
d,T_NK cell,KIT,ISG15+ CD8 T,0.01536350282887105,-2.235111551230291,False
d,T_NK cell,KIT,CD4 Tcm/Tn,0.02225032608034925,-0.4800321300680028,False
d,T_NK cell,KIT,CD4 Tem/Effector,0.024604289324970302,0.11986600844165769,False
d,T_NK cell,KIT,CD4 Th1,0.024862930134955052,0.1857795866621453,False
d,T_NK cell,KIT,CD4 Th17,0.0276078781092874,0.8853186231660596,False
d,T_NK cell,KIT,CD4 Tfh,0.0284829142311677,1.1083180866641438,False
d,T_NK cell,KIT,CD4 Treg,0.02105720110864415,-0.7840952674898889,False
d,T_NK cell,KIT,CD4 Cycling Treg,0.01873180231785755,-1.3767138689371121,False
d,T_NK cell,KIT,CD4 CXCL13+ T,0.0198909504024428,-1.0813096056000815,False
d,T_NK cell,KIT,NK,0.02465371854317855,0.13246284743601022,False
d,T_NK cell,KIT,CD16+ NK,0.0280640404755212,1.0015697817120255,False
d,T_NK cell,KIT,CD16- NK,0.02638263869926815,0.5730712493046429,False
d,T_NK cell,KIT,γδ T,0.0237365338322496,-0.10127801577121164,False
d,T_NK cell,KIT,MAIT,0.0243551710344303,0.05637920629844339,False
d,T_NK cell,KIT,ILC3,0.0347976342997849,2.717599294868771,True
e,Endothelial,GJA5,Arterial EC,0.210771407176882,2.7915126295253763,True
e,Endothelial,GJA5,Capillary EC,0.1254813086945315,0.3614318000691501,False
e,Endothelial,GJA5,Venous EC,0.12120632205418999,0.23962911410994533,False
e,Endothelial,GJA5,Venous iEC,0.1074750025712535,-0.15160289092200788,False
e,Endothelial,GJA5,Lymphatic EC,0.0983069382355754,-0.4128188794340039,False
e,Endothelial,GJA5,Tip EC,0.11748047889524199,0.13347259424153682,False
e,Endothelial,GJA5,PGF+ Tip EC,0.106709050423558,-0.17342635769618275,False
e,Endothelial,GJA5,Fibrosis PGF+ TipEC,0.15606385492636698,1.2327880376202318,False
e,Endothelial,GJA5,TMEM100+ EC,0.07533343971461195,-1.0673785450309066,False
e,Endothelial,GJA5,SPRY1+ EC,0.119290785723428,0.18505175755460135,False
e,Endothelial,GJA5,HMOX1+ iEC,0.08769620466161404,-0.7151393211191177,False
e,Endothelial,GJA5,CCL2+ iEC,0.06197468629448695,-1.4479954181418722,False
e,Endothelial,GJA5,CD14+ EC,0.09640491029999884,-0.4670113555312296,False
e,Endothelial,GJA5,HMGB2+ cycEC,0.09494829478547695,-0.5085131652455267,False
e,Endothelial,RGCC,Arterial EC,0.07275529910684395,-1.108252157448341,False
e,Endothelial,RGCC,Capillary EC,0.1047893048007795,0.7023324059920146,True
e,Endothelial,RGCC,Venous EC,0.0765184887189401,-0.8955540301501278,False
e,Endothelial,RGCC,Venous iEC,0.06669448158788215,-1.450813832266878,False
e,Endothelial,RGCC,Lymphatic EC,0.07076505603398855,-1.2207420976586052,False
e,Endothelial,RGCC,Tip EC,0.12851268688401601,2.043194669765575,False
e,Endothelial,RGCC,PGF+ Tip EC,0.118030284794522,1.4507219208890332,False
e,Endothelial,RGCC,Fibrosis PGF+ TipEC,0.10616557018388201,0.7801198947516383,False
e,Endothelial,RGCC,TMEM100+ EC,0.08360181335747979,-0.4951995327790844,False
e,Endothelial,RGCC,SPRY1+ EC,0.0956771660873881,0.18730790821223625,False
e,Endothelial,RGCC,HMOX1+ iEC,0.09585734775895115,0.1974919031913183,False
e,Endothelial,RGCC,CCL2+ iEC,0.08739270760753096,-0.2809355198312178,False
e,Endothelial,RGCC,CD14+ EC,0.08354231447133526,-0.4985624517291672,False
e,Endothelial,RGCC,HMGB2+ cycEC,0.1027822263623375,0.5888909190616112,False
e,Endothelial,CLU,Arterial EC,0.03286638902228365,0.8288437591848368,False
e,Endothelial,CLU,Capillary EC,0.026610274383192703,0.5503486711288057,False
e,Endothelial,CLU,Venous EC,0.043368116514648794,1.2963351162728278,True
e,Endothelial,CLU,Venous iEC,0.040842732252378694,1.1839159626816107,False
e,Endothelial,CLU,Lymphatic EC,0.03590048604932835,0.9639085985401682,False
e,Endothelial,CLU,Tip EC,-0.00486352803080755,-0.8507284958360852,False
e,Endothelial,CLU,PGF+ Tip EC,-0.01883345437385195,-1.4726090225662896,False
e,Endothelial,CLU,Fibrosis PGF+ TipEC,0.01743243268275085,0.14179096718937328,False
e,Endothelial,CLU,TMEM100+ EC,0.0039701785904101995,-0.45749019294995774,False
e,Endothelial,CLU,SPRY1+ EC,0.042155425815955994,1.2423513863701008,False
e,Endothelial,CLU,HMOX1+ iEC,0.00033026131225285,-0.619523522160881,False
e,Endothelial,CLU,CCL2+ iEC,-0.020461916608276,-1.5451010978454192,False
e,Endothelial,CLU,CD14+ EC,0.01397605218609805,-0.012072100593275278,False
e,Endothelial,CLU,HMGB2+ cycEC,-0.0138320912474728,-1.2499700294158156,False
e,Endothelial,SELE,Arterial EC,0.06768679995254376,-0.8046135897117557,False
e,Endothelial,SELE,Capillary EC,0.08721952633260625,0.8524735118527129,False
e,Endothelial,SELE,Venous EC,0.08667335807015475,0.8061385371347918,False
e,Endothelial,SELE,Venous iEC,0.1016346921008615,2.0754049550470244,True
e,Endothelial,SELE,Lymphatic EC,0.0637043839147438,-1.142467615867457,False
e,Endothelial,SELE,Tip EC,0.07577457608776565,-0.1184754002321236,False
e,Endothelial,SELE,PGF+ Tip EC,0.0652126257166939,-1.014513740539385,False
e,Endothelial,SELE,Fibrosis PGF+ TipEC,0.09039162387967964,1.1215829965135418,False
e,Endothelial,SELE,TMEM100+ EC,0.05808920227296255,-1.6188396742522493,False
e,Endothelial,SELE,SPRY1+ EC,0.08007383502911006,0.24625845204051197,False
e,Endothelial,SELE,HMOX1+ iEC,0.08609794398382715,0.7573224506367374,False
e,Endothelial,SELE,CCL2+ iEC,0.0735022215368973,-0.3112538861002712,False
e,Endothelial,SELE,CD14+ EC,0.06723517662299115,-0.8429277082636394,False
e,Endothelial,SELE,HMGB2+ cycEC,0.0770993146437707,-0.0060892882584356045,False
e,Endothelial,PDPN,Arterial EC,0.052322128669477,-1.105960759083183,False
e,Endothelial,PDPN,Capillary EC,0.0880279940302423,1.0232339671922739,False
e,Endothelial,PDPN,Venous EC,0.070359278703269,-0.03037823668927781,False
e,Endothelial,PDPN,Venous iEC,0.0649750137558084,-0.35145009463674154,False
e,Endothelial,PDPN,Lymphatic EC,0.107890905030443,2.207689375926825,True
e,Endothelial,PDPN,Tip EC,0.0671736971226549,-0.2203392818294083,False
e,Endothelial,PDPN,PGF+ Tip EC,0.0837620569209599,0.768849688756957,False
e,Endothelial,PDPN,Fibrosis PGF+ TipEC,0.0370934057450847,-2.0140725275814684,False
e,Endothelial,PDPN,TMEM100+ EC,0.062115410634889,-0.5219725514595588,False
e,Endothelial,PDPN,SPRY1+ EC,0.0771778421958863,0.3762230116649495,False
e,Endothelial,PDPN,HMOX1+ iEC,0.0838508359444182,0.7741437161286899,False
e,Endothelial,PDPN,CCL2+ iEC,0.0541427854626128,-0.9973922423105299,False
e,Endothelial,PDPN,CD14+ EC,0.0734365788640639,0.15312582370330033,False
e,Endothelial,PDPN,HMGB2+ cycEC,0.0698340253225268,-0.06169988978282036,False
e,Endothelial,KDR,Arterial EC,0.119786941962439,0.11192064759230572,False
e,Endothelial,KDR,Capillary EC,0.128277506783069,0.4454928662725916,False
e,Endothelial,KDR,Venous EC,0.1002631350448651,-0.6551189696963581,False
e,Endothelial,KDR,Venous iEC,0.09456559141936349,-0.8789606467033382,False
e,Endothelial,KDR,Lymphatic EC,0.09573418048978916,-0.8330498201349713,False
e,Endothelial,KDR,Tip EC,0.1648863393073165,1.8837587233021262,True
e,Endothelial,KDR,PGF+ Tip EC,0.14156146709475248,0.9673851322926886,False
e,Endothelial,KDR,Fibrosis PGF+ TipEC,0.16144030311749952,1.7483729201460396,False
e,Endothelial,KDR,TMEM100+ EC,0.08334809125509729,-1.3196670657567524,False
e,Endothelial,KDR,SPRY1+ EC,0.117328502843333,0.015334965864980508,False
e,Endothelial,KDR,HMOX1+ iEC,0.1141613389598015,-0.10909466936808283,False
e,Endothelial,KDR,CCL2+ iEC,0.0837650621991736,-1.303285361373224,False
e,Endothelial,KDR,CD14+ EC,0.09895974095741535,-0.7063259349278089,False
e,Endothelial,KDR,HMGB2+ cycEC,0.133056248692604,0.6332372124898045,False
e,Endothelial,COL4A1,Arterial EC,0.268565567790362,0.051862374393030784,False
e,Endothelial,COL4A1,Capillary EC,0.2939422548300205,0.5649124429330491,False
e,Endothelial,COL4A1,Venous EC,0.24434217273606001,-0.43787115439500507,False
e,Endothelial,COL4A1,Venous iEC,0.218735793716137,-0.9555649924717496,False
e,Endothelial,COL4A1,Lymphatic EC,0.246158197890661,-0.40115588779687245,False
e,Endothelial,COL4A1,Tip EC,0.345224689112254,1.6017087900007767,False
e,Endothelial,COL4A1,PGF+ Tip EC,0.3511954977673615,1.722422884198923,True
e,Endothelial,COL4A1,Fibrosis PGF+ TipEC,0.304429322499563,0.776933451752449,False
e,Endothelial,COL4A1,TMEM100+ EC,0.189897172730359,-1.5386062874300106,False
e,Endothelial,COL4A1,SPRY1+ EC,0.26858922444197997,0.052340649855665305,False
e,Endothelial,COL4A1,HMOX1+ iEC,0.2537615115870495,-0.24743682246075852,False
e,Endothelial,COL4A1,CCL2+ iEC,0.19578962174992248,-1.4194764195859102,False
e,Endothelial,COL4A1,CD14+ EC,0.224711006118557,-0.8347618660505634,False
e,Endothelial,COL4A1,HMGB2+ cycEC,0.318662591943182,1.0646928370569682,False
e,Endothelial,NOTCH3,Arterial EC,0.1738304087406995,1.5204520558950085,False
e,Endothelial,NOTCH3,Capillary EC,0.1509266311666495,0.7211726619699713,False
e,Endothelial,NOTCH3,Venous EC,0.1285390736920315,-0.06009205787469097,False
e,Endothelial,NOTCH3,Venous iEC,0.1258373352876645,-0.15437536233854066,False
e,Endothelial,NOTCH3,Lymphatic EC,0.106062793493381,-0.8444529589000681,False
e,Endothelial,NOTCH3,Tip EC,0.150453975816677,0.7046782788735565,False
e,Endothelial,NOTCH3,PGF+ Tip EC,0.1439769668722765,0.4786483252211537,False
e,Endothelial,NOTCH3,Fibrosis PGF+ TipEC,0.1811358731685635,1.7753928472717018,True
e,Endothelial,NOTCH3,TMEM100+ EC,0.0797213276308964,-1.7636983017957388,False
e,Endothelial,NOTCH3,SPRY1+ EC,0.1384571293243205,0.28602104373315906,False
e,Endothelial,NOTCH3,HMOX1+ iEC,0.11724853933774901,-0.4541009250410072,False
e,Endothelial,NOTCH3,CCL2+ iEC,0.0850261960995308,-1.5785728550979787,False
e,Endothelial,NOTCH3,CD14+ EC,0.1074730278099965,-0.7952396260237566,False
e,Endothelial,NOTCH3,HMGB2+ cycEC,0.13496533306534603,0.16416687410723035,False
e,Endothelial,TMEM100,Arterial EC,0.0447753441866182,1.3792167303144311,False
e,Endothelial,TMEM100,Capillary EC,0.0419998387558262,1.0443984516283593,False
e,Endothelial,TMEM100,Venous EC,0.0382643750348078,0.5937772713236408,False
e,Endothelial,TMEM100,Venous iEC,0.0334335196516838,0.011015419729146924,False
e,Endothelial,TMEM100,Lymphatic EC,0.0343213993108663,0.11812324083797877,False
e,Endothelial,TMEM100,Tip EC,0.0350830469880142,0.21000328596371814,False
e,Endothelial,TMEM100,PGF+ Tip EC,0.0222276189469044,-1.3407889556024637,False
e,Endothelial,TMEM100,Fibrosis PGF+ TipEC,0.0399904425303224,0.8019984267689267,False
e,Endothelial,TMEM100,TMEM100+ EC,0.0340904568594978,0.09026389918982379,True
e,Endothelial,TMEM100,SPRY1+ EC,0.0428604303101899,1.1482144195912118,False
e,Endothelial,TMEM100,HMOX1+ iEC,0.0206367716019539,-1.5326980629597642,False
e,Endothelial,TMEM100,CCL2+ iEC,0.0213362927474636,-1.4483125441113167,False
e,Endothelial,TMEM100,CD14+ EC,0.0367585432235384,0.4121238652641616,False
e,Endothelial,TMEM100,HMGB2+ cycEC,0.0210128089701715,-1.4873354479378476,False
e,Endothelial,SPRY1,Arterial EC,0.1093292313045395,-0.5486802726083326,False
e,Endothelial,SPRY1,Capillary EC,0.13309153297313248,0.9907375820496745,False
e,Endothelial,SPRY1,Venous EC,0.112234630149412,-0.36045680338897634,False
e,Endothelial,SPRY1,Venous iEC,0.117074165316066,-0.04693217317020582,False
e,Endothelial,SPRY1,Lymphatic EC,0.09852859004973974,-1.2483894262620128,False
e,Endothelial,SPRY1,Tip EC,0.146002969224152,1.8271925589835245,False
e,Endothelial,SPRY1,PGF+ Tip EC,0.132318653110556,0.9406673036503211,False
e,Endothelial,SPRY1,Fibrosis PGF+ TipEC,0.14235729531650398,1.5910110819546406,False
e,Endothelial,SPRY1,TMEM100+ EC,0.09559141269736651,-1.4386716355194047,False
e,Endothelial,SPRY1,SPRY1+ EC,0.12694398958255199,0.5924748973261372,True
e,Endothelial,SPRY1,HMOX1+ iEC,0.1129904202820235,-0.31149366670536677,False
e,Endothelial,SPRY1,CCL2+ iEC,0.10167864381320099,-1.0443162234958752,False
e,Endothelial,SPRY1,CD14+ EC,0.105414057245003,-0.8023210577226163,False
e,Endothelial,SPRY1,HMGB2+ cycEC,0.1156248886918245,-0.14082216509151294,False
e,Endothelial,HMOX1,Arterial EC,0.0121830233267484,-1.4265999194813306,False
e,Endothelial,HMOX1,Capillary EC,0.04686099064995095,0.20629911160800798,False
e,Endothelial,HMOX1,Venous EC,0.0264101764079341,-0.7566787483553647,False
e,Endothelial,HMOX1,Venous iEC,0.029297487945808,-0.6207224459370041,False
e,Endothelial,HMOX1,Lymphatic EC,0.03242156581247975,-0.47361740734027125,False
e,Endothelial,HMOX1,Tip EC,0.033519212791980196,-0.4219319474458217,False
e,Endothelial,HMOX1,PGF+ Tip EC,0.0441332573040678,0.07785694843131881,False
e,Endothelial,HMOX1,Fibrosis PGF+ TipEC,0.014984425241933951,-1.2946888870276598,False
e,Endothelial,HMOX1,TMEM100+ EC,0.051024395288444754,0.4023434569085083,False
e,Endothelial,HMOX1,SPRY1+ EC,0.043086892185377396,0.02858622351971083,False
e,Endothelial,HMOX1,HMOX1+ iEC,0.09481646936908014,2.4644030542660795,True
e,Endothelial,HMOX1,CCL2+ iEC,0.0739777557824422,1.4831599811750569,False
e,Endothelial,HMOX1,CD14+ EC,0.05536745411329335,0.6068472699769941,False
e,Endothelial,HMOX1,HMGB2+ cycEC,0.0366341633661705,-0.2752566902982297,False
e,Endothelial,CCL2,Arterial EC,0.101709812238256,-1.1736964411745294,False
e,Endothelial,CCL2,Capillary EC,0.129798404233037,1.3168817022757813,False
e,Endothelial,CCL2,Venous EC,0.118170753988586,0.28587339954935115,False
e,Endothelial,CCL2,Venous iEC,0.120791586321481,0.5182591213815102,False
e,Endothelial,CCL2,Lymphatic EC,0.125523383303169,0.9378212747292459,False
e,Endothelial,CCL2,Tip EC,0.115397522344424,0.039974633211830195,False
e,Endothelial,CCL2,PGF+ Tip EC,0.115359182968435,0.03657513166723606,False
e,Endothelial,CCL2,Fibrosis PGF+ TipEC,0.0860105995801685,-2.5657247750574146,False
e,Endothelial,CCL2,TMEM100+ EC,0.114342987816805,-0.05352954266461017,False
e,Endothelial,CCL2,SPRY1+ EC,0.112455070245284,-0.2209286861011927,False
e,Endothelial,CCL2,HMOX1+ iEC,0.112975585648024,-0.1747752767158331,False
e,Endothelial,CCL2,CCL2+ iEC,0.122393276418552,0.6602788548408101,True
e,Endothelial,CCL2,CD14+ EC,0.12971410470796,1.30940697535821,False
e,Endothelial,CCL2,HMGB2+ cycEC,0.104611401545979,-0.916416371300369,False
e,Endothelial,FCN3,Arterial EC,0.03237438939493195,-0.32161213379133063,False
e,Endothelial,FCN3,Capillary EC,0.0376384108236014,0.10103724980594812,False
e,Endothelial,FCN3,Venous EC,0.02239647763085405,-1.1227407602265587,False
e,Endothelial,FCN3,Venous iEC,0.02070878547153015,-1.258245917358965,False
e,Endothelial,FCN3,Lymphatic EC,0.0210202694593849,-1.2332368027018257,False
e,Endothelial,FCN3,Tip EC,0.0585800539059599,1.7824461612643954,False
e,Endothelial,FCN3,PGF+ Tip EC,0.04574721605297885,0.7520949208939316,False
e,Endothelial,FCN3,Fibrosis PGF+ TipEC,0.05338727731795065,1.365517040853266,False
e,Endothelial,FCN3,TMEM100+ EC,0.03016582472814515,-0.4989382536981246,False
e,Endothelial,FCN3,SPRY1+ EC,0.034509552372114005,-0.1501794509244173,False
e,Endothelial,FCN3,HMOX1+ iEC,0.03152891788564305,-0.3894952184428948,False
e,Endothelial,FCN3,CCL2+ iEC,0.0225218250110573,-1.1126765928031697,False
e,Endothelial,FCN3,CD14+ EC,0.051819892612212204,1.2396713943799764,True
e,Endothelial,FCN3,HMGB2+ cycEC,0.0469212501273834,0.8463583627497728,False
e,Endothelial,TOP2A,Arterial EC,-0.0713815885288909,-0.18706881136517756,False
e,Endothelial,TOP2A,Capillary EC,-0.0811597783602912,-0.6145011217921008,False
e,Endothelial,TOP2A,Venous EC,-0.09189172333652701,-1.0836247648856783,False
e,Endothelial,TOP2A,Venous iEC,-0.07878462915675175,-0.5106766379988514,False
e,Endothelial,TOP2A,Lymphatic EC,-0.07335896664028005,-0.27350559663033464,False
e,Endothelial,TOP2A,Tip EC,-0.04739823178045725,0.8613114884175774,False
e,Endothelial,TOP2A,PGF+ Tip EC,-0.04532187096215255,0.9520750875244296,False
e,Endothelial,TOP2A,Fibrosis PGF+ TipEC,-0.054202471283018,0.5638789511663361,False
e,Endothelial,TOP2A,TMEM100+ EC,-0.08373927321360825,-0.7272581314123331,False
e,Endothelial,TOP2A,SPRY1+ EC,-0.0883657926056316,-0.92949636845465,False
e,Endothelial,TOP2A,HMOX1+ iEC,-0.03988272128159665,1.189835690949423,False
e,Endothelial,TOP2A,CCL2+ iEC,-0.07661321093269995,-0.4157578110571708,False
e,Endothelial,TOP2A,CD14+ EC,-0.094714434514507,-1.2070134473795946,False
e,Endothelial,TOP2A,HMGB2+ cycEC,-0.012614619632982198,2.381801472918125,True
f,Fibroblast,CD74,apCAF,0.2830267529843925,0.901632694630862,True
f,Fibroblast,CD74,iCAF,0.25169972924315,0.3171370695181558,False
f,Fibroblast,CD74,IL6+ iCAF,0.29313575640234046,1.0902451948429752,False
f,Fibroblast,CD74,Pl16+ iCAF,0.20205031434185,-0.6092153998040524,False
f,Fibroblast,CD74,myoCAF,0.18202325832711952,-0.982877664090152,False
f,Fibroblast,CD74,pnCAF,0.174188899499862,-1.1290501347952644,False
f,Fibroblast,CD74,vCAF,0.2807962587627235,0.86001641709447,False
f,Fibroblast,CD74,mCAF,0.163684192633181,-1.325045619632309,False
f,Fibroblast,CD74,cyc mCAF,0.143884553953195,-1.694464760207364,False
f,Fibroblast,CD74,CXCL14+ mCAF,0.2498790196493285,0.28316650145591227,False
f,Fibroblast,CD74,ISG15 + mCAF,0.317620327856155,1.547075215330151,False
f,Fibroblast,CD74,tCAF,0.270235889929232,0.6629823983591951,False
f,Fibroblast,CD74,HSP+ tCAF,0.238904112915745,0.0783980872974246,False
f,Fibroblast,C7,apCAF,0.144984529534103,0.10376937324698483,False
f,Fibroblast,C7,iCAF,0.235704416934364,1.4652179000940693,True
f,Fibroblast,C7,IL6+ iCAF,0.205029808190366,1.0048789150833073,False
f,Fibroblast,C7,Pl16+ iCAF,0.19294466495036,0.8235151487434159,False
f,Fibroblast,C7,myoCAF,0.150822768112213,0.19138479627413918,False
f,Fibroblast,C7,pnCAF,0.181545483020688,0.6524457185429413,False
f,Fibroblast,C7,vCAF,0.199512477907483,0.9220794165277317,False
f,Fibroblast,C7,mCAF,0.0619240676831473,-1.1427328730278137,False
f,Fibroblast,C7,cyc mCAF,0.0262328977029808,-1.6783562317358929,False
f,Fibroblast,C7,CXCL14+ mCAF,0.131975622060923,-0.09145747747769979,False
f,Fibroblast,C7,ISG15 + mCAF,0.0433729775159592,-1.4211321865994155,False
f,Fibroblast,C7,tCAF,0.0557433287622673,-1.2354882559961826,False
f,Fibroblast,C7,HSP+ tCAF,0.165115336182486,0.40587575632441425,False
f,Fibroblast,IL6,apCAF,0.05233874968547495,0.08034969141343894,False
f,Fibroblast,IL6,iCAF,0.06185963382134465,0.7692153246292495,False
f,Fibroblast,IL6,IL6+ iCAF,0.0708511902784261,1.4197824509602457,True
f,Fibroblast,IL6,Pl16+ iCAF,0.05450776360789465,0.23728460709971938,False
f,Fibroblast,IL6,myoCAF,0.0545060661019044,0.23716178725209022,False
f,Fibroblast,IL6,pnCAF,0.0455359457389269,-0.411854370878069,False
f,Fibroblast,IL6,vCAF,0.0707599565796581,1.4131814085806143,False
f,Fibroblast,IL6,mCAF,0.0295739271569265,-1.5667561511094092,False
f,Fibroblast,IL6,cyc mCAF,0.028446097936589948,-1.648358109387569,False
f,Fibroblast,IL6,CXCL14+ mCAF,0.04552838475514695,-0.41240143161370874,False
f,Fibroblast,IL6,ISG15 + mCAF,0.03463911281261995,-1.200274186381017,False
f,Fibroblast,IL6,tCAF,0.05031333155092975,-0.06619562159207601,False
f,Fibroblast,IL6,HSP+ tCAF,0.06710680627204575,1.1488646010264767,False
f,Fibroblast,CFD,apCAF,0.14211557268133201,0.7390837408927512,False
f,Fibroblast,CFD,iCAF,0.1410911021560835,0.7093801887872194,False
f,Fibroblast,CFD,IL6+ iCAF,0.1433268585760505,0.7742038276124137,False
f,Fibroblast,CFD,Pl16+ iCAF,0.1869590187100615,2.0392769654687894,True
f,Fibroblast,CFD,myoCAF,0.09630677232373755,-0.589099017692366,False
f,Fibroblast,CFD,pnCAF,0.1133781591862,-0.09413033222448527,False
f,Fibroblast,CFD,vCAF,0.1267827110605535,0.2945219474051104,False
f,Fibroblast,CFD,mCAF,0.08848979964941014,-0.8157447331296924,False
f,Fibroblast,CFD,cyc mCAF,0.0400096749760981,-2.2213800089392004,False
f,Fibroblast,CFD,CXCL14+ mCAF,0.1118937188689065,-0.1371702725893716,False
f,Fibroblast,CFD,ISG15 + mCAF,0.1064063286143335,-0.29627195324588274,False
f,Fibroblast,CFD,tCAF,0.08575783195469185,-0.8949555476633851,False
f,Fibroblast,CFD,HSP+ tCAF,0.1336035322789875,0.4922851953180993,False
f,Fibroblast,PLN,apCAF,0.09372265271002539,0.40465560511426335,False
f,Fibroblast,PLN,iCAF,0.10617269968524301,0.8227107163998593,False
f,Fibroblast,PLN,IL6+ iCAF,0.0799078650073151,-0.05922558520891463,False
f,Fibroblast,PLN,Pl16+ iCAF,0.121820421075506,1.3481392485326107,False
f,Fibroblast,PLN,myoCAF,0.0991603657510598,0.5872463804771041,True
f,Fibroblast,PLN,pnCAF,0.1157193152578825,1.1432726744041055,False
f,Fibroblast,PLN,vCAF,0.1056817521353815,0.8062253864246962,False
f,Fibroblast,PLN,mCAF,0.07968062183418885,-0.06685609216357023,False
f,Fibroblast,PLN,cyc mCAF,0.036379310152025404,-1.5208533911402429,False
f,Fibroblast,PLN,CXCL14+ mCAF,0.06584550136474504,-0.5314200282688682,False
f,Fibroblast,PLN,ISG15 + mCAF,0.0307311573494262,-1.710510438470973,False
f,Fibroblast,PLN,tCAF,0.03549870080716625,-1.5504230175357927,False
f,Fibroblast,PLN,HSP+ tCAF,0.0914111486456338,0.3270385414357189,False
f,Fibroblast,GPM6B,apCAF,0.032446574157189,0.32223480261338217,False
f,Fibroblast,GPM6B,iCAF,0.0263095370735872,-0.2609907015979759,False
f,Fibroblast,GPM6B,IL6+ iCAF,0.0217036142145068,-0.6987087152341611,False
f,Fibroblast,GPM6B,Pl16+ iCAF,0.0248234727405166,-0.4022169331065769,False
f,Fibroblast,GPM6B,myoCAF,0.0422534844843143,1.2542220372312312,False
f,Fibroblast,GPM6B,pnCAF,0.0530683611349902,2.2820000678427474,True
f,Fibroblast,GPM6B,vCAF,0.0352210548393643,0.5859040411633767,False
f,Fibroblast,GPM6B,mCAF,0.0185478914574701,-0.9986088088871405,False
f,Fibroblast,GPM6B,cyc mCAF,0.0293592412340339,0.028834049734325632,False
f,Fibroblast,GPM6B,CXCL14+ mCAF,0.0335178284703343,0.42404009210595905,False
f,Fibroblast,GPM6B,ISG15 + mCAF,0.0115110833346132,-1.6673429080272342,False
f,Fibroblast,GPM6B,tCAF,0.0181752998614202,-1.0340175767519717,False
f,Fibroblast,GPM6B,HSP+ tCAF,0.0307883812674522,0.1646505529140393,False
f,Fibroblast,COL18A1,apCAF,0.18711341853722202,0.09783854771232091,False
f,Fibroblast,COL18A1,iCAF,0.1667018535242505,-0.5336398286788919,False
f,Fibroblast,COL18A1,IL6+ iCAF,0.15446740325535402,-0.9121404868563537,False
f,Fibroblast,COL18A1,Pl16+ iCAF,0.189359396333021,0.16732299983544535,False
f,Fibroblast,COL18A1,myoCAF,0.2604482533413015,2.366619132913326,False
f,Fibroblast,COL18A1,pnCAF,0.199906551747976,0.4936233385281889,False
f,Fibroblast,COL18A1,vCAF,0.220945026484885,1.1444965988670224,True
f,Fibroblast,COL18A1,mCAF,0.175572432150925,-0.2592082216334148,False
f,Fibroblast,COL18A1,cyc mCAF,0.181114782112539,-0.08774296882561931,False
f,Fibroblast,COL18A1,CXCL14+ mCAF,0.1952186470305075,0.3485923005954073,False
f,Fibroblast,COL18A1,ISG15 + mCAF,0.13326406119378,-1.5681142943817092,False
f,Fibroblast,COL18A1,tCAF,0.13812229079739602,-1.4178138671348255,False
f,Fibroblast,COL18A1,HSP+ tCAF,0.1891280815589425,0.1601667490591052,False
f,Fibroblast,POSTN,apCAF,0.2952817344641515,0.7791356068651681,False
f,Fibroblast,POSTN,iCAF,0.118099737496235,-1.4859675576883724,False
f,Fibroblast,POSTN,IL6+ iCAF,0.132577478333013,-1.3008834230349515,False
f,Fibroblast,POSTN,Pl16+ iCAF,0.20388017450281198,-0.38934632841321865,False
f,Fibroblast,POSTN,myoCAF,0.2094185461632545,-0.3185435189335761,False
f,Fibroblast,POSTN,pnCAF,0.15234133099890151,-1.0482213807091711,False
f,Fibroblast,POSTN,vCAF,0.17299674882169752,-0.7841615265691211,False
f,Fibroblast,POSTN,mCAF,0.4143526079724595,2.301343376307232,True
f,Fibroblast,POSTN,cyc mCAF,0.27204475987722754,0.48207300698363226,False
f,Fibroblast,POSTN,CXCL14+ mCAF,0.264349524501002,0.38369674810317145,False
f,Fibroblast,POSTN,ISG15 + mCAF,0.299902870224548,0.8382124285165291,False
f,Fibroblast,POSTN,tCAF,0.256285893132705,0.2806108971550634,False
f,Fibroblast,POSTN,HSP+ tCAF,0.254834144386865,0.2620516714176189,False
f,Fibroblast,TOP2A,apCAF,-0.09185250280975041,-0.8530243428641289,False
f,Fibroblast,TOP2A,iCAF,-0.09041723744022424,-0.8051962060668774,False
f,Fibroblast,TOP2A,IL6+ iCAF,-0.09012512628442171,-0.7954620254642064,False
f,Fibroblast,TOP2A,Pl16+ iCAF,-0.09373953731123424,-0.9159070307589104,False
f,Fibroblast,TOP2A,myoCAF,-0.0554103243845428,0.3613583991134708,False
f,Fibroblast,TOP2A,pnCAF,-0.08227433604374565,-0.5338458271150854,False
f,Fibroblast,TOP2A,vCAF,-0.07472457679443495,-0.28226104995185136,False
f,Fibroblast,TOP2A,mCAF,-0.0620714520750357,0.13938597981791379,False
f,Fibroblast,TOP2A,cyc mCAF,0.0186349012762548,2.8288081525044753,True
f,Fibroblast,TOP2A,CXCL14+ mCAF,-0.06122966351249995,0.167437362773397,False
f,Fibroblast,TOP2A,ISG15 + mCAF,-0.040454441382112405,0.8597415088516238,False
f,Fibroblast,TOP2A,tCAF,-0.04921443322310365,0.5678274858357578,False
f,Fibroblast,TOP2A,HSP+ tCAF,-0.0884266391967882,-0.738862406675578,False
f,Fibroblast,CXCL14,apCAF,0.054443526765731,0.8889775824562058,False
f,Fibroblast,CXCL14,iCAF,0.0467946778692443,0.3569651244569208,False
f,Fibroblast,CXCL14,IL6+ iCAF,0.045539520607668,0.2696631906700502,False
f,Fibroblast,CXCL14,Pl16+ iCAF,0.062280921896424,1.4341042942293731,False
f,Fibroblast,CXCL14,myoCAF,0.0297637437695506,-0.8276143116153062,False
f,Fibroblast,CXCL14,pnCAF,0.041734867624751,0.005032157599739134,False
f,Fibroblast,CXCL14,vCAF,0.0401796605914989,-0.10313961146714211,False
f,Fibroblast,CXCL14,mCAF,0.0477514059958437,0.42350994566563765,False
f,Fibroblast,CXCL14,cyc mCAF,0.0267053035433771,-1.0403428312122658,False
f,Fibroblast,CXCL14,CXCL14+ mCAF,0.0633655671918345,1.5095463401473874,True
f,Fibroblast,CXCL14,ISG15 + mCAF,0.0163423526407728,-1.7611335091864089,False
f,Fibroblast,CXCL14,tCAF,0.0191678172493728,-1.5646095103789905,False
f,Fibroblast,CXCL14,HSP+ tCAF,0.0475433850801166,0.4090411386348084,False
f,Fibroblast,ISG15,apCAF,0.04452279522833305,0.23631105369119565,False
f,Fibroblast,ISG15,iCAF,0.0042260038622481,-1.4457513003491766,False
f,Fibroblast,ISG15,IL6+ iCAF,0.01420120275729015,-1.0293681103580994,False
f,Fibroblast,ISG15,Pl16+ iCAF,0.016715979571578297,-0.9243966904328946,False
f,Fibroblast,ISG15,myoCAF,0.0466580187529904,0.3254392196451309,False
f,Fibroblast,ISG15,pnCAF,0.01094435249673135,-1.1653150438562137,False
f,Fibroblast,ISG15,vCAF,0.03350126284792105,-0.22374802477257813,False
f,Fibroblast,ISG15,mCAF,0.03688309081420805,-0.08258429145559128,False
f,Fibroblast,ISG15,cyc mCAF,0.0538224471690608,0.6244956685174257,False
f,Fibroblast,ISG15,CXCL14+ mCAF,0.052276169057681246,0.5599511697656658,False
f,Fibroblast,ISG15,ISG15 + mCAF,0.0936248853234013,2.28592280821728,True
f,Fibroblast,ISG15,tCAF,0.06698397377863155,1.1738820509352585,False
f,Fibroblast,ISG15,HSP+ tCAF,0.030839892966492297,-0.334838509547399,False
f,Fibroblast,NDRG1,apCAF,-0.0703020821802536,-0.7401535935036636,False
f,Fibroblast,NDRG1,iCAF,-0.08052275898215425,-1.2718690201959726,False
f,Fibroblast,NDRG1,IL6+ iCAF,-0.0740019265246505,-0.9326324628002924,False
f,Fibroblast,NDRG1,Pl16+ iCAF,-0.07046395463298194,-0.7485747657939537,False
f,Fibroblast,NDRG1,myoCAF,-0.060690126609214995,-0.24010597856960164,False
f,Fibroblast,NDRG1,pnCAF,-0.057821186437701455,-0.09085365633910582,False
f,Fibroblast,NDRG1,vCAF,-0.0684936733280573,-0.64607382724974,False
f,Fibroblast,NDRG1,mCAF,-0.06313658058355251,-0.36737908817483506,False
f,Fibroblast,NDRG1,cyc mCAF,-0.02389402661529455,1.6741560989908542,False
f,Fibroblast,NDRG1,CXCL14+ mCAF,-0.0444399484282757,0.6052852408942015,False
f,Fibroblast,NDRG1,ISG15 + mCAF,-0.04734275014401735,0.45427132246154794,False
f,Fibroblast,NDRG1,tCAF,-0.01136514784053705,2.3259522816524143,True
f,Fibroblast,NDRG1,HSP+ tCAF,-0.0564981093884529,-0.02202255137185223,False
f,Fibroblast,PDPN,apCAF,0.142667953053837,1.1349381959031752,False
f,Fibroblast,PDPN,iCAF,0.0744990576970911,-1.4466723167362798,False
f,Fibroblast,PDPN,IL6+ iCAF,0.103147814763111,-0.3617210053113418,False
f,Fibroblast,PDPN,Pl16+ iCAF,0.121127962550605,0.31920155187678956,False
f,Fibroblast,PDPN,myoCAF,0.0747215939417304,-1.4382446914154114,False
f,Fibroblast,PDPN,pnCAF,0.0901097690173939,-0.8554822109942283,False
f,Fibroblast,PDPN,vCAF,0.0799028562110373,-1.2420261510799013,False
f,Fibroblast,PDPN,mCAF,0.152057038106042,1.4905103457523028,False
f,Fibroblast,PDPN,cyc mCAF,0.106650556957461,-0.22906936082338505,False
f,Fibroblast,PDPN,CXCL14+ mCAF,0.107962826047121,-0.17937268230822126,False
f,Fibroblast,PDPN,ISG15 + mCAF,0.135476994976795,0.8626108702146836,False
f,Fibroblast,PDPN,tCAF,0.144310475175497,1.1971418205083477,False
f,Fibroblast,PDPN,HSP+ tCAF,0.132455531480534,0.7481856344134719,True
g,Epithelial,TOP2A,Epi_Cycle,0.237411278418966,3.4489841203417186,True
g,Epithelial,TOP2A,Epi_Luminal,0.0505096357804008,0.9813139176252079,False
g,Epithelial,TOP2A,Epi_Hormonal,-0.0291432557383819,-0.07034653964117045,False
g,Epithelial,TOP2A,Epi_Xenobiotic,-0.06667714056321986,-0.5659079903960961,False
g,Epithelial,TOP2A,Epi_TNFinfla,-0.0264908327722918,-0.035326488313537366,False
g,Epithelial,TOP2A,Epi_Interferon,-0.017808799204343,0.07930276390787173,False
g,Epithelial,TOP2A,Epi_Glandular,-0.0575347851266686,-0.44520108929598906,False
g,Epithelial,TOP2A,Epi_Squamous,-0.052660242395131,-0.3808422977911697,False
g,Epithelial,TOP2A,Epi_Hypox-Stress,0.016612735507906,0.5337717259889049,False
g,Epithelial,TOP2A,Epi_cEMT,-0.023101017415719002,0.009429385578389111,False
g,Epithelial,TOP2A,Epi_ER-Stress,-0.07161313040169705,-0.6310780706231404,False
g,Epithelial,TOP2A,Epi_Basal,-0.06689879575488125,-0.5688345131597188,False
g,Epithelial,TOP2A,Epi_Hypox-Adapt,-0.08464100502089515,-0.8030856439578028,False
g,Epithelial,TOP2A,Epi_Ciliated,-0.0642818836040267,-0.5342833126104622,False
g,Epithelial,TOP2A,Epi_Oxphos-Ion,-0.0569396051559338,-0.43734290325598635,False
g,Epithelial,TOP2A,Epi_Oxphos-Metal,-0.06778636025729509,-0.5805530643970187,False
g,Epithelial,ESR1,Epi_Cycle,-0.0113821486215037,-2.513128038708125,False
g,Epithelial,ESR1,Epi_Luminal,0.0061933014067027,0.34933395902398096,True
g,Epithelial,ESR1,Epi_Hormonal,0.0099626215169387,0.9632320700551117,False
g,Epithelial,ESR1,Epi_Xenobiotic,0.0046691061531932,0.10109274851201065,False
g,Epithelial,ESR1,Epi_TNFinfla,0.0039727856334925,-0.012314932240715459,False
g,Epithelial,ESR1,Epi_Interferon,-0.0001504470621904,-0.6838537480466903,False
g,Epithelial,ESR1,Epi_Glandular,-0.0057834640070371,-1.6012866963539718,False
g,Epithelial,ESR1,Epi_Squamous,-0.0022681722981328,-1.028761445988693,False
g,Epithelial,ESR1,Epi_Hypox-Stress,0.004931253974562,0.1437879953052464,False
g,Epithelial,ESR1,Epi_cEMT,0.0101921069922492,1.0006076963436885,False
g,Epithelial,ESR1,Epi_ER-Stress,0.0099180203783375,0.9559680134251748,False
g,Epithelial,ESR1,Epi_Basal,0.0056220068961204,0.25628889767816443,False
g,Epithelial,ESR1,Epi_Hypox-Adapt,0.0079643034076533,0.6377718606135743,False
g,Epithelial,ESR1,Epi_Ciliated,0.012239847278569,1.334117150804791,False
g,Epithelial,ESR1,Epi_Oxphos-Ion,0.0068821186014144,0.46151959524281594,False
g,Epithelial,ESR1,Epi_Oxphos-Metal,0.00181114424179,-0.36437512566636304,False
g,Epithelial,MLPH,Epi_Cycle,0.013627347767664801,-0.5621190809730873,False
g,Epithelial,MLPH,Epi_Luminal,0.03557001378482185,0.3210946446653866,False
g,Epithelial,MLPH,Epi_Hormonal,0.08481073719197535,2.3030818261482833,True
g,Epithelial,MLPH,Epi_Xenobiotic,0.03910686147733615,0.46345621664022724,False
g,Epithelial,MLPH,Epi_TNFinfla,0.02390946026469265,-0.1482540164985528,False
g,Epithelial,MLPH,Epi_Interferon,0.0109479065092204,-0.6699692070539258,False
g,Epithelial,MLPH,Epi_Glandular,0.047009917430139395,0.7815619329896861,False
g,Epithelial,MLPH,Epi_Squamous,0.0039455740972763,-0.9518199216788698,False
g,Epithelial,MLPH,Epi_Hypox-Stress,0.0647479523519413,1.4955351528591563,False
g,Epithelial,MLPH,Epi_cEMT,0.047004215379172,0.7813324198724216,False
g,Epithelial,MLPH,Epi_ER-Stress,0.040538425558694,0.5210780682783857,False
g,Epithelial,MLPH,Epi_Basal,-0.0088820053890027,-1.4681425171256384,False
g,Epithelial,MLPH,Epi_Hypox-Adapt,6.842808536904998e-05,-1.107878833177748,False
g,Epithelial,MLPH,Epi_Ciliated,0.014351145324186049,-0.5329855228173321,False
g,Epithelial,MLPH,Epi_Oxphos-Ion,0.02524023146753055,-0.09468917660572299,False
g,Epithelial,MLPH,Epi_Oxphos-Metal,-0.0005130025930118,-1.1312819855226695,False
g,Epithelial,AKR1C2,Epi_Cycle,0.004043389647521101,0.2601492989714559,False
g,Epithelial,AKR1C2,Epi_Luminal,0.0016112234403197999,-0.1343171447002312,False
g,Epithelial,AKR1C2,Epi_Hormonal,-0.0066876771184695,-1.4802933284486166,False
g,Epithelial,AKR1C2,Epi_Xenobiotic,0.00085173857697005,-0.25749593576352514,True
g,Epithelial,AKR1C2,Epi_TNFinfla,-0.0041629584315088005,-1.0708160489896432,False
g,Epithelial,AKR1C2,Epi_Interferon,-0.0017441561279849,-0.6785170606265558,False
g,Epithelial,AKR1C2,Epi_Glandular,0.00727256875309115,0.7838811039696449,False
g,Epithelial,AKR1C2,Epi_Squamous,0.01601543779142825,2.201863331840759,False
g,Epithelial,AKR1C2,Epi_Hypox-Stress,0.001916373134323,-0.08482574307457608,False
g,Epithelial,AKR1C2,Epi_cEMT,-0.004671473345323749,-1.1532907043041825,False
g,Epithelial,AKR1C2,Epi_ER-Stress,-0.0041287727807509,-1.0652715709687153,False
g,Epithelial,AKR1C2,Epi_Basal,0.00812651770584515,0.9223807696062506,False
g,Epithelial,AKR1C2,Epi_Hypox-Adapt,0.0045292373446468494,0.33894761986080246,False
g,Epithelial,AKR1C2,Epi_Ciliated,-0.00198713631025125,-0.717925357681878,False
g,Epithelial,AKR1C2,Epi_Oxphos-Ion,0.00643041412857185,0.6472943284556233,False
g,Epithelial,AKR1C2,Epi_Oxphos-Metal,0.011615420415496451,1.4882364418533875,False
g,Epithelial,TNFRSF12A,Epi_Cycle,0.06406265329564664,1.3685298683891196,False
g,Epithelial,TNFRSF12A,Epi_Luminal,0.00085488531454672,-0.16369339221505283,False
g,Epithelial,TNFRSF12A,Epi_Hormonal,-0.046403986421646906,-1.3092985109681305,False
g,Epithelial,TNFRSF12A,Epi_Xenobiotic,-0.02031497541297875,-0.6768732444155677,False
g,Epithelial,TNFRSF12A,Epi_TNFinfla,0.0755345371074988,1.6466204857436872,True
g,Epithelial,TNFRSF12A,Epi_Interferon,0.07400198465522045,1.6094697906554032,False
g,Epithelial,TNFRSF12A,Epi_Glandular,0.0462931105208449,0.9377773257903477,False
g,Epithelial,TNFRSF12A,Epi_Squamous,0.03946585136871365,0.7722773308815545,False
g,Epithelial,TNFRSF12A,Epi_Hypox-Stress,0.0195216133910586,0.2888078726098148,False
g,Epithelial,TNFRSF12A,Epi_cEMT,-0.01139095084987585,-0.4605454345508393,False
g,Epithelial,TNFRSF12A,Epi_ER-Stress,-0.030942371924035948,-0.9344925949165139,False
g,Epithelial,TNFRSF12A,Epi_Basal,0.03286846276237575,0.612349641536496,False
g,Epithelial,TNFRSF12A,Epi_Hypox-Adapt,-0.018594132392408348,-0.6351581864696086,False
g,Epithelial,TNFRSF12A,Epi_Ciliated,-0.025749457586891553,-0.8086108498108061,False
g,Epithelial,TNFRSF12A,Epi_Oxphos-Ion,-0.03418455727308655,-1.0130866026734533,False
g,Epithelial,TNFRSF12A,Epi_Oxphos-Metal,-0.043300779997333796,-1.2340734995864504,False
g,Epithelial,IFIT3,Epi_Cycle,-0.007700379769046299,-0.33936642680997314,False
g,Epithelial,IFIT3,Epi_Luminal,-0.01610029347725605,-0.6874717373048707,False
g,Epithelial,IFIT3,Epi_Hormonal,-0.044961694844134995,-1.8835324866332712,False
g,Epithelial,IFIT3,Epi_Xenobiotic,-0.00258302693421365,-0.12729547473098762,False
g,Epithelial,IFIT3,Epi_TNFinfla,0.0072057395004284,0.2783660234059186,False
g,Epithelial,IFIT3,Epi_Interferon,0.0605962362557092,2.4909501160626184,True
g,Epithelial,IFIT3,Epi_Glandular,0.009883850505254851,0.3893510519739805,False
g,Epithelial,IFIT3,Epi_Squamous,0.02561552883436065,1.0412959361228404,False
g,Epithelial,IFIT3,Epi_Hypox-Stress,-0.02674082905364315,-1.1284318553868058,False
g,Epithelial,IFIT3,Epi_cEMT,-0.025102795520307197,-1.0605492328349018,False
g,Epithelial,IFIT3,Epi_ER-Stress,-0.014462079678323799,-0.6195816442701083,False
g,Epithelial,IFIT3,Epi_Basal,0.0202510833368932,0.8189850850359125,False
g,Epithelial,IFIT3,Epi_Hypox-Adapt,0.01927755093984025,0.7786404089921887,False
g,Epithelial,IFIT3,Epi_Ciliated,0.0038129984846168,0.13776563085860263,False
g,Epithelial,IFIT3,Epi_Oxphos-Ion,-0.009086058159259749,-0.3967910650892784,False
g,Epithelial,IFIT3,Epi_Oxphos-Metal,0.0079127511453519,0.30766567060813454,False
g,Epithelial,ELF3,Epi_Cycle,0.04516004574831925,0.21256288585045807,False
g,Epithelial,ELF3,Epi_Luminal,0.028683739780803602,-0.0474592681402021,False
g,Epithelial,ELF3,Epi_Hormonal,0.0727822676327713,0.6484852125275561,False
g,Epithelial,ELF3,Epi_Xenobiotic,0.0584031156703985,0.4215594639291299,False
g,Epithelial,ELF3,Epi_TNFinfla,0.0740257856486202,0.6681098925768776,False
g,Epithelial,ELF3,Epi_Interferon,0.0487892253833608,0.26983707751593555,False
g,Epithelial,ELF3,Epi_Glandular,0.1677049510935695,2.1465152117708874,True
g,Epithelial,ELF3,Epi_Squamous,0.06843462093002325,0.5798724747774937,False
g,Epithelial,ELF3,Epi_Hypox-Stress,0.08486317951018921,0.8391410995164774,False
g,Epithelial,ELF3,Epi_cEMT,0.0534913680282213,0.3440443216214129,False
g,Epithelial,ELF3,Epi_ER-Stress,0.0175632718649171,-0.22295783114175066,False
g,Epithelial,ELF3,Epi_Basal,-0.0835547674629285,-1.818760339615271,False
g,Epithelial,ELF3,Epi_Hypox-Adapt,-0.06125641041544355,-1.4668570160565069,False
g,Epithelial,ELF3,Epi_Ciliated,0.00630861673990315,-0.4005740804271123,False
g,Epithelial,ELF3,Epi_Oxphos-Ion,0.00845592267238565,-0.36668619834105187,False
g,Epithelial,ELF3,Epi_Oxphos-Metal,-0.08279898555498916,-1.8068329063643338,False
g,Epithelial,CSTA,Epi_Cycle,-0.010279786879413,-0.45115053103964614,False
g,Epithelial,CSTA,Epi_Luminal,-0.0185948954771189,-0.8145484655715657,False
g,Epithelial,CSTA,Epi_Hormonal,-0.0325035692686525,-1.4224038253098659,False
g,Epithelial,CSTA,Epi_Xenobiotic,-0.0002013739374176,-0.010690324964724397,False
g,Epithelial,CSTA,Epi_TNFinfla,0.0095147695916598,0.41393750143029606,False
g,Epithelial,CSTA,Epi_Interferon,0.020629157618302252,0.8996732684390986,False
g,Epithelial,CSTA,Epi_Glandular,0.013530780344647601,0.5894505444104431,False
g,Epithelial,CSTA,Epi_Squamous,0.0661433365308632,2.888794446399918,True
g,Epithelial,CSTA,Epi_Hypox-Stress,-0.0240158806312783,-1.0514635683632758,False
g,Epithelial,CSTA,Epi_cEMT,-0.02738320894448945,-1.1986270286516227,False
g,Epithelial,CSTA,Epi_ER-Stress,-0.010380804450669651,-0.45556533528600635,False
g,Epithelial,CSTA,Epi_Basal,0.00970539930601315,0.42226865473303576,False
g,Epithelial,CSTA,Epi_Hypox-Adapt,0.0138863700120668,0.6049909969688955,False
g,Epithelial,CSTA,Epi_Ciliated,0.00027998017581435,0.01034645266379567,False
g,Epithelial,CSTA,Epi_Oxphos-Ion,-0.00849859850878555,-0.37330666799294204,False
g,Epithelial,CSTA,Epi_Oxphos-Metal,-0.00113987891993225,-0.051706117865833755,False
g,Epithelial,NUPR1,Epi_Cycle,-0.0271559136926929,-2.2427361597210314,False
g,Epithelial,NUPR1,Epi_Luminal,0.030352184743070047,0.378953440322663,False
g,Epithelial,NUPR1,Epi_Hormonal,0.01790831046134335,-0.18834015268485663,False
g,Epithelial,NUPR1,Epi_Xenobiotic,0.036529106675949594,0.6605480753774268,False
g,Epithelial,NUPR1,Epi_TNFinfla,0.0309729780142958,0.40725427633044053,False
g,Epithelial,NUPR1,Epi_Interferon,0.02525930881732965,0.1467784908459256,False
g,Epithelial,NUPR1,Epi_Glandular,0.032917477049481655,0.49590045028689866,False
g,Epithelial,NUPR1,Epi_Squamous,0.04549754205505735,1.0694027306627922,False
g,Epithelial,NUPR1,Epi_Hypox-Stress,0.06906132621966035,2.1436327880349615,True
g,Epithelial,NUPR1,Epi_cEMT,0.02334217384198305,0.05937979460211849,False
g,Epithelial,NUPR1,Epi_ER-Stress,0.00567944019303565,-0.7458321038144436,False
g,Epithelial,NUPR1,Epi_Basal,0.017546212574504297,-0.2048475366872007,False
g,Epithelial,NUPR1,Epi_Hypox-Adapt,0.02268738910195845,0.029529349362526533,False
g,Epithelial,NUPR1,Epi_Ciliated,-0.019202971113343847,-1.8801759739879926,False
g,Epithelial,NUPR1,Epi_Oxphos-Ion,0.0176538943172697,-0.19993852190838693,False
g,Epithelial,NUPR1,Epi_Oxphos-Metal,0.02358590496119095,0.07049105297815605,False
g,Epithelial,MARCKSL1,Epi_Cycle,0.08959682236574565,2.0170384893576716,False
g,Epithelial,MARCKSL1,Epi_Luminal,0.0426472889375861,1.0206870345133003,False
g,Epithelial,MARCKSL1,Epi_Hormonal,0.0493282207193797,1.162468126133554,False
g,Epithelial,MARCKSL1,Epi_Xenobiotic,-0.043581985113521446,-0.8092494180492884,False
g,Epithelial,MARCKSL1,Epi_TNFinfla,-0.00286434525526,0.05485032370182502,False
g,Epithelial,MARCKSL1,Epi_Interferon,-0.010198085975692751,-0.1007845187068957,False
g,Epithelial,MARCKSL1,Epi_Glandular,-0.0113440171915136,-0.1251031892168326,False
g,Epithelial,MARCKSL1,Epi_Squamous,-0.02377884860845765,-0.3889921241723758,False
g,Epithelial,MARCKSL1,Epi_Hypox-Stress,0.05317085142008425,1.2440154900692366,False
g,Epithelial,MARCKSL1,Epi_cEMT,0.03549828947644755,0.8689727256866485,True
g,Epithelial,MARCKSL1,Epi_ER-Stress,-0.00987787367983355,-0.09398905209535713,False
g,Epithelial,MARCKSL1,Epi_Basal,-0.044235595436311295,-0.8231201756151638,False
g,Epithelial,MARCKSL1,Epi_Hypox-Adapt,-0.09675387287977585,-1.937650146755017,False
g,Epithelial,MARCKSL1,Epi_Ciliated,-0.0275896695184681,-0.46986442855107985,False
g,Epithelial,MARCKSL1,Epi_Oxphos-Ion,-0.0218003117206159,-0.34700410080509736,False
g,Epithelial,MARCKSL1,Epi_Oxphos-Metal,-0.0654004273897594,-1.272275035495127,False
g,Epithelial,CLU,Epi_Cycle,-0.05530066424619705,-2.241080415599444,False
g,Epithelial,CLU,Epi_Luminal,0.03175623015098885,-0.22359278616277836,False
g,Epithelial,CLU,Epi_Hormonal,0.08382658778991715,0.9831043183491027,False
g,Epithelial,CLU,Epi_Xenobiotic,0.09869832475811141,1.3277472736178781,False
g,Epithelial,CLU,Epi_TNFinfla,0.06626112280100255,0.5760359458115268,False
g,Epithelial,CLU,Epi_Interferon,0.0191100568851518,-0.5166597316379623,False
g,Epithelial,CLU,Epi_Glandular,0.02672244417555205,-0.34024754400816964,False
g,Epithelial,CLU,Epi_Squamous,-0.01199748120146325,-1.237556953007307,False
g,Epithelial,CLU,Epi_Hypox-Stress,0.0741266397195497,0.7583142500420376,False
g,Epithelial,CLU,Epi_cEMT,0.117852198404228,1.7716259968874084,False
g,Epithelial,CLU,Epi_ER-Stress,0.07074470468073546,0.6799400770186232,True
g,Epithelial,CLU,Epi_Basal,-0.00524729022466315,-1.081125611338985,False
g,Epithelial,CLU,Epi_Hypox-Adapt,0.0595267116781249,0.41997029212579734,False
g,Epithelial,CLU,Epi_Ciliated,0.039544089402077806,-0.04311414851252755,False
g,Epithelial,CLU,Epi_Oxphos-Ion,0.032148825411745005,-0.21449464307559962,False
g,Epithelial,CLU,Epi_Oxphos-Metal,0.01469972589512765,-0.6188663205096014,False
g,Epithelial,CALD1,Epi_Cycle,-0.0470131009011773,-0.9906993339786591,False
g,Epithelial,CALD1,Epi_Luminal,-0.026598751233294853,-0.6407087952557495,False
g,Epithelial,CALD1,Epi_Hormonal,-0.05196251181142855,-1.0755537143053169,False
g,Epithelial,CALD1,Epi_Xenobiotic,0.006186111521503,-0.07863398199041102,False
g,Epithelial,CALD1,Epi_TNFinfla,-0.0047123399577577,-0.2654807327577403,False
g,Epithelial,CALD1,Epi_Interferon,0.02114922799607445,0.17789876488166342,False
g,Epithelial,CALD1,Epi_Glandular,-0.0446155554094759,-0.9495950004140474,False
g,Epithelial,CALD1,Epi_Squamous,-0.0002825872571169,-0.18953554913302212,False
g,Epithelial,CALD1,Epi_Hypox-Stress,-0.03551088838712945,-0.7935014991325894,False
g,Epithelial,CALD1,Epi_cEMT,-0.00986316473343825,-0.3537882207471307,False
g,Epithelial,CALD1,Epi_ER-Stress,0.01002477318991755,-0.012822663620711048,False
g,Epithelial,CALD1,Epi_Basal,0.18749739767114398,3.0298282393603206,True
g,Epithelial,CALD1,Epi_Hypox-Adapt,0.09484134059826575,1.4413013522218636,False
g,Epithelial,CALD1,Epi_Ciliated,0.0382928318187217,0.4718145268410217,False
g,Epithelial,CALD1,Epi_Oxphos-Ion,0.0018084679641585,-0.1536857887781803,False
g,Epithelial,CALD1,Epi_Oxphos-Metal,0.0331219046619866,0.3831623968086881,False
g,Epithelial,NDUFA4L2,Epi_Cycle,-0.0234951688247843,-1.3891209846338197,False
g,Epithelial,NDUFA4L2,Epi_Luminal,-0.0007292809613277001,-0.5229586564600376,False
g,Epithelial,NDUFA4L2,Epi_Hormonal,-0.02562687352818655,-1.470224885344923,False
g,Epithelial,NDUFA4L2,Epi_Xenobiotic,0.0036404367423001002,-0.3567061965367908,False
g,Epithelial,NDUFA4L2,Epi_TNFinfla,0.00832983159301015,-0.1782911403800285,False
g,Epithelial,NDUFA4L2,Epi_Interferon,0.00739600435646315,-0.21381999733350512,False
g,Epithelial,NDUFA4L2,Epi_Glandular,-0.00040229798039045,-0.5105180988265955,False
g,Epithelial,NDUFA4L2,Epi_Squamous,0.02659269439755605,0.516546849720748,False
g,Epithelial,NDUFA4L2,Epi_Hypox-Stress,-0.001637375474182,-0.557508473369146,False
g,Epithelial,NDUFA4L2,Epi_cEMT,-0.00129765479246495,-0.5445832908166501,False
g,Epithelial,NDUFA4L2,Epi_ER-Stress,0.00665136797011875,-0.24215080480771226,False
g,Epithelial,NDUFA4L2,Epi_Basal,0.034869103124349946,0.8314352254657899,False
g,Epithelial,NDUFA4L2,Epi_Hypox-Adapt,0.08543858511262051,2.755426967681641,True
g,Epithelial,NDUFA4L2,Epi_Ciliated,0.014963752532438049,0.07410632552505196,False
g,Epithelial,NDUFA4L2,Epi_Oxphos-Ion,0.026386245255518803,0.5086921826597063,False
g,Epithelial,NDUFA4L2,Epi_Oxphos-Metal,0.0471761422788966,1.299674977456271,False
g,Epithelial,TPPP3,Epi_Cycle,0.0008471941579127001,-0.5936706016529405,False
g,Epithelial,TPPP3,Epi_Luminal,0.0164681811917877,0.2427382391122028,False
g,Epithelial,TPPP3,Epi_Hormonal,-0.01402118793166805,-1.3897820253825153,False
g,Epithelial,TPPP3,Epi_Xenobiotic,0.00179469039789955,-0.5429379411623989,False
g,Epithelial,TPPP3,Epi_TNFinfla,0.0028296991741643502,-0.4875195166505487,False
g,Epithelial,TPPP3,Epi_Interferon,-0.00039063453982810003,-0.659948799304474,False
g,Epithelial,TPPP3,Epi_Glandular,-0.008349782767858499,-1.0861127752714566,False
g,Epithelial,TPPP3,Epi_Squamous,0.010711405732455648,-0.06550207105792315,False
g,Epithelial,TPPP3,Epi_Hypox-Stress,-0.0079997329553018,-1.0673697369925257,False
g,Epithelial,TPPP3,Epi_cEMT,0.007297276144840751,-0.24830794397788683,False
g,Epithelial,TPPP3,Epi_ER-Stress,0.0059771730227605995,-0.31899143661731494,False
g,Epithelial,TPPP3,Epi_Basal,0.04086892469003105,1.5492496355377459,False
g,Epithelial,TPPP3,Epi_Hypox-Adapt,0.0275701599425083,0.8371816732532531,False
g,Epithelial,TPPP3,Epi_Ciliated,0.05837702479060445,2.4867019026297355,True
g,Epithelial,TPPP3,Epi_Oxphos-Ion,0.02606479783942445,0.7565786890217371,False
g,Epithelial,TPPP3,Epi_Oxphos-Metal,0.02291063974936795,0.5876927085153105,False
g,Epithelial,SCIN,Epi_Cycle,0.0014451877542848,-0.593669749713294,False
g,Epithelial,SCIN,Epi_Luminal,0.0113815984565447,0.2169543977159276,False
g,Epithelial,SCIN,Epi_Hormonal,-9.80129651549976e-05,-0.719565891186546,False
g,Epithelial,SCIN,Epi_Xenobiotic,0.0059869975600257,-0.22314352934208453,False
g,Epithelial,SCIN,Epi_TNFinfla,-0.0049882859473752,-1.118520149992174,False
g,Epithelial,SCIN,Epi_Interferon,-0.0016351922396411,-0.8449707960525219,False
g,Epithelial,SCIN,Epi_Glandular,0.0064204642379792,-0.18778080463354202,False
g,Epithelial,SCIN,Epi_Squamous,0.0007021544021457,-0.6542872901549592,False
g,Epithelial,SCIN,Epi_Hypox-Stress,0.0012328718220598,-0.6109907347956022,False
g,Epithelial,SCIN,Epi_cEMT,0.0012837091783464,-0.6068433630904443,False
g,Epithelial,SCIN,Epi_ER-Stress,0.0049967781056674,-0.303926804612144,False
g,Epithelial,SCIN,Epi_Basal,0.0109464788853402,0.18145682801933732,False
g,Epithelial,SCIN,Epi_Hypox-Adapt,0.0158081114838417,0.5780745704178146,False
g,Epithelial,SCIN,Epi_Ciliated,0.0186500280591158,0.8099214887796524,False
g,Epithelial,SCIN,Epi_Oxphos-Ion,0.0472375629162435,3.1421264232427326,True
g,Epithelial,SCIN,Epi_Oxphos-Metal,0.0201852339833714,0.9351654053978479,False
g,Epithelial,GPX3,Epi_Cycle,-0.0915595049322768,-2.3162369847166677,False
g,Epithelial,GPX3,Epi_Luminal,0.024186794287097302,-0.3879050417859129,False
g,Epithelial,GPX3,Epi_Hormonal,0.0027820796548459997,-0.7445073282785308,False
g,Epithelial,GPX3,Epi_Xenobiotic,0.0655120501785133,0.30057322078186516,False
g,Epithelial,GPX3,Epi_TNFinfla,0.01912530626476425,-0.4722293709269048,False
g,Epithelial,GPX3,Epi_Interferon,0.0063438076329354,-0.6851689833076676,False
g,Epithelial,GPX3,Epi_Glandular,0.0232874713881579,-0.402887750388519,False
g,Epithelial,GPX3,Epi_Squamous,0.028865456078551947,-0.30995859301408485,False
g,Epithelial,GPX3,Epi_Hypox-Stress,0.00707749730093665,-0.6729457223261341,False
g,Epithelial,GPX3,Epi_cEMT,0.03254921733059405,-0.24858717517738943,False
g,Epithelial,GPX3,Epi_ER-Stress,0.07260819751469991,0.41879494944531753,False
g,Epithelial,GPX3,Epi_Basal,0.06901905968224775,0.35899995663279344,False
g,Epithelial,GPX3,Epi_Hypox-Adapt,0.156314093122404,1.813334156319113,False
g,Epithelial,GPX3,Epi_Ciliated,0.07967684170593176,0.5365584760469763,False
g,Epithelial,GPX3,Epi_Oxphos-Ion,0.1006811581200324,0.8864901330753283,False
g,Epithelial,GPX3,Epi_Oxphos-Metal,0.163057309387925,1.9256760576204195,True
h,Mural,MYL9,SMC,0.408655645403757,0.9999999999999997,True
h,Mural,MYL9,Pericyte,0.246586864206029,-1.0000000000000004,False
h,Mural,RGS5,SMC,0.227344937091971,-1.0,False
h,Mural,RGS5,Pericyte,0.2402894785288645,1.0,True
