global_anno,gene,sub_anno,median_pearson_r,is_designated
T_NK cell,TCF7,CD8 Tcm/Tn,0.0990419084561544,True
T_NK cell,TCF7,CD8 Tem/Trm,0.10173274268628049,False
T_NK cell,TCF7,CD8 Tem/Temra,0.101173724037327,False
T_NK cell,TCF7,CD8 Trm,0.0831446143401269,False
T_NK cell,TCF7,CD8 Tex,0.0926758824136311,False
T_NK cell,TCF7,CD8 Cycling Tex,0.08824598832484501,False
T_NK cell,TCF7,ISG15+ CD8 T,0.08755147030923696,False
T_NK cell,TCF7,CD4 Tcm/Tn,0.1067613607680055,False
T_NK cell,TCF7,CD4 Tem/Effector,0.1001694096768055,False
T_NK cell,TCF7,CD4 Th1,0.08590849054937935,False
T_NK cell,TCF7,CD4 Th17,0.09069271987131786,False
T_NK cell,TCF7,CD4 Tfh,0.0819681345172614,False
T_NK cell,TCF7,CD4 Treg,0.1009310011501185,False
T_NK cell,TCF7,CD4 Cycling Treg,0.0886434537774313,False
T_NK cell,TCF7,CD4 CXCL13+ T,0.1116360778411005,False
T_NK cell,TCF7,NK,0.08856456133125551,False
T_NK cell,TCF7,CD16+ NK,0.08814175695144215,False
T_NK cell,TCF7,CD16- NK,0.08388086868440435,False
T_NK cell,TCF7,γδ T,0.08905388851310389,False
T_NK cell,TCF7,MAIT,0.09086629680820585,False
T_NK cell,TCF7,ILC3,0.07949099207802224,False
T_NK cell,SH2D1A,CD8 Tcm/Tn,0.116488778517337,False
T_NK cell,SH2D1A,CD8 Tem/Trm,0.135689976285668,True
T_NK cell,SH2D1A,CD8 Tem/Temra,0.139499740265757,False
T_NK cell,SH2D1A,CD8 Trm,0.123966138626119,False
T_NK cell,SH2D1A,CD8 Tex,0.137526467022339,False
T_NK cell,SH2D1A,CD8 Cycling Tex,0.123655135313475,False
T_NK cell,SH2D1A,ISG15+ CD8 T,0.133826575391395,False
T_NK cell,SH2D1A,CD4 Tcm/Tn,0.127773337952057,False
T_NK cell,SH2D1A,CD4 Tem/Effector,0.127277480391479,False
T_NK cell,SH2D1A,CD4 Th1,0.122079261768358,False
T_NK cell,SH2D1A,CD4 Th17,0.123507186748262,False
T_NK cell,SH2D1A,CD4 Tfh,0.108018054909511,False
T_NK cell,SH2D1A,CD4 Treg,0.137670910789552,False
T_NK cell,SH2D1A,CD4 Cycling Treg,0.12119035901092,False
T_NK cell,SH2D1A,CD4 CXCL13+ T,0.136580890746931,False
T_NK cell,SH2D1A,NK,0.130134144462857,False
T_NK cell,SH2D1A,CD16+ NK,0.131300911448772,False
T_NK cell,SH2D1A,CD16- NK,0.128900253479607,False
T_NK cell,SH2D1A,γδ T,0.126325197999937,False
T_NK cell,SH2D1A,MAIT,0.12845355638724,False
T_NK cell,SH2D1A,ILC3,0.103967280695862,False
T_NK cell,GZMH,CD8 Tcm/Tn,0.0794458801615583,False
T_NK cell,GZMH,CD8 Tem/Trm,0.0868111452855171,False
T_NK cell,GZMH,CD8 Tem/Temra,0.0913270983448837,True
T_NK cell,GZMH,CD8 Trm,0.0893278136221773,False
T_NK cell,GZMH,CD8 Tex,0.0894134226642374,False
T_NK cell,GZMH,CD8 Cycling Tex,0.0870795360692075,False
T_NK cell,GZMH,ISG15+ CD8 T,0.0872594514458189,False
T_NK cell,GZMH,CD4 Tcm/Tn,0.0835061586524159,False
T_NK cell,GZMH,CD4 Tem/Effector,0.0846906583852073,False
T_NK cell,GZMH,CD4 Th1,0.084197795120826,False
T_NK cell,GZMH,CD4 Th17,0.0860982036446123,False
T_NK cell,GZMH,CD4 Tfh,0.0797992880944062,False
T_NK cell,GZMH,CD4 Treg,0.086466000086187,False
T_NK cell,GZMH,CD4 Cycling Treg,0.0826942121278364,False
T_NK cell,GZMH,CD4 CXCL13+ T,0.0834095289621,False
T_NK cell,GZMH,NK,0.0878904521200947,False
T_NK cell,GZMH,CD16+ NK,0.0900012117029794,False
T_NK cell,GZMH,CD16- NK,0.0871049054475107,False
T_NK cell,GZMH,γδ T,0.092991799225635,False
T_NK cell,GZMH,MAIT,0.0877479503228755,False
T_NK cell,GZMH,ILC3,0.0760188874790265,False
T_NK cell,ITGA1,CD8 Tcm/Tn,0.04493639858809065,False
T_NK cell,ITGA1,CD8 Tem/Trm,0.0565592773087132,False
T_NK cell,ITGA1,CD8 Tem/Temra,0.059077272423656804,False
T_NK cell,ITGA1,CD8 Trm,0.0731264228743354,True
T_NK cell,ITGA1,CD8 Tex,0.06186047869521755,False
T_NK cell,ITGA1,CD8 Cycling Tex,0.0621304878299377,False
T_NK cell,ITGA1,ISG15+ CD8 T,0.04135542288907165,False
T_NK cell,ITGA1,CD4 Tcm/Tn,0.0465335257694386,False
T_NK cell,ITGA1,CD4 Tem/Effector,0.0599515106717706,False
T_NK cell,ITGA1,CD4 Th1,0.0680460074714925,False
T_NK cell,ITGA1,CD4 Th17,0.0737128334001071,False
T_NK cell,ITGA1,CD4 Tfh,0.07132830018525954,False
T_NK cell,ITGA1,CD4 Treg,0.0554023272083893,False
T_NK cell,ITGA1,CD4 Cycling Treg,0.0526264210258263,False
T_NK cell,ITGA1,CD4 CXCL13+ T,0.04140075460642954,False
T_NK cell,ITGA1,NK,0.06704601340454394,False
T_NK cell,ITGA1,CD16+ NK,0.07036013668942995,False
T_NK cell,ITGA1,CD16- NK,0.0703970422979084,False
T_NK cell,ITGA1,γδ T,0.06938199037910454,False
T_NK cell,ITGA1,MAIT,0.0659664824223431,False
T_NK cell,ITGA1,ILC3,0.07194044290906976,False
T_NK cell,LAG3,CD8 Tcm/Tn,0.08153014669777815,False
T_NK cell,LAG3,CD8 Tem/Trm,0.09816178762138805,False
T_NK cell,LAG3,CD8 Tem/Temra,0.10141665189843349,False
T_NK cell,LAG3,CD8 Trm,0.10201831148513901,False
T_NK cell,LAG3,CD8 Tex,0.1143446080646645,True
T_NK cell,LAG3,CD8 Cycling Tex,0.106705868769413,False
T_NK cell,LAG3,ISG15+ CD8 T,0.1024173930993405,False
T_NK cell,LAG3,CD4 Tcm/Tn,0.0861277545325448,False
T_NK cell,LAG3,CD4 Tem/Effector,0.09256951087483956,False
T_NK cell,LAG3,CD4 Th1,0.09407265251217775,False
T_NK cell,LAG3,CD4 Th17,0.09729043103543485,False
T_NK cell,LAG3,CD4 Tfh,0.08660138952265845,False
T_NK cell,LAG3,CD4 Treg,0.10476622948445499,False
T_NK cell,LAG3,CD4 Cycling Treg,0.1080705734984765,False
T_NK cell,LAG3,CD4 CXCL13+ T,0.0935148220092139,False
T_NK cell,LAG3,NK,0.096224308598413,False
T_NK cell,LAG3,CD16+ NK,0.100819298791936,False
T_NK cell,LAG3,CD16- NK,0.0947382871637311,False
T_NK cell,LAG3,γδ T,0.1088246357627065,False
T_NK cell,LAG3,MAIT,0.09514946560614974,False
T_NK cell,LAG3,ILC3,0.08117261346877755,False
T_NK cell,HAVCR2,CD8 Tcm/Tn,0.0464297210356928,False
T_NK cell,HAVCR2,CD8 Tem/Trm,0.07300660927998265,False
T_NK cell,HAVCR2,CD8 Tem/Temra,0.07665499251688135,False
T_NK cell,HAVCR2,CD8 Trm,0.08050760634960935,False
T_NK cell,HAVCR2,CD8 Tex,0.09595745487150875,False
T_NK cell,HAVCR2,CD8 Cycling Tex,0.09833672299065804,True
T_NK cell,HAVCR2,ISG15+ CD8 T,0.08030753709202346,False
T_NK cell,HAVCR2,CD4 Tcm/Tn,0.052271724945299955,False
T_NK cell,HAVCR2,CD4 Tem/Effector,0.06966071581889641,False
T_NK cell,HAVCR2,CD4 Th1,0.07582940483747244,False
T_NK cell,HAVCR2,CD4 Th17,0.07827076606282934,False
T_NK cell,HAVCR2,CD4 Tfh,0.06554569908549035,False
T_NK cell,HAVCR2,CD4 Treg,0.08132812049069821,False
T_NK cell,HAVCR2,CD4 Cycling Treg,0.0990177040279827,False
T_NK cell,HAVCR2,CD4 CXCL13+ T,0.06127210927573065,False
T_NK cell,HAVCR2,NK,0.07520223648330124,False
T_NK cell,HAVCR2,CD16+ NK,0.0806796652567732,False
T_NK cell,HAVCR2,CD16- NK,0.07601700149311515,False
T_NK cell,HAVCR2,γδ T,0.0947825033099417,False
T_NK cell,HAVCR2,MAIT,0.07082347841041145,False
T_NK cell,HAVCR2,ILC3,0.058049239717018,False
T_NK cell,IFI44,CD8 Tcm/Tn,0.030514127462172698,False
T_NK cell,IFI44,CD8 Tem/Trm,0.03698992078313905,False
T_NK cell,IFI44,CD8 Tem/Temra,0.04084271645845375,False
T_NK cell,IFI44,CD8 Trm,0.0357963316735445,False
T_NK cell,IFI44,CD8 Tex,0.04739583736050545,False
T_NK cell,IFI44,CD8 Cycling Tex,0.04971237859759289,False
T_NK cell,IFI44,ISG15+ CD8 T,0.057536278644767846,True
T_NK cell,IFI44,CD4 Tcm/Tn,0.032235148433215205,False
T_NK cell,IFI44,CD4 Tem/Effector,0.03269684978871145,False
T_NK cell,IFI44,CD4 Th1,0.0335064905607822,False
T_NK cell,IFI44,CD4 Th17,0.0375507024587947,False
T_NK cell,IFI44,CD4 Tfh,0.0257853607170365,False
T_NK cell,IFI44,CD4 Treg,0.0498004831050657,False
T_NK cell,IFI44,CD4 Cycling Treg,0.0482247296403353,False
T_NK cell,IFI44,CD4 CXCL13+ T,0.035559933487870496,False
T_NK cell,IFI44,NK,0.03563115863428405,False
T_NK cell,IFI44,CD16+ NK,0.042121663550768546,False
T_NK cell,IFI44,CD16- NK,0.0407050282880031,False
T_NK cell,IFI44,γδ T,0.036437312665394156,False
T_NK cell,IFI44,MAIT,0.0352006560737238,False
T_NK cell,IFI44,ILC3,0.0268994823360758,False
T_NK cell,LEF1,CD8 Tcm/Tn,0.064426346084974,False
T_NK cell,LEF1,CD8 Tem/Trm,0.07162121162187525,False
T_NK cell,LEF1,CD8 Tem/Temra,0.07255623204070255,False
T_NK cell,LEF1,CD8 Trm,0.074744523266743,False
T_NK cell,LEF1,CD8 Tex,0.07309502042275401,False
T_NK cell,LEF1,CD8 Cycling Tex,0.06950217769453655,False
T_NK cell,LEF1,ISG15+ CD8 T,0.0614004164076963,False
T_NK cell,LEF1,CD4 Tcm/Tn,0.06896222035615951,True
T_NK cell,LEF1,CD4 Tem/Effector,0.07639358613175755,False
T_NK cell,LEF1,CD4 Th1,0.0729917545717095,False
T_NK cell,LEF1,CD4 Th17,0.07739988288731656,False
T_NK cell,LEF1,CD4 Tfh,0.07308881781034784,False
T_NK cell,LEF1,CD4 Treg,0.0734709891701571,False
T_NK cell,LEF1,CD4 Cycling Treg,0.07252106730766114,False
T_NK cell,LEF1,CD4 CXCL13+ T,0.06809912357289796,False
T_NK cell,LEF1,NK,0.07106918456724245,False
T_NK cell,LEF1,CD16+ NK,0.07202285868143796,False
T_NK cell,LEF1,CD16- NK,0.0700950176987654,False
T_NK cell,LEF1,γδ T,0.0747632437114013,False
T_NK cell,LEF1,MAIT,0.0726089951283682,False
T_NK cell,LEF1,ILC3,0.0675260334175748,False
T_NK cell,AQP3,CD8 Tcm/Tn,-0.015357063629645201,False
T_NK cell,AQP3,CD8 Tem/Trm,-0.01891647653536835,False
T_NK cell,AQP3,CD8 Tem/Temra,-0.0237229075476125,False
T_NK cell,AQP3,CD8 Trm,-0.0196236591982534,False
T_NK cell,AQP3,CD8 Tex,-0.0201497066347935,False
T_NK cell,AQP3,CD8 Cycling Tex,-0.0178968835455244,False
T_NK cell,AQP3,ISG15+ CD8 T,-0.0155591638739624,False
T_NK cell,AQP3,CD4 Tcm/Tn,-0.0213139109032968,False
T_NK cell,AQP3,CD4 Tem/Effector,-0.022159737005796452,True
T_NK cell,AQP3,CD4 Th1,-0.0175385115915196,False
T_NK cell,AQP3,CD4 Th17,-0.0172178850450887,False
T_NK cell,AQP3,CD4 Tfh,-0.016750391158971152,False
T_NK cell,AQP3,CD4 Treg,-0.0166211459476555,False
T_NK cell,AQP3,CD4 Cycling Treg,-0.02088801059522785,False
T_NK cell,AQP3,CD4 CXCL13+ T,-0.01891623111411765,False
T_NK cell,AQP3,NK,-0.0219368972215787,False
T_NK cell,AQP3,CD16+ NK,-0.0223445710454282,False
T_NK cell,AQP3,CD16- NK,-0.0193349534612674,False
T_NK cell,AQP3,γδ T,-0.0163345531079068,False
T_NK cell,AQP3,MAIT,-0.01940662929919195,False
T_NK cell,AQP3,ILC3,-0.015467228521441001,False
T_NK cell,ANXA1,CD8 Tcm/Tn,-0.00694815246773355,False
T_NK cell,ANXA1,CD8 Tem/Trm,0.008472068694685149,False
T_NK cell,ANXA1,CD8 Tem/Temra,0.0159593891826584,False
T_NK cell,ANXA1,CD8 Trm,0.0269820855499787,False
T_NK cell,ANXA1,CD8 Tex,0.031095794533805246,False
T_NK cell,ANXA1,CD8 Cycling Tex,0.02823669619575145,False
T_NK cell,ANXA1,ISG15+ CD8 T,0.0191224868396264,False
T_NK cell,ANXA1,CD4 Tcm/Tn,4.194834538949139e-05,False
T_NK cell,ANXA1,CD4 Tem/Effector,0.0129228842002095,False
T_NK cell,ANXA1,CD4 Th1,0.02371258871597725,True
T_NK cell,ANXA1,CD4 Th17,0.021059023620058098,False
T_NK cell,ANXA1,CD4 Tfh,0.01927840268686655,False
T_NK cell,ANXA1,CD4 Treg,0.018963541400706753,False
T_NK cell,ANXA1,CD4 Cycling Treg,0.030113037529742148,False
T_NK cell,ANXA1,CD4 CXCL13+ T,0.0036099115069167503,False
T_NK cell,ANXA1,NK,0.018483111172192902,False
T_NK cell,ANXA1,CD16+ NK,0.023812478962986848,False
T_NK cell,ANXA1,CD16- NK,0.02375038903228935,False
T_NK cell,ANXA1,γδ T,0.025222852906297298,False
T_NK cell,ANXA1,MAIT,0.01609059227506575,False
T_NK cell,ANXA1,ILC3,0.0114369459314599,False
T_NK cell,IL7R,CD8 Tcm/Tn,0.237145417555586,False
T_NK cell,IL7R,CD8 Tem/Trm,0.2748733342849065,False
T_NK cell,IL7R,CD8 Tem/Temra,0.2779885463789835,False
T_NK cell,IL7R,CD8 Trm,0.27274364009275953,False
T_NK cell,IL7R,CD8 Tex,0.27741876570457846,False
T_NK cell,IL7R,CD8 Cycling Tex,0.253743022918906,False
T_NK cell,IL7R,ISG15+ CD8 T,0.257581670532934,False
T_NK cell,IL7R,CD4 Tcm/Tn,0.251233031326567,False
T_NK cell,IL7R,CD4 Tem/Effector,0.268539516285077,False
T_NK cell,IL7R,CD4 Th1,0.270996166626981,False
T_NK cell,IL7R,CD4 Th17,0.2788645465790015,True
T_NK cell,IL7R,CD4 Tfh,0.2605474526985295,False
T_NK cell,IL7R,CD4 Treg,0.28100384071741,False
T_NK cell,IL7R,CD4 Cycling Treg,0.2500204903376805,False
T_NK cell,IL7R,CD4 CXCL13+ T,0.2520743397045885,False
T_NK cell,IL7R,NK,0.269259026228454,False
T_NK cell,IL7R,CD16+ NK,0.2665424076024475,False
T_NK cell,IL7R,CD16- NK,0.26984188576026247,False
T_NK cell,IL7R,γδ T,0.2687197104935115,False
T_NK cell,IL7R,MAIT,0.28086887469083,False
T_NK cell,IL7R,ILC3,0.250463561941743,False
T_NK cell,AREG,CD8 Tcm/Tn,-0.014433435276710701,False
T_NK cell,AREG,CD8 Tem/Trm,-0.01296566760180395,False
T_NK cell,AREG,CD8 Tem/Temra,-0.015439378728107248,False
T_NK cell,AREG,CD8 Trm,-0.012276473220958501,False
T_NK cell,AREG,CD8 Tex,-0.0145443521430867,False
T_NK cell,AREG,CD8 Cycling Tex,-0.0081200168631872,False
T_NK cell,AREG,ISG15+ CD8 T,-0.01162305619600555,False
T_NK cell,AREG,CD4 Tcm/Tn,-0.01417160054008555,False
T_NK cell,AREG,CD4 Tem/Effector,-0.0130703930017186,False
T_NK cell,AREG,CD4 Th1,-0.01106959795704835,False
T_NK cell,AREG,CD4 Th17,-0.01205095887091135,False
T_NK cell,AREG,CD4 Tfh,-0.0077198764881880495,True
T_NK cell,AREG,CD4 Treg,-0.0149882397658507,False
T_NK cell,AREG,CD4 Cycling Treg,-0.0091225315852347,False
T_NK cell,AREG,CD4 CXCL13+ T,-0.0148351194200583,False
T_NK cell,AREG,NK,-0.01250954630845765,False
T_NK cell,AREG,CD16+ NK,-0.01345034260723495,False
T_NK cell,AREG,CD16- NK,-0.0116936657365395,False
T_NK cell,AREG,γδ T,-0.01478906157975065,False
T_NK cell,AREG,MAIT,-0.01240714650409035,False
T_NK cell,AREG,ILC3,-0.008844804037740451,False
T_NK cell,CD4,CD8 Tcm/Tn,0.141622277078477,False
T_NK cell,CD4,CD8 Tem/Trm,0.176001471103997,False
T_NK cell,CD4,CD8 Tem/Temra,0.1796563286283125,False
T_NK cell,CD4,CD8 Trm,0.1793662530333815,False
T_NK cell,CD4,CD8 Tex,0.1950839761011005,False
T_NK cell,CD4,CD8 Cycling Tex,0.18049571557586,False
T_NK cell,CD4,ISG15+ CD8 T,0.179541437345609,False
T_NK cell,CD4,CD4 Tcm/Tn,0.155174706508288,False
T_NK cell,CD4,CD4 Tem/Effector,0.1637412705325495,False
T_NK cell,CD4,CD4 Th1,0.1704261893246545,False
T_NK cell,CD4,CD4 Th17,0.174785287669156,False
T_NK cell,CD4,CD4 Tfh,0.15894363673810202,False
T_NK cell,CD4,CD4 Treg,0.1825109591357365,True
T_NK cell,CD4,CD4 Cycling Treg,0.188585784970128,False
T_NK cell,CD4,CD4 CXCL13+ T,0.1630856601788035,False
T_NK cell,CD4,NK,0.172629064727768,False
T_NK cell,CD4,CD16+ NK,0.181617095001943,False
T_NK cell,CD4,CD16- NK,0.175094990868676,False
T_NK cell,CD4,γδ T,0.1867930356913115,False
T_NK cell,CD4,MAIT,0.171762573640745,False
T_NK cell,CD4,ILC3,0.142141743906172,False
T_NK cell,FOXP3,CD8 Tcm/Tn,0.0575450737926549,False
T_NK cell,FOXP3,CD8 Tem/Trm,0.0658280511852473,False
T_NK cell,FOXP3,CD8 Tem/Temra,0.066325061510118,False
T_NK cell,FOXP3,CD8 Trm,0.0679488879710257,False
T_NK cell,FOXP3,CD8 Tex,0.07331426173971205,False
T_NK cell,FOXP3,CD8 Cycling Tex,0.07072825600630765,False
T_NK cell,FOXP3,ISG15+ CD8 T,0.06686815996098025,False
T_NK cell,FOXP3,CD4 Tcm/Tn,0.0596977415594432,False
T_NK cell,FOXP3,CD4 Tem/Effector,0.06495118705488934,False
T_NK cell,FOXP3,CD4 Th1,0.06543950575490455,False
T_NK cell,FOXP3,CD4 Th17,0.0667518285677667,False
T_NK cell,FOXP3,CD4 Tfh,0.06293195091652695,False
T_NK cell,FOXP3,CD4 Treg,0.07878361180522919,False
T_NK cell,FOXP3,CD4 Cycling Treg,0.09823040688466836,True
T_NK cell,FOXP3,CD4 CXCL13+ T,0.064114690902115,False
T_NK cell,FOXP3,NK,0.06339352217654246,False
T_NK cell,FOXP3,CD16+ NK,0.0652591346085637,False
T_NK cell,FOXP3,CD16- NK,0.0645214094131779,False
T_NK cell,FOXP3,γδ T,0.07370114301618669,False
T_NK cell,FOXP3,MAIT,0.06433994284804165,False
T_NK cell,FOXP3,ILC3,0.0572544819313966,False
T_NK cell,CXCL13,CD8 Tcm/Tn,0.174199769089007,False
T_NK cell,CXCL13,CD8 Tem/Trm,0.198480834882287,False
T_NK cell,CXCL13,CD8 Tem/Temra,0.19680916461872,False
T_NK cell,CXCL13,CD8 Trm,0.168508704716712,False
T_NK cell,CXCL13,CD8 Tex,0.200957360793282,False
T_NK cell,CXCL13,CD8 Cycling Tex,0.207771544196373,False
T_NK cell,CXCL13,ISG15+ CD8 T,0.194495066827189,False
T_NK cell,CXCL13,CD4 Tcm/Tn,0.189878189265103,False
T_NK cell,CXCL13,CD4 Tem/Effector,0.183314048394672,False
T_NK cell,CXCL13,CD4 Th1,0.172287944851089,False
T_NK cell,CXCL13,CD4 Th17,0.174573417649969,False
T_NK cell,CXCL13,CD4 Tfh,0.154245242643111,False
T_NK cell,CXCL13,CD4 Treg,0.198731261818047,False
T_NK cell,CXCL13,CD4 Cycling Treg,0.207870791051321,False
T_NK cell,CXCL13,CD4 CXCL13+ T,0.211543959910492,True
T_NK cell,CXCL13,NK,0.185167587552396,False
T_NK cell,CXCL13,CD16+ NK,0.178358185977474,False
T_NK cell,CXCL13,CD16- NK,0.170650416614086,False
T_NK cell,CXCL13,γδ T,0.180373238810483,False
T_NK cell,CXCL13,MAIT,0.179977280299753,False
T_NK cell,CXCL13,ILC3,0.150786812127197,False
T_NK cell,NKG7,CD8 Tcm/Tn,0.14156223528300899,False
T_NK cell,NKG7,CD8 Tem/Trm,0.1624476182564285,False
T_NK cell,NKG7,CD8 Tem/Temra,0.16743777421370648,False
T_NK cell,NKG7,CD8 Trm,0.157096623307516,False
T_NK cell,NKG7,CD8 Tex,0.167828430254361,False
T_NK cell,NKG7,CD8 Cycling Tex,0.15456955803897948,False
T_NK cell,NKG7,ISG15+ CD8 T,0.159813464519674,False
T_NK cell,NKG7,CD4 Tcm/Tn,0.1475620149586375,False
T_NK cell,NKG7,CD4 Tem/Effector,0.156264586749567,False
T_NK cell,NKG7,CD4 Th1,0.15606592524132,False
T_NK cell,NKG7,CD4 Th17,0.1578070217642945,False
T_NK cell,NKG7,CD4 Tfh,0.14497523165648502,False
T_NK cell,NKG7,CD4 Treg,0.161993415551335,False
T_NK cell,NKG7,CD4 Cycling Treg,0.1475580528321085,False
T_NK cell,NKG7,CD4 CXCL13+ T,0.1525135672893895,False
T_NK cell,NKG7,NK,0.162523925918022,True
T_NK cell,NKG7,CD16+ NK,0.1666183202014725,False
T_NK cell,NKG7,CD16- NK,0.164387341187767,False
T_NK cell,NKG7,γδ T,0.163781259745588,False
T_NK cell,NKG7,MAIT,0.161861223659062,False
T_NK cell,NKG7,ILC3,0.1359061437715025,False
T_NK cell,IGFBP7,CD8 Tcm/Tn,0.1886167150820095,False
T_NK cell,IGFBP7,CD8 Tem/Trm,0.2240370750929115,False
T_NK cell,IGFBP7,CD8 Tem/Temra,0.253804268030932,False
T_NK cell,IGFBP7,CD8 Trm,0.28732754985771447,False
T_NK cell,IGFBP7,CD8 Tex,0.27255240328479047,False
T_NK cell,IGFBP7,CD8 Cycling Tex,0.234877202709992,False
T_NK cell,IGFBP7,ISG15+ CD8 T,0.19463179434647848,False
T_NK cell,IGFBP7,CD4 Tcm/Tn,0.2040003495889725,False
T_NK cell,IGFBP7,CD4 Tem/Effector,0.25268564324459597,False
T_NK cell,IGFBP7,CD4 Th1,0.270596474651021,False
T_NK cell,IGFBP7,CD4 Th17,0.288295522742471,False
T_NK cell,IGFBP7,CD4 Tfh,0.27169358060841,False
T_NK cell,IGFBP7,CD4 Treg,0.232960072602449,False
T_NK cell,IGFBP7,CD4 Cycling Treg,0.2138318000107115,False
T_NK cell,IGFBP7,CD4 CXCL13+ T,0.18618747145338949,False
T_NK cell,IGFBP7,NK,0.26004791799388904,False
T_NK cell,IGFBP7,CD16+ NK,0.285112100861552,True
T_NK cell,IGFBP7,CD16- NK,0.2605233305449215,False
T_NK cell,IGFBP7,γδ T,0.270274372218332,False
T_NK cell,IGFBP7,MAIT,0.2540524342848445,False
T_NK cell,IGFBP7,ILC3,0.27835951911151247,False
T_NK cell,IRF8,CD8 Tcm/Tn,0.1260383771969875,False
T_NK cell,IRF8,CD8 Tem/Trm,0.1453797990988535,False
T_NK cell,IRF8,CD8 Tem/Temra,0.14656795476345702,False
T_NK cell,IRF8,CD8 Trm,0.139469110353963,False
T_NK cell,IRF8,CD8 Tex,0.14451758053306452,False
T_NK cell,IRF8,CD8 Cycling Tex,0.13952129716505451,False
T_NK cell,IRF8,ISG15+ CD8 T,0.1451527660019315,False
T_NK cell,IRF8,CD4 Tcm/Tn,0.1343393597139135,False
T_NK cell,IRF8,CD4 Tem/Effector,0.143396852644396,False
T_NK cell,IRF8,CD4 Th1,0.136870566728733,False
T_NK cell,IRF8,CD4 Th17,0.142106260098422,False
T_NK cell,IRF8,CD4 Tfh,0.133156011348876,False
T_NK cell,IRF8,CD4 Treg,0.145699209145175,False
T_NK cell,IRF8,CD4 Cycling Treg,0.138620885114011,False
T_NK cell,IRF8,CD4 CXCL13+ T,0.14169458815303,False
T_NK cell,IRF8,NK,0.14208827113183448,False
T_NK cell,IRF8,CD16+ NK,0.14076910875981952,False
T_NK cell,IRF8,CD16- NK,0.140001916410558,True
T_NK cell,IRF8,γδ T,0.1407788588280765,False
T_NK cell,IRF8,MAIT,0.143366810011795,False
T_NK cell,IRF8,ILC3,0.127470866381174,False
T_NK cell,KIR2DL4,CD8 Tcm/Tn,0.0028777728433122,False
T_NK cell,KIR2DL4,CD8 Tem/Trm,0.0058415126829527,False
T_NK cell,KIR2DL4,CD8 Tem/Temra,0.0045939441057524,False
T_NK cell,KIR2DL4,CD8 Trm,0.0061361237451543,False
T_NK cell,KIR2DL4,CD8 Tex,0.0069294101901484,False
T_NK cell,KIR2DL4,CD8 Cycling Tex,0.0052626164822939,False
T_NK cell,KIR2DL4,ISG15+ CD8 T,0.0055225477471752,False
T_NK cell,KIR2DL4,CD4 Tcm/Tn,0.0040063163121546,False
T_NK cell,KIR2DL4,CD4 Tem/Effector,0.0048152303286211,False
T_NK cell,KIR2DL4,CD4 Th1,0.0049328343257064,False
T_NK cell,KIR2DL4,CD4 Th17,0.0049125625223706,False
T_NK cell,KIR2DL4,CD4 Tfh,0.0046663961929677,False
T_NK cell,KIR2DL4,CD4 Treg,0.0053780222802009,False
T_NK cell,KIR2DL4,CD4 Cycling Treg,0.003941340870303,False
T_NK cell,KIR2DL4,CD4 CXCL13+ T,0.0044885362989993,False
T_NK cell,KIR2DL4,NK,0.0057523539073928,False
T_NK cell,KIR2DL4,CD16+ NK,0.0056266391356577,False
T_NK cell,KIR2DL4,CD16- NK,0.006054725496467,False
T_NK cell,KIR2DL4,γδ T,0.0069892979766695,True
T_NK cell,KIR2DL4,MAIT,0.0056923830398044,False
T_NK cell,KIR2DL4,ILC3,0.0025112138391295,False
T_NK cell,SLC4A10,CD8 Tcm/Tn,0.0019279001907205,False
T_NK cell,SLC4A10,CD8 Tem/Trm,0.0045216972723849,False
T_NK cell,SLC4A10,CD8 Tem/Temra,0.0051541363541892,False
T_NK cell,SLC4A10,CD8 Trm,0.0047929639132517,False
T_NK cell,SLC4A10,CD8 Tex,0.0059883094977428,False
T_NK cell,SLC4A10,CD8 Cycling Tex,0.0049444386471512,False
T_NK cell,SLC4A10,ISG15+ CD8 T,0.0031176711882148,False
T_NK cell,SLC4A10,CD4 Tcm/Tn,0.003589766551034,False
T_NK cell,SLC4A10,CD4 Tem/Effector,0.0034376897474266,False
T_NK cell,SLC4A10,CD4 Th1,0.0037886322101142,False
T_NK cell,SLC4A10,CD4 Th17,0.0062180893326195,False
T_NK cell,SLC4A10,CD4 Tfh,0.0036519718219736,False
T_NK cell,SLC4A10,CD4 Treg,0.0044268519578557,False
T_NK cell,SLC4A10,CD4 Cycling Treg,0.0043024138486284,False
T_NK cell,SLC4A10,CD4 CXCL13+ T,0.0034440099060079,False
T_NK cell,SLC4A10,NK,0.004786078907508,False
T_NK cell,SLC4A10,CD16+ NK,0.0046610347848772,False
T_NK cell,SLC4A10,CD16- NK,0.0047994241564356,False
T_NK cell,SLC4A10,γδ T,0.0058034299041963,False
T_NK cell,SLC4A10,MAIT,0.0059898972335236,True
T_NK cell,SLC4A10,ILC3,0.0044649067323328,False
T_NK cell,KIT,CD8 Tcm/Tn,0.0253921461321304,False
T_NK cell,KIT,CD8 Tem/Trm,0.02203919541302225,False
T_NK cell,KIT,CD8 Tem/Temra,0.02261836613151265,False
T_NK cell,KIT,CD8 Trm,0.0266609217907185,False
T_NK cell,KIT,CD8 Tex,0.023186431701384153,False
T_NK cell,KIT,CD8 Cycling Tex,0.0220742001393813,False
T_NK cell,KIT,ISG15+ CD8 T,0.01536350282887105,False
T_NK cell,KIT,CD4 Tcm/Tn,0.02225032608034925,False
T_NK cell,KIT,CD4 Tem/Effector,0.024604289324970302,False
T_NK cell,KIT,CD4 Th1,0.024862930134955052,False
T_NK cell,KIT,CD4 Th17,0.0276078781092874,False
T_NK cell,KIT,CD4 Tfh,0.0284829142311677,False
T_NK cell,KIT,CD4 Treg,0.02105720110864415,False
T_NK cell,KIT,CD4 Cycling Treg,0.01873180231785755,False
T_NK cell,KIT,CD4 CXCL13+ T,0.0198909504024428,False
T_NK cell,KIT,NK,0.02465371854317855,False
T_NK cell,KIT,CD16+ NK,0.0280640404755212,False
T_NK cell,KIT,CD16- NK,0.02638263869926815,False
T_NK cell,KIT,γδ T,0.0237365338322496,False
T_NK cell,KIT,MAIT,0.0243551710344303,False
T_NK cell,KIT,ILC3,0.0347976342997849,True
B cell,CD72,Bn,0.07101989258325306,True
B cell,CD72,NR4A2+ Bn,0.07655801802875184,False
B cell,CD72,Bgc,0.07951182992640099,False
B cell,CD72,Bmem,0.07359008650282439,False
B cell,CD72,ABC,0.08234809061704385,False
B cell,CD72,Plasma,0.06457914279690344,False
B cell,CD72,Cycling Bgc,0.0619701798148473,False
B cell,CD72,Plasmablast,0.05523345918520605,False
B cell,CREM,Bn,0.02906069940732295,False
B cell,CREM,NR4A2+ Bn,0.03192510735888445,True
B cell,CREM,Bgc,0.0270634356469812,False
B cell,CREM,Bmem,0.02898058283955115,False
B cell,CREM,ABC,0.02767141009659365,False
B cell,CREM,Plasma,0.027718031574673098,False
B cell,CREM,Cycling Bgc,0.02965780939494415,False
B cell,CREM,Plasmablast,0.02790315945292185,False
B cell,CD40,Bn,0.0933531287413962,False
B cell,CD40,NR4A2+ Bn,0.09530137840793805,False
B cell,CD40,Bgc,0.0945376308761527,True
B cell,CD40,Bmem,0.08926576897203464,False
B cell,CD40,ABC,0.0926501418080201,False
B cell,CD40,Plasma,0.07494533921624935,False
B cell,CD40,Cycling Bgc,0.0783820852712816,False
B cell,CD40,Plasmablast,0.08212186348709485,False
B cell,GPR183,Bn,0.128449432604998,False
B cell,GPR183,NR4A2+ Bn,0.13306610963586,False
B cell,GPR183,Bgc,0.131454794933758,False
B cell,GPR183,Bmem,0.130745072691567,True
B cell,GPR183,ABC,0.134712679641256,False
B cell,GPR183,Plasma,0.12681709968986,False
B cell,GPR183,Cycling Bgc,0.0923977605054494,False
B cell,GPR183,Plasmablast,0.110689682391492,False
B cell,HCK,Bn,0.07096254204694286,False
B cell,HCK,NR4A2+ Bn,0.0797271331224979,False
B cell,HCK,Bgc,0.08096511483262606,False
B cell,HCK,Bmem,0.07313487144218056,False
B cell,HCK,ABC,0.08375200467801895,True
B cell,HCK,Plasma,0.0780377115726408,False
B cell,HCK,Cycling Bgc,0.0583068175428027,False
B cell,HCK,Plasmablast,0.07221267262308015,False
B cell,MZB1,Bn,0.1776765274320905,False
B cell,MZB1,NR4A2+ Bn,0.193342647773071,False
B cell,MZB1,Bgc,0.1745889830244795,False
B cell,MZB1,Bmem,0.178125708169879,False
B cell,MZB1,ABC,0.156413905923478,False
B cell,MZB1,Plasma,0.2981169782342445,True
B cell,MZB1,Cycling Bgc,0.106752799054015,False
B cell,MZB1,Plasmablast,0.272662678592876,False
B cell,TOP2A,Bn,-0.04715611393116955,False
B cell,TOP2A,NR4A2+ Bn,-0.05956377994436435,False
B cell,TOP2A,Bgc,-0.04947095745952025,False
B cell,TOP2A,Bmem,-0.0477615337466145,False
B cell,TOP2A,ABC,-0.034795955879913104,False
B cell,TOP2A,Plasma,-0.0676170433887459,False
B cell,TOP2A,Cycling Bgc,0.0168719926216564,True
B cell,TOP2A,Plasmablast,-0.0197338826524661,False
B cell,SDC1,Bn,-0.09121509523202564,False
B cell,SDC1,NR4A2+ Bn,-0.1031884252799905,False
B cell,SDC1,Bgc,-0.09391658838352665,False
B cell,SDC1,Bmem,-0.09438968966523545,False
B cell,SDC1,ABC,-0.09407985222145049,False
B cell,SDC1,Plasma,-0.0661263820404247,False
B cell,SDC1,Cycling Bgc,-0.07444149556697985,False
B cell,SDC1,Plasmablast,-0.03438932188664085,True
Myeloid,S100A12,CD14+Mono,0.0144907450926272,True
Myeloid,S100A12,CD16+Mono,0.0090361525641691,False
Myeloid,S100A12,Macro,0.0040738734999906,False
Myeloid,S100A12,CXCL3+ Macro,0.0067874965883607,False
Myeloid,S100A12,FOLR2+ Macro,0.0007596379802224,False
Myeloid,S100A12,HSPA6+ Macro,0.0083206088207489,False
Myeloid,S100A12,SPP1+ Macro,0.0013562381556306,False
Myeloid,S100A12,SPP1+ CXCL3+ Macro,0.0059699254552998,False
Myeloid,S100A12,SPP1+ MT1+ Macro,0.0045151755432105,False
Myeloid,S100A12,SPP1+ cycMacro,0.0007877496565601,False
Myeloid,S100A12,TNFSF10+ Macro,0.0036818174870676,False
Myeloid,S100A12,LAMP3+ cDC,0.0018046172138386,False
Myeloid,S100A12,Mast,0.0001523226571167,False
Myeloid,LILRB2,CD14+Mono,0.107891198667697,False
Myeloid,LILRB2,CD16+Mono,0.13139643135386903,True
Myeloid,LILRB2,Macro,0.1345470342210215,False
Myeloid,LILRB2,CXCL3+ Macro,0.1229474907607265,False
Myeloid,LILRB2,FOLR2+ Macro,0.1340166930404,False
Myeloid,LILRB2,HSPA6+ Macro,0.1138515971049335,False
Myeloid,LILRB2,SPP1+ Macro,0.11459833561959801,False
Myeloid,LILRB2,SPP1+ CXCL3+ Macro,0.1114220533299925,False
Myeloid,LILRB2,SPP1+ MT1+ Macro,0.1237067728935515,False
Myeloid,LILRB2,SPP1+ cycMacro,0.1081084761349745,False
Myeloid,LILRB2,TNFSF10+ Macro,0.14527751338025302,False
Myeloid,LILRB2,LAMP3+ cDC,0.09872630068242755,False
Myeloid,LILRB2,Mast,0.08129961219786175,False
Myeloid,C1QC,CD14+Mono,0.21411355041133,False
Myeloid,C1QC,CD16+Mono,0.2200562102693665,False
Myeloid,C1QC,Macro,0.29771070206031147,True
Myeloid,C1QC,CXCL3+ Macro,0.246558787169687,False
Myeloid,C1QC,FOLR2+ Macro,0.3290447688881975,False
Myeloid,C1QC,HSPA6+ Macro,0.25437281949962953,False
Myeloid,C1QC,SPP1+ Macro,0.294613405458367,False
Myeloid,C1QC,SPP1+ CXCL3+ Macro,0.26095902462804,False
Myeloid,C1QC,SPP1+ MT1+ Macro,0.30989191627623147,False
Myeloid,C1QC,SPP1+ cycMacro,0.26983484650801903,False
Myeloid,C1QC,TNFSF10+ Macro,0.3451230756065145,False
Myeloid,C1QC,LAMP3+ cDC,0.1901163154174645,False
Myeloid,C1QC,Mast,0.17851182794939752,False
Myeloid,CXCL3,CD14+Mono,0.0034231898257828,False
Myeloid,CXCL3,CD16+Mono,0.0027844029295075,False
Myeloid,CXCL3,Macro,0.0053752728241743,False
Myeloid,CXCL3,CXCL3+ Macro,0.0055554547141982,True
Myeloid,CXCL3,FOLR2+ Macro,0.0025592740806541,False
Myeloid,CXCL3,HSPA6+ Macro,0.0085454948983393,False
Myeloid,CXCL3,SPP1+ Macro,0.0065707860170731,False
Myeloid,CXCL3,SPP1+ CXCL3+ Macro,0.0141486929904582,False
Myeloid,CXCL3,SPP1+ MT1+ Macro,0.0104853237286534,False
Myeloid,CXCL3,SPP1+ cycMacro,0.0045919884828286,False
Myeloid,CXCL3,TNFSF10+ Macro,0.0108820640261195,False
Myeloid,CXCL3,LAMP3+ cDC,0.0058234122578928,False
Myeloid,CXCL3,Mast,-0.0078245824228435,False
Myeloid,FOLR2,CD14+Mono,0.152500024922199,False
Myeloid,FOLR2,CD16+Mono,0.1637766710687265,False
Myeloid,FOLR2,Macro,0.179722980808981,False
Myeloid,FOLR2,CXCL3+ Macro,0.171413785104528,False
Myeloid,FOLR2,FOLR2+ Macro,0.22402144626808002,True
Myeloid,FOLR2,HSPA6+ Macro,0.1348263047008405,False
Myeloid,FOLR2,SPP1+ Macro,0.121621024307647,False
Myeloid,FOLR2,SPP1+ CXCL3+ Macro,0.1151427628174285,False
Myeloid,FOLR2,SPP1+ MT1+ Macro,0.148896471499248,False
Myeloid,FOLR2,SPP1+ cycMacro,0.12743755723508948,False
Myeloid,FOLR2,TNFSF10+ Macro,0.1517755931300665,False
Myeloid,FOLR2,LAMP3+ cDC,0.109745089887817,False
Myeloid,FOLR2,Mast,0.14853670916782352,False
Myeloid,HSPA6,CD14+Mono,0.0362565014150577,False
Myeloid,HSPA6,CD16+Mono,0.03654796768547321,False
Myeloid,HSPA6,Macro,0.0492032696418299,False
Myeloid,HSPA6,CXCL3+ Macro,0.0414928245551437,False
Myeloid,HSPA6,FOLR2+ Macro,0.04660059882179865,False
Myeloid,HSPA6,HSPA6+ Macro,0.06689567094026555,True
Myeloid,HSPA6,SPP1+ Macro,0.04668255008412525,False
Myeloid,HSPA6,SPP1+ CXCL3+ Macro,0.058155814481340495,False
Myeloid,HSPA6,SPP1+ MT1+ Macro,0.0562048835827965,False
Myeloid,HSPA6,SPP1+ cycMacro,0.0369411676502827,False
Myeloid,HSPA6,TNFSF10+ Macro,0.0571458721348781,False
Myeloid,HSPA6,LAMP3+ cDC,0.02964615726550905,False
Myeloid,HSPA6,Mast,0.02249155078685865,False
Myeloid,SPP1,CD14+Mono,-0.02166570968096555,False
Myeloid,SPP1,CD16+Mono,-0.0289542299857639,False
Myeloid,SPP1,Macro,0.0141539378208086,False
Myeloid,SPP1,CXCL3+ Macro,-0.013849518454759,False
Myeloid,SPP1,FOLR2+ Macro,-0.00247495138338285,False
Myeloid,SPP1,HSPA6+ Macro,0.055632435678665146,False
Myeloid,SPP1,SPP1+ Macro,0.15522335161690548,True
Myeloid,SPP1,SPP1+ CXCL3+ Macro,0.102129286582405,True
Myeloid,SPP1,SPP1+ MT1+ Macro,0.09877851656767166,False
Myeloid,SPP1,SPP1+ cycMacro,0.04581108635528375,False
Myeloid,SPP1,TNFSF10+ Macro,0.06744937748801196,False
Myeloid,SPP1,LAMP3+ cDC,-4.33154358832614e-05,False
Myeloid,SPP1,Mast,-0.0336949393540626,False
Myeloid,MT1F,CD14+Mono,-0.0291464017998687,False
Myeloid,MT1F,CD16+Mono,-0.01748216167485275,False
Myeloid,MT1F,Macro,-0.0149557129252982,False
Myeloid,MT1F,CXCL3+ Macro,-0.03183659411684985,False
Myeloid,MT1F,FOLR2+ Macro,-0.02042581133098725,False
Myeloid,MT1F,HSPA6+ Macro,-0.015557164660429598,False
Myeloid,MT1F,SPP1+ Macro,-0.00197945588731075,False
Myeloid,MT1F,SPP1+ CXCL3+ Macro,-0.0116655911198465,False
Myeloid,MT1F,SPP1+ MT1+ Macro,0.0060314366806444,True
Myeloid,MT1F,SPP1+ cycMacro,-0.00493382096881035,False
Myeloid,MT1F,TNFSF10+ Macro,-0.00078906168930995,False
Myeloid,MT1F,LAMP3+ cDC,-0.00415035937264425,False
Myeloid,MT1F,Mast,-0.0264974370372274,False
Myeloid,MKI67,CD14+Mono,-0.0423892225006925,False
Myeloid,MKI67,CD16+Mono,-0.045875833832288,False
Myeloid,MKI67,Macro,-0.031980394658556996,False
Myeloid,MKI67,CXCL3+ Macro,-0.04352749461216985,False
Myeloid,MKI67,FOLR2+ Macro,-0.04911662989172555,False
Myeloid,MKI67,HSPA6+ Macro,-0.032331944152910255,False
Myeloid,MKI67,SPP1+ Macro,-0.015399261811136301,False
Myeloid,MKI67,SPP1+ CXCL3+ Macro,-0.0317611618629702,False
Myeloid,MKI67,SPP1+ MT1+ Macro,-0.0296314576933961,False
Myeloid,MKI67,SPP1+ cycMacro,0.007056727635096899,True
Myeloid,MKI67,TNFSF10+ Macro,-0.01440683785017945,False
Myeloid,MKI67,LAMP3+ cDC,-0.0156779516434865,False
Myeloid,MKI67,Mast,-0.057915877670680446,False
Myeloid,TNFSF10,CD14+Mono,-0.00987640700454975,False
Myeloid,TNFSF10,CD16+Mono,-0.02235637245209205,False
Myeloid,TNFSF10,Macro,-0.030133333117517147,False
Myeloid,TNFSF10,CXCL3+ Macro,-0.031055243828545354,False
Myeloid,TNFSF10,FOLR2+ Macro,-0.03459198990020735,False
Myeloid,TNFSF10,HSPA6+ Macro,0.0052261654699932505,False
Myeloid,TNFSF10,SPP1+ Macro,-0.00419998714091165,False
Myeloid,TNFSF10,SPP1+ CXCL3+ Macro,-0.0018075325571175502,False
Myeloid,TNFSF10,SPP1+ MT1+ Macro,-0.00175773144894555,False
Myeloid,TNFSF10,SPP1+ cycMacro,-0.00317244688071735,False
Myeloid,TNFSF10,TNFSF10+ Macro,0.0134021716627486,True
Myeloid,TNFSF10,LAMP3+ cDC,0.0052752653204119,False
Myeloid,TNFSF10,Mast,-0.0492894776072617,False
Myeloid,LAMP3,CD14+Mono,0.0399296226823379,False
Myeloid,LAMP3,CD16+Mono,0.0649245700828769,False
Myeloid,LAMP3,Macro,0.0413542059266879,False
Myeloid,LAMP3,CXCL3+ Macro,0.041172819981546,False
Myeloid,LAMP3,FOLR2+ Macro,0.0363407896562854,False
Myeloid,LAMP3,HSPA6+ Macro,0.0349372241305177,False
Myeloid,LAMP3,SPP1+ Macro,0.0347324648758361,False
Myeloid,LAMP3,SPP1+ CXCL3+ Macro,0.0328144674818909,False
Myeloid,LAMP3,SPP1+ MT1+ Macro,0.0357777695292497,False
Myeloid,LAMP3,SPP1+ cycMacro,0.0329182753840202,False
Myeloid,LAMP3,TNFSF10+ Macro,0.0795658757346609,False
Myeloid,LAMP3,LAMP3+ cDC,0.146666697954427,True
Myeloid,LAMP3,Mast,0.0253162231121044,False
Myeloid,KIT,CD14+Mono,0.0246361355017359,False
Myeloid,KIT,CD16+Mono,0.03132825326878435,False
Myeloid,KIT,Macro,0.026391800735903248,False
Myeloid,KIT,CXCL3+ Macro,0.027483701117396148,False
Myeloid,KIT,FOLR2+ Macro,0.02336661404475375,False
Myeloid,KIT,HSPA6+ Macro,0.019264665238003402,False
Myeloid,KIT,SPP1+ Macro,0.0045784673992982,False
Myeloid,KIT,SPP1+ CXCL3+ Macro,0.0121559475530632,False
Myeloid,KIT,SPP1+ MT1+ Macro,0.01174278366395365,False
Myeloid,KIT,SPP1+ cycMacro,0.0184135202484313,False
Myeloid,KIT,TNFSF10+ Macro,0.010343128919928099,False
Myeloid,KIT,LAMP3+ cDC,0.0145225668099301,False
Myeloid,KIT,Mast,0.0693828497269719,True
Fibroblast,CD74,apCAF,0.2830267529843925,True
Fibroblast,CD74,iCAF,0.25169972924315,False
Fibroblast,CD74,IL6+ iCAF,0.29313575640234046,False
Fibroblast,CD74,Pl16+ iCAF,0.20205031434185,False
Fibroblast,CD74,myoCAF,0.18202325832711952,False
Fibroblast,CD74,pnCAF,0.174188899499862,False
Fibroblast,CD74,vCAF,0.2807962587627235,False
Fibroblast,CD74,mCAF,0.163684192633181,False
Fibroblast,CD74,cyc mCAF,0.143884553953195,False
Fibroblast,CD74,CXCL14+ mCAF,0.2498790196493285,False
Fibroblast,CD74,ISG15 + mCAF,0.317620327856155,False
Fibroblast,CD74,tCAF,0.270235889929232,False
Fibroblast,CD74,HSP+ tCAF,0.238904112915745,False
Fibroblast,C7,apCAF,0.144984529534103,False
Fibroblast,C7,iCAF,0.235704416934364,True
Fibroblast,C7,IL6+ iCAF,0.205029808190366,False
Fibroblast,C7,Pl16+ iCAF,0.19294466495036,False
Fibroblast,C7,myoCAF,0.150822768112213,False
Fibroblast,C7,pnCAF,0.181545483020688,False
Fibroblast,C7,vCAF,0.199512477907483,False
Fibroblast,C7,mCAF,0.0619240676831473,False
Fibroblast,C7,cyc mCAF,0.0262328977029808,False
Fibroblast,C7,CXCL14+ mCAF,0.131975622060923,False
Fibroblast,C7,ISG15 + mCAF,0.0433729775159592,False
Fibroblast,C7,tCAF,0.0557433287622673,False
Fibroblast,C7,HSP+ tCAF,0.165115336182486,False
Fibroblast,IL6,apCAF,0.05233874968547495,False
Fibroblast,IL6,iCAF,0.06185963382134465,False
Fibroblast,IL6,IL6+ iCAF,0.0708511902784261,True
Fibroblast,IL6,Pl16+ iCAF,0.05450776360789465,False
Fibroblast,IL6,myoCAF,0.0545060661019044,False
Fibroblast,IL6,pnCAF,0.0455359457389269,False
Fibroblast,IL6,vCAF,0.0707599565796581,False
Fibroblast,IL6,mCAF,0.0295739271569265,False
Fibroblast,IL6,cyc mCAF,0.028446097936589948,False
Fibroblast,IL6,CXCL14+ mCAF,0.04552838475514695,False
Fibroblast,IL6,ISG15 + mCAF,0.03463911281261995,False
Fibroblast,IL6,tCAF,0.05031333155092975,False
Fibroblast,IL6,HSP+ tCAF,0.06710680627204575,False
Fibroblast,CFD,apCAF,0.14211557268133201,False
Fibroblast,CFD,iCAF,0.1410911021560835,False
Fibroblast,CFD,IL6+ iCAF,0.1433268585760505,False
Fibroblast,CFD,Pl16+ iCAF,0.1869590187100615,True
Fibroblast,CFD,myoCAF,0.09630677232373755,False
Fibroblast,CFD,pnCAF,0.1133781591862,False
Fibroblast,CFD,vCAF,0.1267827110605535,False
Fibroblast,CFD,mCAF,0.08848979964941014,False
Fibroblast,CFD,cyc mCAF,0.0400096749760981,False
Fibroblast,CFD,CXCL14+ mCAF,0.1118937188689065,False
Fibroblast,CFD,ISG15 + mCAF,0.1064063286143335,False
Fibroblast,CFD,tCAF,0.08575783195469185,False
Fibroblast,CFD,HSP+ tCAF,0.1336035322789875,False
Fibroblast,PLN,apCAF,0.09372265271002539,False
Fibroblast,PLN,iCAF,0.10617269968524301,False
Fibroblast,PLN,IL6+ iCAF,0.0799078650073151,False
Fibroblast,PLN,Pl16+ iCAF,0.121820421075506,False
Fibroblast,PLN,myoCAF,0.0991603657510598,True
Fibroblast,PLN,pnCAF,0.1157193152578825,False
Fibroblast,PLN,vCAF,0.1056817521353815,False
Fibroblast,PLN,mCAF,0.07968062183418885,False
Fibroblast,PLN,cyc mCAF,0.036379310152025404,False
Fibroblast,PLN,CXCL14+ mCAF,0.06584550136474504,False
Fibroblast,PLN,ISG15 + mCAF,0.0307311573494262,False
Fibroblast,PLN,tCAF,0.03549870080716625,False
Fibroblast,PLN,HSP+ tCAF,0.0914111486456338,False
Fibroblast,GPM6B,apCAF,0.032446574157189,False
Fibroblast,GPM6B,iCAF,0.0263095370735872,False
Fibroblast,GPM6B,IL6+ iCAF,0.0217036142145068,False
Fibroblast,GPM6B,Pl16+ iCAF,0.0248234727405166,False
Fibroblast,GPM6B,myoCAF,0.0422534844843143,False
Fibroblast,GPM6B,pnCAF,0.0530683611349902,True
Fibroblast,GPM6B,vCAF,0.0352210548393643,False
Fibroblast,GPM6B,mCAF,0.0185478914574701,False
Fibroblast,GPM6B,cyc mCAF,0.0293592412340339,False
Fibroblast,GPM6B,CXCL14+ mCAF,0.0335178284703343,False
Fibroblast,GPM6B,ISG15 + mCAF,0.0115110833346132,False
Fibroblast,GPM6B,tCAF,0.0181752998614202,False
Fibroblast,GPM6B,HSP+ tCAF,0.0307883812674522,False
Fibroblast,COL18A1,apCAF,0.18711341853722202,False
Fibroblast,COL18A1,iCAF,0.1667018535242505,False
Fibroblast,COL18A1,IL6+ iCAF,0.15446740325535402,False
Fibroblast,COL18A1,Pl16+ iCAF,0.189359396333021,False
Fibroblast,COL18A1,myoCAF,0.2604482533413015,False
Fibroblast,COL18A1,pnCAF,0.199906551747976,False
Fibroblast,COL18A1,vCAF,0.220945026484885,True
Fibroblast,COL18A1,mCAF,0.175572432150925,False
Fibroblast,COL18A1,cyc mCAF,0.181114782112539,False
Fibroblast,COL18A1,CXCL14+ mCAF,0.1952186470305075,False
Fibroblast,COL18A1,ISG15 + mCAF,0.13326406119378,False
Fibroblast,COL18A1,tCAF,0.13812229079739602,False
Fibroblast,COL18A1,HSP+ tCAF,0.1891280815589425,False
Fibroblast,POSTN,apCAF,0.2952817344641515,False
Fibroblast,POSTN,iCAF,0.118099737496235,False
Fibroblast,POSTN,IL6+ iCAF,0.132577478333013,False
Fibroblast,POSTN,Pl16+ iCAF,0.20388017450281198,False
Fibroblast,POSTN,myoCAF,0.2094185461632545,False
Fibroblast,POSTN,pnCAF,0.15234133099890151,False
Fibroblast,POSTN,vCAF,0.17299674882169752,False
Fibroblast,POSTN,mCAF,0.4143526079724595,True
Fibroblast,POSTN,cyc mCAF,0.27204475987722754,False
Fibroblast,POSTN,CXCL14+ mCAF,0.264349524501002,False
Fibroblast,POSTN,ISG15 + mCAF,0.299902870224548,False
Fibroblast,POSTN,tCAF,0.256285893132705,False
Fibroblast,POSTN,HSP+ tCAF,0.254834144386865,False
Fibroblast,TOP2A,apCAF,-0.09185250280975041,False
Fibroblast,TOP2A,iCAF,-0.09041723744022424,False
Fibroblast,TOP2A,IL6+ iCAF,-0.09012512628442171,False
Fibroblast,TOP2A,Pl16+ iCAF,-0.09373953731123424,False
Fibroblast,TOP2A,myoCAF,-0.0554103243845428,False
Fibroblast,TOP2A,pnCAF,-0.08227433604374565,False
Fibroblast,TOP2A,vCAF,-0.07472457679443495,False
Fibroblast,TOP2A,mCAF,-0.0620714520750357,False
Fibroblast,TOP2A,cyc mCAF,0.0186349012762548,True
Fibroblast,TOP2A,CXCL14+ mCAF,-0.06122966351249995,False
Fibroblast,TOP2A,ISG15 + mCAF,-0.040454441382112405,False
Fibroblast,TOP2A,tCAF,-0.04921443322310365,False
Fibroblast,TOP2A,HSP+ tCAF,-0.0884266391967882,False
Fibroblast,CXCL14,apCAF,0.054443526765731,False
Fibroblast,CXCL14,iCAF,0.0467946778692443,False
Fibroblast,CXCL14,IL6+ iCAF,0.045539520607668,False
Fibroblast,CXCL14,Pl16+ iCAF,0.062280921896424,False
Fibroblast,CXCL14,myoCAF,0.0297637437695506,False
Fibroblast,CXCL14,pnCAF,0.041734867624751,False
Fibroblast,CXCL14,vCAF,0.0401796605914989,False
Fibroblast,CXCL14,mCAF,0.0477514059958437,False
Fibroblast,CXCL14,cyc mCAF,0.0267053035433771,False
Fibroblast,CXCL14,CXCL14+ mCAF,0.0633655671918345,True
Fibroblast,CXCL14,ISG15 + mCAF,0.0163423526407728,False
Fibroblast,CXCL14,tCAF,0.0191678172493728,False
Fibroblast,CXCL14,HSP+ tCAF,0.0475433850801166,False
Fibroblast,ISG15,apCAF,0.04452279522833305,False
Fibroblast,ISG15,iCAF,0.0042260038622481,False
Fibroblast,ISG15,IL6+ iCAF,0.01420120275729015,False
Fibroblast,ISG15,Pl16+ iCAF,0.016715979571578297,False
Fibroblast,ISG15,myoCAF,0.0466580187529904,False
Fibroblast,ISG15,pnCAF,0.01094435249673135,False
Fibroblast,ISG15,vCAF,0.03350126284792105,False
Fibroblast,ISG15,mCAF,0.03688309081420805,False
Fibroblast,ISG15,cyc mCAF,0.0538224471690608,False
Fibroblast,ISG15,CXCL14+ mCAF,0.052276169057681246,False
Fibroblast,ISG15,ISG15 + mCAF,0.0936248853234013,True
Fibroblast,ISG15,tCAF,0.06698397377863155,False
Fibroblast,ISG15,HSP+ tCAF,0.030839892966492297,False
Fibroblast,NDRG1,apCAF,-0.0703020821802536,False
Fibroblast,NDRG1,iCAF,-0.08052275898215425,False
Fibroblast,NDRG1,IL6+ iCAF,-0.0740019265246505,False
Fibroblast,NDRG1,Pl16+ iCAF,-0.07046395463298194,False
Fibroblast,NDRG1,myoCAF,-0.060690126609214995,False
Fibroblast,NDRG1,pnCAF,-0.057821186437701455,False
Fibroblast,NDRG1,vCAF,-0.0684936733280573,False
Fibroblast,NDRG1,mCAF,-0.06313658058355251,False
Fibroblast,NDRG1,cyc mCAF,-0.02389402661529455,False
Fibroblast,NDRG1,CXCL14+ mCAF,-0.0444399484282757,False
Fibroblast,NDRG1,ISG15 + mCAF,-0.04734275014401735,False
Fibroblast,NDRG1,tCAF,-0.01136514784053705,True
Fibroblast,NDRG1,HSP+ tCAF,-0.0564981093884529,False
Fibroblast,PDPN,apCAF,0.142667953053837,False
Fibroblast,PDPN,iCAF,0.0744990576970911,False
Fibroblast,PDPN,IL6+ iCAF,0.103147814763111,False
Fibroblast,PDPN,Pl16+ iCAF,0.121127962550605,False
Fibroblast,PDPN,myoCAF,0.0747215939417304,False
Fibroblast,PDPN,pnCAF,0.0901097690173939,False
Fibroblast,PDPN,vCAF,0.0799028562110373,False
Fibroblast,PDPN,mCAF,0.152057038106042,False
Fibroblast,PDPN,cyc mCAF,0.106650556957461,False
Fibroblast,PDPN,CXCL14+ mCAF,0.107962826047121,False
Fibroblast,PDPN,ISG15 + mCAF,0.135476994976795,False
Fibroblast,PDPN,tCAF,0.144310475175497,False
Fibroblast,PDPN,HSP+ tCAF,0.132455531480534,True
Endothelial,GJA5,Arterial EC,0.210771407176882,True
Endothelial,GJA5,Capillary EC,0.1254813086945315,False
Endothelial,GJA5,Venous EC,0.12120632205418999,False
Endothelial,GJA5,Venous iEC,0.1074750025712535,False
Endothelial,GJA5,Lymphatic EC,0.0983069382355754,False
Endothelial,GJA5,Tip EC,0.11748047889524199,False
Endothelial,GJA5,PGF+ Tip EC,0.106709050423558,False
Endothelial,GJA5,Fibrosis PGF+ TipEC,0.15606385492636698,False
Endothelial,GJA5,TMEM100+ EC,0.07533343971461195,False
Endothelial,GJA5,SPRY1+ EC,0.119290785723428,False
Endothelial,GJA5,HMOX1+ iEC,0.08769620466161404,False
Endothelial,GJA5,CCL2+ iEC,0.06197468629448695,False
Endothelial,GJA5,CD14+ EC,0.09640491029999884,False
Endothelial,GJA5,HMGB2+ cycEC,0.09494829478547695,False
Endothelial,RGCC,Arterial EC,0.07275529910684395,False
Endothelial,RGCC,Capillary EC,0.1047893048007795,True
Endothelial,RGCC,Venous EC,0.0765184887189401,False
Endothelial,RGCC,Venous iEC,0.06669448158788215,False
Endothelial,RGCC,Lymphatic EC,0.07076505603398855,False
Endothelial,RGCC,Tip EC,0.12851268688401601,False
Endothelial,RGCC,PGF+ Tip EC,0.118030284794522,False
Endothelial,RGCC,Fibrosis PGF+ TipEC,0.10616557018388201,False
Endothelial,RGCC,TMEM100+ EC,0.08360181335747979,False
Endothelial,RGCC,SPRY1+ EC,0.0956771660873881,False
Endothelial,RGCC,HMOX1+ iEC,0.09585734775895115,False
Endothelial,RGCC,CCL2+ iEC,0.08739270760753096,False
Endothelial,RGCC,CD14+ EC,0.08354231447133526,False
Endothelial,RGCC,HMGB2+ cycEC,0.1027822263623375,False
Endothelial,CLU,Arterial EC,0.03286638902228365,False
Endothelial,CLU,Capillary EC,0.026610274383192703,False
Endothelial,CLU,Venous EC,0.043368116514648794,True
Endothelial,CLU,Venous iEC,0.040842732252378694,False
Endothelial,CLU,Lymphatic EC,0.03590048604932835,False
Endothelial,CLU,Tip EC,-0.00486352803080755,False
Endothelial,CLU,PGF+ Tip EC,-0.01883345437385195,False
Endothelial,CLU,Fibrosis PGF+ TipEC,0.01743243268275085,False
Endothelial,CLU,TMEM100+ EC,0.0039701785904101995,False
Endothelial,CLU,SPRY1+ EC,0.042155425815955994,False
Endothelial,CLU,HMOX1+ iEC,0.00033026131225285,False
Endothelial,CLU,CCL2+ iEC,-0.020461916608276,False
Endothelial,CLU,CD14+ EC,0.01397605218609805,False
Endothelial,CLU,HMGB2+ cycEC,-0.0138320912474728,False
Endothelial,SELE,Arterial EC,0.06768679995254376,False
Endothelial,SELE,Capillary EC,0.08721952633260625,False
Endothelial,SELE,Venous EC,0.08667335807015475,False
Endothelial,SELE,Venous iEC,0.1016346921008615,True
Endothelial,SELE,Lymphatic EC,0.0637043839147438,False
Endothelial,SELE,Tip EC,0.07577457608776565,False
Endothelial,SELE,PGF+ Tip EC,0.0652126257166939,False
Endothelial,SELE,Fibrosis PGF+ TipEC,0.09039162387967964,False
Endothelial,SELE,TMEM100+ EC,0.05808920227296255,False
Endothelial,SELE,SPRY1+ EC,0.08007383502911006,False
Endothelial,SELE,HMOX1+ iEC,0.08609794398382715,False
Endothelial,SELE,CCL2+ iEC,0.0735022215368973,False
Endothelial,SELE,CD14+ EC,0.06723517662299115,False
Endothelial,SELE,HMGB2+ cycEC,0.0770993146437707,False
Endothelial,PDPN,Arterial EC,0.052322128669477,False
Endothelial,PDPN,Capillary EC,0.0880279940302423,False
Endothelial,PDPN,Venous EC,0.070359278703269,False
Endothelial,PDPN,Venous iEC,0.0649750137558084,False
Endothelial,PDPN,Lymphatic EC,0.107890905030443,True
Endothelial,PDPN,Tip EC,0.0671736971226549,False
Endothelial,PDPN,PGF+ Tip EC,0.0837620569209599,False
Endothelial,PDPN,Fibrosis PGF+ TipEC,0.0370934057450847,False
Endothelial,PDPN,TMEM100+ EC,0.062115410634889,False
Endothelial,PDPN,SPRY1+ EC,0.0771778421958863,False
Endothelial,PDPN,HMOX1+ iEC,0.0838508359444182,False
Endothelial,PDPN,CCL2+ iEC,0.0541427854626128,False
Endothelial,PDPN,CD14+ EC,0.0734365788640639,False
Endothelial,PDPN,HMGB2+ cycEC,0.0698340253225268,False
Endothelial,KDR,Arterial EC,0.119786941962439,False
Endothelial,KDR,Capillary EC,0.128277506783069,False
Endothelial,KDR,Venous EC,0.1002631350448651,False
Endothelial,KDR,Venous iEC,0.09456559141936349,False
Endothelial,KDR,Lymphatic EC,0.09573418048978916,False
Endothelial,KDR,Tip EC,0.1648863393073165,True
Endothelial,KDR,PGF+ Tip EC,0.14156146709475248,False
Endothelial,KDR,Fibrosis PGF+ TipEC,0.16144030311749952,False
Endothelial,KDR,TMEM100+ EC,0.08334809125509729,False
Endothelial,KDR,SPRY1+ EC,0.117328502843333,False
Endothelial,KDR,HMOX1+ iEC,0.1141613389598015,False
Endothelial,KDR,CCL2+ iEC,0.0837650621991736,False
Endothelial,KDR,CD14+ EC,0.09895974095741535,False
Endothelial,KDR,HMGB2+ cycEC,0.133056248692604,False
Endothelial,COL4A1,Arterial EC,0.268565567790362,False
Endothelial,COL4A1,Capillary EC,0.2939422548300205,False
Endothelial,COL4A1,Venous EC,0.24434217273606001,False
Endothelial,COL4A1,Venous iEC,0.218735793716137,False
Endothelial,COL4A1,Lymphatic EC,0.246158197890661,False
Endothelial,COL4A1,Tip EC,0.345224689112254,False
Endothelial,COL4A1,PGF+ Tip EC,0.3511954977673615,True
Endothelial,COL4A1,Fibrosis PGF+ TipEC,0.304429322499563,False
Endothelial,COL4A1,TMEM100+ EC,0.189897172730359,False
Endothelial,COL4A1,SPRY1+ EC,0.26858922444197997,False
Endothelial,COL4A1,HMOX1+ iEC,0.2537615115870495,False
Endothelial,COL4A1,CCL2+ iEC,0.19578962174992248,False
Endothelial,COL4A1,CD14+ EC,0.224711006118557,False
Endothelial,COL4A1,HMGB2+ cycEC,0.318662591943182,False
Endothelial,NOTCH3,Arterial EC,0.1738304087406995,False
Endothelial,NOTCH3,Capillary EC,0.1509266311666495,False
Endothelial,NOTCH3,Venous EC,0.1285390736920315,False
Endothelial,NOTCH3,Venous iEC,0.1258373352876645,False
Endothelial,NOTCH3,Lymphatic EC,0.106062793493381,False
Endothelial,NOTCH3,Tip EC,0.150453975816677,False
Endothelial,NOTCH3,PGF+ Tip EC,0.1439769668722765,False
Endothelial,NOTCH3,Fibrosis PGF+ TipEC,0.1811358731685635,True
Endothelial,NOTCH3,TMEM100+ EC,0.0797213276308964,False
Endothelial,NOTCH3,SPRY1+ EC,0.1384571293243205,False
Endothelial,NOTCH3,HMOX1+ iEC,0.11724853933774901,False
Endothelial,NOTCH3,CCL2+ iEC,0.0850261960995308,False
Endothelial,NOTCH3,CD14+ EC,0.1074730278099965,False
Endothelial,NOTCH3,HMGB2+ cycEC,0.13496533306534603,False
Endothelial,TMEM100,Arterial EC,0.0447753441866182,False
Endothelial,TMEM100,Capillary EC,0.0419998387558262,False
Endothelial,TMEM100,Venous EC,0.0382643750348078,False
Endothelial,TMEM100,Venous iEC,0.0334335196516838,False
Endothelial,TMEM100,Lymphatic EC,0.0343213993108663,False
Endothelial,TMEM100,Tip EC,0.0350830469880142,False
Endothelial,TMEM100,PGF+ Tip EC,0.0222276189469044,False
Endothelial,TMEM100,Fibrosis PGF+ TipEC,0.0399904425303224,False
Endothelial,TMEM100,TMEM100+ EC,0.0340904568594978,True
Endothelial,TMEM100,SPRY1+ EC,0.0428604303101899,False
Endothelial,TMEM100,HMOX1+ iEC,0.0206367716019539,False
Endothelial,TMEM100,CCL2+ iEC,0.0213362927474636,False
Endothelial,TMEM100,CD14+ EC,0.0367585432235384,False
Endothelial,TMEM100,HMGB2+ cycEC,0.0210128089701715,False
Endothelial,SPRY1,Arterial EC,0.1093292313045395,False
Endothelial,SPRY1,Capillary EC,0.13309153297313248,False
Endothelial,SPRY1,Venous EC,0.112234630149412,False
Endothelial,SPRY1,Venous iEC,0.117074165316066,False
Endothelial,SPRY1,Lymphatic EC,0.09852859004973974,False
Endothelial,SPRY1,Tip EC,0.146002969224152,False
Endothelial,SPRY1,PGF+ Tip EC,0.132318653110556,False
Endothelial,SPRY1,Fibrosis PGF+ TipEC,0.14235729531650398,False
Endothelial,SPRY1,TMEM100+ EC,0.09559141269736651,False
Endothelial,SPRY1,SPRY1+ EC,0.12694398958255199,True
Endothelial,SPRY1,HMOX1+ iEC,0.1129904202820235,False
Endothelial,SPRY1,CCL2+ iEC,0.10167864381320099,False
Endothelial,SPRY1,CD14+ EC,0.105414057245003,False
Endothelial,SPRY1,HMGB2+ cycEC,0.1156248886918245,False
Endothelial,HMOX1,Arterial EC,0.0121830233267484,False
Endothelial,HMOX1,Capillary EC,0.04686099064995095,False
Endothelial,HMOX1,Venous EC,0.0264101764079341,False
Endothelial,HMOX1,Venous iEC,0.029297487945808,False
Endothelial,HMOX1,Lymphatic EC,0.03242156581247975,False
Endothelial,HMOX1,Tip EC,0.033519212791980196,False
Endothelial,HMOX1,PGF+ Tip EC,0.0441332573040678,False
Endothelial,HMOX1,Fibrosis PGF+ TipEC,0.014984425241933951,False
Endothelial,HMOX1,TMEM100+ EC,0.051024395288444754,False
Endothelial,HMOX1,SPRY1+ EC,0.043086892185377396,False
Endothelial,HMOX1,HMOX1+ iEC,0.09481646936908014,True
Endothelial,HMOX1,CCL2+ iEC,0.0739777557824422,False
Endothelial,HMOX1,CD14+ EC,0.05536745411329335,False
Endothelial,HMOX1,HMGB2+ cycEC,0.0366341633661705,False
Endothelial,CCL2,Arterial EC,0.101709812238256,False
Endothelial,CCL2,Capillary EC,0.129798404233037,False
Endothelial,CCL2,Venous EC,0.118170753988586,False
Endothelial,CCL2,Venous iEC,0.120791586321481,False
Endothelial,CCL2,Lymphatic EC,0.125523383303169,False
Endothelial,CCL2,Tip EC,0.115397522344424,False
Endothelial,CCL2,PGF+ Tip EC,0.115359182968435,False
Endothelial,CCL2,Fibrosis PGF+ TipEC,0.0860105995801685,False
Endothelial,CCL2,TMEM100+ EC,0.114342987816805,False
Endothelial,CCL2,SPRY1+ EC,0.112455070245284,False
Endothelial,CCL2,HMOX1+ iEC,0.112975585648024,False
Endothelial,CCL2,CCL2+ iEC,0.122393276418552,True
Endothelial,CCL2,CD14+ EC,0.12971410470796,False
Endothelial,CCL2,HMGB2+ cycEC,0.104611401545979,False
Endothelial,FCN3,Arterial EC,0.03237438939493195,False
Endothelial,FCN3,Capillary EC,0.0376384108236014,False
Endothelial,FCN3,Venous EC,0.02239647763085405,False
Endothelial,FCN3,Venous iEC,0.02070878547153015,False
Endothelial,FCN3,Lymphatic EC,0.0210202694593849,False
Endothelial,FCN3,Tip EC,0.0585800539059599,False
Endothelial,FCN3,PGF+ Tip EC,0.04574721605297885,False
Endothelial,FCN3,Fibrosis PGF+ TipEC,0.05338727731795065,False
Endothelial,FCN3,TMEM100+ EC,0.03016582472814515,False
Endothelial,FCN3,SPRY1+ EC,0.034509552372114005,False
Endothelial,FCN3,HMOX1+ iEC,0.03152891788564305,False
Endothelial,FCN3,CCL2+ iEC,0.0225218250110573,False
Endothelial,FCN3,CD14+ EC,0.051819892612212204,True
Endothelial,FCN3,HMGB2+ cycEC,0.0469212501273834,False
Endothelial,TOP2A,Arterial EC,-0.0713815885288909,False
Endothelial,TOP2A,Capillary EC,-0.0811597783602912,False
Endothelial,TOP2A,Venous EC,-0.09189172333652701,False
Endothelial,TOP2A,Venous iEC,-0.07878462915675175,False
Endothelial,TOP2A,Lymphatic EC,-0.07335896664028005,False
Endothelial,TOP2A,Tip EC,-0.04739823178045725,False
Endothelial,TOP2A,PGF+ Tip EC,-0.04532187096215255,False
Endothelial,TOP2A,Fibrosis PGF+ TipEC,-0.054202471283018,False
Endothelial,TOP2A,TMEM100+ EC,-0.08373927321360825,False
Endothelial,TOP2A,SPRY1+ EC,-0.0883657926056316,False
Endothelial,TOP2A,HMOX1+ iEC,-0.03988272128159665,False
Endothelial,TOP2A,CCL2+ iEC,-0.07661321093269995,False
Endothelial,TOP2A,CD14+ EC,-0.094714434514507,False
Endothelial,TOP2A,HMGB2+ cycEC,-0.012614619632982198,True
Epithelial,TOP2A,Epi_Cycle,0.237411278418966,True
Epithelial,TOP2A,Epi_Luminal,0.0505096357804008,False
Epithelial,TOP2A,Epi_Hormonal,-0.0291432557383819,False
Epithelial,TOP2A,Epi_Xenobiotic,-0.06667714056321986,False
Epithelial,TOP2A,Epi_TNFinfla,-0.0264908327722918,False
Epithelial,TOP2A,Epi_Interferon,-0.017808799204343,False
Epithelial,TOP2A,Epi_Glandular,-0.0575347851266686,False
Epithelial,TOP2A,Epi_Squamous,-0.052660242395131,False
Epithelial,TOP2A,Epi_Hypox-Stress,0.016612735507906,False
Epithelial,TOP2A,Epi_cEMT,-0.023101017415719002,False
Epithelial,TOP2A,Epi_ER-Stress,-0.07161313040169705,False
Epithelial,TOP2A,Epi_Basal,-0.06689879575488125,False
Epithelial,TOP2A,Epi_Hypox-Adapt,-0.08464100502089515,False
Epithelial,TOP2A,Epi_Ciliated,-0.0642818836040267,False
Epithelial,TOP2A,Epi_Oxphos-Ion,-0.0569396051559338,False
Epithelial,TOP2A,Epi_Oxphos-Metal,-0.06778636025729509,False
Epithelial,ESR1,Epi_Cycle,-0.0113821486215037,False
Epithelial,ESR1,Epi_Luminal,0.0061933014067027,True
Epithelial,ESR1,Epi_Hormonal,0.0099626215169387,False
Epithelial,ESR1,Epi_Xenobiotic,0.0046691061531932,False
Epithelial,ESR1,Epi_TNFinfla,0.0039727856334925,False
Epithelial,ESR1,Epi_Interferon,-0.0001504470621904,False
Epithelial,ESR1,Epi_Glandular,-0.0057834640070371,False
Epithelial,ESR1,Epi_Squamous,-0.0022681722981328,False
Epithelial,ESR1,Epi_Hypox-Stress,0.004931253974562,False
Epithelial,ESR1,Epi_cEMT,0.0101921069922492,False
Epithelial,ESR1,Epi_ER-Stress,0.0099180203783375,False
Epithelial,ESR1,Epi_Basal,0.0056220068961204,False
Epithelial,ESR1,Epi_Hypox-Adapt,0.0079643034076533,False
Epithelial,ESR1,Epi_Ciliated,0.012239847278569,False
Epithelial,ESR1,Epi_Oxphos-Ion,0.0068821186014144,False
Epithelial,ESR1,Epi_Oxphos-Metal,0.00181114424179,False
Epithelial,MLPH,Epi_Cycle,0.013627347767664801,False
Epithelial,MLPH,Epi_Luminal,0.03557001378482185,False
Epithelial,MLPH,Epi_Hormonal,0.08481073719197535,True
Epithelial,MLPH,Epi_Xenobiotic,0.03910686147733615,False
Epithelial,MLPH,Epi_TNFinfla,0.02390946026469265,False
Epithelial,MLPH,Epi_Interferon,0.0109479065092204,False
Epithelial,MLPH,Epi_Glandular,0.047009917430139395,False
Epithelial,MLPH,Epi_Squamous,0.0039455740972763,False
Epithelial,MLPH,Epi_Hypox-Stress,0.0647479523519413,False
Epithelial,MLPH,Epi_cEMT,0.047004215379172,False
Epithelial,MLPH,Epi_ER-Stress,0.040538425558694,False
Epithelial,MLPH,Epi_Basal,-0.0088820053890027,False
Epithelial,MLPH,Epi_Hypox-Adapt,6.842808536904998e-05,False
Epithelial,MLPH,Epi_Ciliated,0.014351145324186049,False
Epithelial,MLPH,Epi_Oxphos-Ion,0.02524023146753055,False
Epithelial,MLPH,Epi_Oxphos-Metal,-0.0005130025930118,False
Epithelial,AKR1C2,Epi_Cycle,0.004043389647521101,False
Epithelial,AKR1C2,Epi_Luminal,0.0016112234403197999,False
Epithelial,AKR1C2,Epi_Hormonal,-0.0066876771184695,False
Epithelial,AKR1C2,Epi_Xenobiotic,0.00085173857697005,True
Epithelial,AKR1C2,Epi_TNFinfla,-0.0041629584315088005,False
Epithelial,AKR1C2,Epi_Interferon,-0.0017441561279849,False
Epithelial,AKR1C2,Epi_Glandular,0.00727256875309115,False
Epithelial,AKR1C2,Epi_Squamous,0.01601543779142825,False
Epithelial,AKR1C2,Epi_Hypox-Stress,0.001916373134323,False
Epithelial,AKR1C2,Epi_cEMT,-0.004671473345323749,False
Epithelial,AKR1C2,Epi_ER-Stress,-0.0041287727807509,False
Epithelial,AKR1C2,Epi_Basal,0.00812651770584515,False
Epithelial,AKR1C2,Epi_Hypox-Adapt,0.0045292373446468494,False
Epithelial,AKR1C2,Epi_Ciliated,-0.00198713631025125,False
Epithelial,AKR1C2,Epi_Oxphos-Ion,0.00643041412857185,False
Epithelial,AKR1C2,Epi_Oxphos-Metal,0.011615420415496451,False
Epithelial,TNFRSF12A,Epi_Cycle,0.06406265329564664,False
Epithelial,TNFRSF12A,Epi_Luminal,0.00085488531454672,False
Epithelial,TNFRSF12A,Epi_Hormonal,-0.046403986421646906,False
Epithelial,TNFRSF12A,Epi_Xenobiotic,-0.02031497541297875,False
Epithelial,TNFRSF12A,Epi_TNFinfla,0.0755345371074988,True
Epithelial,TNFRSF12A,Epi_Interferon,0.07400198465522045,False
Epithelial,TNFRSF12A,Epi_Glandular,0.0462931105208449,False
Epithelial,TNFRSF12A,Epi_Squamous,0.03946585136871365,False
Epithelial,TNFRSF12A,Epi_Hypox-Stress,0.0195216133910586,False
Epithelial,TNFRSF12A,Epi_cEMT,-0.01139095084987585,False
Epithelial,TNFRSF12A,Epi_ER-Stress,-0.030942371924035948,False
Epithelial,TNFRSF12A,Epi_Basal,0.03286846276237575,False
Epithelial,TNFRSF12A,Epi_Hypox-Adapt,-0.018594132392408348,False
Epithelial,TNFRSF12A,Epi_Ciliated,-0.025749457586891553,False
Epithelial,TNFRSF12A,Epi_Oxphos-Ion,-0.03418455727308655,False
Epithelial,TNFRSF12A,Epi_Oxphos-Metal,-0.043300779997333796,False
Epithelial,IFIT3,Epi_Cycle,-0.007700379769046299,False
Epithelial,IFIT3,Epi_Luminal,-0.01610029347725605,False
Epithelial,IFIT3,Epi_Hormonal,-0.044961694844134995,False
Epithelial,IFIT3,Epi_Xenobiotic,-0.00258302693421365,False
Epithelial,IFIT3,Epi_TNFinfla,0.0072057395004284,False
Epithelial,IFIT3,Epi_Interferon,0.0605962362557092,True
Epithelial,IFIT3,Epi_Glandular,0.009883850505254851,False
Epithelial,IFIT3,Epi_Squamous,0.02561552883436065,False
Epithelial,IFIT3,Epi_Hypox-Stress,-0.02674082905364315,False
Epithelial,IFIT3,Epi_cEMT,-0.025102795520307197,False
Epithelial,IFIT3,Epi_ER-Stress,-0.014462079678323799,False
Epithelial,IFIT3,Epi_Basal,0.0202510833368932,False
Epithelial,IFIT3,Epi_Hypox-Adapt,0.01927755093984025,False
Epithelial,IFIT3,Epi_Ciliated,0.0038129984846168,False
Epithelial,IFIT3,Epi_Oxphos-Ion,-0.009086058159259749,False
Epithelial,IFIT3,Epi_Oxphos-Metal,0.0079127511453519,False
Epithelial,ELF3,Epi_Cycle,0.04516004574831925,False
Epithelial,ELF3,Epi_Luminal,0.028683739780803602,False
Epithelial,ELF3,Epi_Hormonal,0.0727822676327713,False
Epithelial,ELF3,Epi_Xenobiotic,0.0584031156703985,False
Epithelial,ELF3,Epi_TNFinfla,0.0740257856486202,False
Epithelial,ELF3,Epi_Interferon,0.0487892253833608,False
Epithelial,ELF3,Epi_Glandular,0.1677049510935695,True
Epithelial,ELF3,Epi_Squamous,0.06843462093002325,False
Epithelial,ELF3,Epi_Hypox-Stress,0.08486317951018921,False
Epithelial,ELF3,Epi_cEMT,0.0534913680282213,False
Epithelial,ELF3,Epi_ER-Stress,0.0175632718649171,False
Epithelial,ELF3,Epi_Basal,-0.0835547674629285,False
Epithelial,ELF3,Epi_Hypox-Adapt,-0.06125641041544355,False
Epithelial,ELF3,Epi_Ciliated,0.00630861673990315,False
Epithelial,ELF3,Epi_Oxphos-Ion,0.00845592267238565,False
Epithelial,ELF3,Epi_Oxphos-Metal,-0.08279898555498916,False
Epithelial,CSTA,Epi_Cycle,-0.010279786879413,False
Epithelial,CSTA,Epi_Luminal,-0.0185948954771189,False
Epithelial,CSTA,Epi_Hormonal,-0.0325035692686525,False
Epithelial,CSTA,Epi_Xenobiotic,-0.0002013739374176,False
Epithelial,CSTA,Epi_TNFinfla,0.0095147695916598,False
Epithelial,CSTA,Epi_Interferon,0.020629157618302252,False
Epithelial,CSTA,Epi_Glandular,0.013530780344647601,False
Epithelial,CSTA,Epi_Squamous,0.0661433365308632,True
Epithelial,CSTA,Epi_Hypox-Stress,-0.0240158806312783,False
Epithelial,CSTA,Epi_cEMT,-0.02738320894448945,False
Epithelial,CSTA,Epi_ER-Stress,-0.010380804450669651,False
Epithelial,CSTA,Epi_Basal,0.00970539930601315,False
Epithelial,CSTA,Epi_Hypox-Adapt,0.0138863700120668,False
Epithelial,CSTA,Epi_Ciliated,0.00027998017581435,False
Epithelial,CSTA,Epi_Oxphos-Ion,-0.00849859850878555,False
Epithelial,CSTA,Epi_Oxphos-Metal,-0.00113987891993225,False
Epithelial,NUPR1,Epi_Cycle,-0.0271559136926929,False
Epithelial,NUPR1,Epi_Luminal,0.030352184743070047,False
Epithelial,NUPR1,Epi_Hormonal,0.01790831046134335,False
Epithelial,NUPR1,Epi_Xenobiotic,0.036529106675949594,False
Epithelial,NUPR1,Epi_TNFinfla,0.0309729780142958,False
Epithelial,NUPR1,Epi_Interferon,0.02525930881732965,False
Epithelial,NUPR1,Epi_Glandular,0.032917477049481655,False
Epithelial,NUPR1,Epi_Squamous,0.04549754205505735,False
Epithelial,NUPR1,Epi_Hypox-Stress,0.06906132621966035,True
Epithelial,NUPR1,Epi_cEMT,0.02334217384198305,False
Epithelial,NUPR1,Epi_ER-Stress,0.00567944019303565,False
Epithelial,NUPR1,Epi_Basal,0.017546212574504297,False
Epithelial,NUPR1,Epi_Hypox-Adapt,0.02268738910195845,False
Epithelial,NUPR1,Epi_Ciliated,-0.019202971113343847,False
Epithelial,NUPR1,Epi_Oxphos-Ion,0.0176538943172697,False
Epithelial,NUPR1,Epi_Oxphos-Metal,0.02358590496119095,False
Epithelial,MARCKSL1,Epi_Cycle,0.08959682236574565,False
Epithelial,MARCKSL1,Epi_Luminal,0.0426472889375861,False
Epithelial,MARCKSL1,Epi_Hormonal,0.0493282207193797,False
Epithelial,MARCKSL1,Epi_Xenobiotic,-0.043581985113521446,False
Epithelial,MARCKSL1,Epi_TNFinfla,-0.00286434525526,False
Epithelial,MARCKSL1,Epi_Interferon,-0.010198085975692751,False
Epithelial,MARCKSL1,Epi_Glandular,-0.0113440171915136,False
Epithelial,MARCKSL1,Epi_Squamous,-0.02377884860845765,False
Epithelial,MARCKSL1,Epi_Hypox-Stress,0.05317085142008425,False
Epithelial,MARCKSL1,Epi_cEMT,0.03549828947644755,True
Epithelial,MARCKSL1,Epi_ER-Stress,-0.00987787367983355,False
Epithelial,MARCKSL1,Epi_Basal,-0.044235595436311295,False
Epithelial,MARCKSL1,Epi_Hypox-Adapt,-0.09675387287977585,False
Epithelial,MARCKSL1,Epi_Ciliated,-0.0275896695184681,False
Epithelial,MARCKSL1,Epi_Oxphos-Ion,-0.0218003117206159,False
Epithelial,MARCKSL1,Epi_Oxphos-Metal,-0.0654004273897594,False
Epithelial,CLU,Epi_Cycle,-0.05530066424619705,False
Epithelial,CLU,Epi_Luminal,0.03175623015098885,False
Epithelial,CLU,Epi_Hormonal,0.08382658778991715,False
Epithelial,CLU,Epi_Xenobiotic,0.09869832475811141,False
Epithelial,CLU,Epi_TNFinfla,0.06626112280100255,False
Epithelial,CLU,Epi_Interferon,0.0191100568851518,False
Epithelial,CLU,Epi_Glandular,0.02672244417555205,False
Epithelial,CLU,Epi_Squamous,-0.01199748120146325,False
Epithelial,CLU,Epi_Hypox-Stress,0.0741266397195497,False
Epithelial,CLU,Epi_cEMT,0.117852198404228,False
Epithelial,CLU,Epi_ER-Stress,0.07074470468073546,True
Epithelial,CLU,Epi_Basal,-0.00524729022466315,False
Epithelial,CLU,Epi_Hypox-Adapt,0.0595267116781249,False
Epithelial,CLU,Epi_Ciliated,0.039544089402077806,False
Epithelial,CLU,Epi_Oxphos-Ion,0.032148825411745005,False
Epithelial,CLU,Epi_Oxphos-Metal,0.01469972589512765,False
Epithelial,CALD1,Epi_Cycle,-0.0470131009011773,False
Epithelial,CALD1,Epi_Luminal,-0.026598751233294853,False
Epithelial,CALD1,Epi_Hormonal,-0.05196251181142855,False
Epithelial,CALD1,Epi_Xenobiotic,0.006186111521503,False
Epithelial,CALD1,Epi_TNFinfla,-0.0047123399577577,False
Epithelial,CALD1,Epi_Interferon,0.02114922799607445,False
Epithelial,CALD1,Epi_Glandular,-0.0446155554094759,False
Epithelial,CALD1,Epi_Squamous,-0.0002825872571169,False
Epithelial,CALD1,Epi_Hypox-Stress,-0.03551088838712945,False
Epithelial,CALD1,Epi_cEMT,-0.00986316473343825,False
Epithelial,CALD1,Epi_ER-Stress,0.01002477318991755,False
Epithelial,CALD1,Epi_Basal,0.18749739767114398,True
Epithelial,CALD1,Epi_Hypox-Adapt,0.09484134059826575,False
Epithelial,CALD1,Epi_Ciliated,0.0382928318187217,False
Epithelial,CALD1,Epi_Oxphos-Ion,0.0018084679641585,False
Epithelial,CALD1,Epi_Oxphos-Metal,0.0331219046619866,False
Epithelial,NDUFA4L2,Epi_Cycle,-0.0234951688247843,False
Epithelial,NDUFA4L2,Epi_Luminal,-0.0007292809613277001,False
Epithelial,NDUFA4L2,Epi_Hormonal,-0.02562687352818655,False
Epithelial,NDUFA4L2,Epi_Xenobiotic,0.0036404367423001002,False
Epithelial,NDUFA4L2,Epi_TNFinfla,0.00832983159301015,False
Epithelial,NDUFA4L2,Epi_Interferon,0.00739600435646315,False
Epithelial,NDUFA4L2,Epi_Glandular,-0.00040229798039045,False
Epithelial,NDUFA4L2,Epi_Squamous,0.02659269439755605,False
Epithelial,NDUFA4L2,Epi_Hypox-Stress,-0.001637375474182,False
Epithelial,NDUFA4L2,Epi_cEMT,-0.00129765479246495,False
Epithelial,NDUFA4L2,Epi_ER-Stress,0.00665136797011875,False
Epithelial,NDUFA4L2,Epi_Basal,0.034869103124349946,False
Epithelial,NDUFA4L2,Epi_Hypox-Adapt,0.08543858511262051,True
Epithelial,NDUFA4L2,Epi_Ciliated,0.014963752532438049,False
Epithelial,NDUFA4L2,Epi_Oxphos-Ion,0.026386245255518803,False
Epithelial,NDUFA4L2,Epi_Oxphos-Metal,0.0471761422788966,False
Epithelial,TPPP3,Epi_Cycle,0.0008471941579127001,False
Epithelial,TPPP3,Epi_Luminal,0.0164681811917877,False
Epithelial,TPPP3,Epi_Hormonal,-0.01402118793166805,False
Epithelial,TPPP3,Epi_Xenobiotic,0.00179469039789955,False
Epithelial,TPPP3,Epi_TNFinfla,0.0028296991741643502,False
Epithelial,TPPP3,Epi_Interferon,-0.00039063453982810003,False
Epithelial,TPPP3,Epi_Glandular,-0.008349782767858499,False
Epithelial,TPPP3,Epi_Squamous,0.010711405732455648,False
Epithelial,TPPP3,Epi_Hypox-Stress,-0.0079997329553018,False
Epithelial,TPPP3,Epi_cEMT,0.007297276144840751,False
Epithelial,TPPP3,Epi_ER-Stress,0.0059771730227605995,False
Epithelial,TPPP3,Epi_Basal,0.04086892469003105,False
Epithelial,TPPP3,Epi_Hypox-Adapt,0.0275701599425083,False
Epithelial,TPPP3,Epi_Ciliated,0.05837702479060445,True
Epithelial,TPPP3,Epi_Oxphos-Ion,0.02606479783942445,False
Epithelial,TPPP3,Epi_Oxphos-Metal,0.02291063974936795,False
Epithelial,SCIN,Epi_Cycle,0.0014451877542848,False
Epithelial,SCIN,Epi_Luminal,0.0113815984565447,False
Epithelial,SCIN,Epi_Hormonal,-9.80129651549976e-05,False
Epithelial,SCIN,Epi_Xenobiotic,0.0059869975600257,False
Epithelial,SCIN,Epi_TNFinfla,-0.0049882859473752,False
Epithelial,SCIN,Epi_Interferon,-0.0016351922396411,False
Epithelial,SCIN,Epi_Glandular,0.0064204642379792,False
Epithelial,SCIN,Epi_Squamous,0.0007021544021457,False
Epithelial,SCIN,Epi_Hypox-Stress,0.0012328718220598,False
Epithelial,SCIN,Epi_cEMT,0.0012837091783464,False
Epithelial,SCIN,Epi_ER-Stress,0.0049967781056674,False
Epithelial,SCIN,Epi_Basal,0.0109464788853402,False
Epithelial,SCIN,Epi_Hypox-Adapt,0.0158081114838417,False
Epithelial,SCIN,Epi_Ciliated,0.0186500280591158,False
Epithelial,SCIN,Epi_Oxphos-Ion,0.0472375629162435,True
Epithelial,SCIN,Epi_Oxphos-Metal,0.0201852339833714,False
Epithelial,GPX3,Epi_Cycle,-0.0915595049322768,False
Epithelial,GPX3,Epi_Luminal,0.024186794287097302,False
Epithelial,GPX3,Epi_Hormonal,0.0027820796548459997,False
Epithelial,GPX3,Epi_Xenobiotic,0.0655120501785133,False
Epithelial,GPX3,Epi_TNFinfla,0.01912530626476425,False
Epithelial,GPX3,Epi_Interferon,0.0063438076329354,False
Epithelial,GPX3,Epi_Glandular,0.0232874713881579,False
Epithelial,GPX3,Epi_Squamous,0.028865456078551947,False
Epithelial,GPX3,Epi_Hypox-Stress,0.00707749730093665,False
Epithelial,GPX3,Epi_cEMT,0.03254921733059405,False
Epithelial,GPX3,Epi_ER-Stress,0.07260819751469991,False
Epithelial,GPX3,Epi_Basal,0.06901905968224775,False
Epithelial,GPX3,Epi_Hypox-Adapt,0.156314093122404,False
Epithelial,GPX3,Epi_Ciliated,0.07967684170593176,False
Epithelial,GPX3,Epi_Oxphos-Ion,0.1006811581200324,False
Epithelial,GPX3,Epi_Oxphos-Metal,0.163057309387925,True
Mural,MYL9,SMC,0.408655645403757,True
Mural,MYL9,Pericyte,0.246586864206029,False
Mural,RGS5,SMC,0.227344937091971,False
Mural,RGS5,Pericyte,0.2402894785288645,True
