sample_id,Malignant,Boundary,Normal
01_034_C1d1,0.0,0.4375,0.397941529552997
01_034_C3d1,0.435820895522388,0.4375,0.3
01_039_C1d1,0.394366197183098,0.48051948051948,0.229681978798586
01_039_C3d1,0.35576923076923,0.326977904490377,0.288856033357098
1142243F,0.545893719806763,0.560344827586206,0.198945523270334
1160920F,0.326543599800126,0.467730451366815,0.28663097600997
A_955_OvarianTumor,0.440944881889763,0.444444444444444,0.283945549360838
A_GTFB1154_OvarianCancerTumor,0.0,0.416666666666666,0.296163907623135
Ajou_Visium_P1,0.489239509679809,0.656511752012807,0.335519118979121
Ajou_Visium_P2,0.396985566742659,0.496353643713998,0.136315352448776
Ajou_Visium_P4,0.609550561797752,0.423166368515205,0.297604581300624
B_GTFB1191_OvarianCancerTumor,0.486630846125249,0.430846640053226,0.236622765158745
CID4290,0.546052631578947,0.812121212121212,0.270273466371027
CID4465,0.36697247706422,0.416163265306122,0.260362972508591
CID44971,0.364583333333333,0.401268115942028,0.239884393063583
CID4535,0.378031104320915,0.469696969696969,0.276436638086517
C_GTFB1170_SmallCellOvarianCancer,0.261261261261261,0.478260869565217,0.23197058832817
Colon_10x_Visium_SampleP2_CRC,0.279698607927871,0.451926169552721,0.14183685935941
CytAssist_11mm_FFPE_Human_Lung_Cancer_230214,0.172185447587526,0.469404621352673,0.239911591494662
CytAssist_11mm_FFPE_Human_Ovarian_Carcinoma_220715,0.223490745545753,0.5578231292517,0.157019420275921
CytAssist_FFPE_Human_Lung_Squamous_Cell_Carcinoma_220714,0.333333333333333,0.514460421035799,0.368421052631578
CytAssist_Fresh_Frozen_Human_Breast_Cancer_230107,0.493884866977783,0.480391319207108,0.406015037593984
D_GTFB1170_SmallCellOvarianCancer,0.325619177206248,0.46875,0.217373283329343
D_GTFB_1230_OvarianTumor,0.0,0.743589743589743,0.221758871558672
E_MTAB_13530_P10_T1,0.348329550547178,0.479301951618147,0.392134115827305
E_MTAB_13530_P10_T2,0.451327433628318,0.458607135658133,0.21358495402262
E_MTAB_13530_P10_T3,0.569832402234636,0.0,0.170650343671479
E_MTAB_13530_P10_T4,0.397590361445783,0.475741063644289,0.206959033991844
E_MTAB_13530_P11_T1,0.466190814875025,0.44776119402985,0.350787841191067
E_MTAB_13530_P11_T2,0.894736842105263,0.468151574164232,0.319687366689012
E_MTAB_13530_P11_T3,0.0,0.446153846153846,0.330108860686331
E_MTAB_13530_P11_T4,0.5,0.0,0.316892405248239
E_MTAB_13530_P15_T1,0.509174311926605,0.424573665082471,0.39007044395907
E_MTAB_13530_P15_T2,0.571112515802781,0.426708855841241,0.371707691337523
E_MTAB_13530_P16_T1,0.622857142857142,0.375886524822695,0.21424123821384
E_MTAB_13530_P16_T2,0.434782608695652,0.31578947368421,0.205439256543829
E_MTAB_13530_P17_T1,0.474943222350012,0.507954586542285,0.451822711775504
E_MTAB_13530_P17_T2,0.519342432133129,0.496614267054698,0.350238677025728
E_MTAB_13530_P19_T1,0.445624014417661,0.525951382086119,0.419578793414172
E_MTAB_13530_P19_T2,0.493150604599885,0.527571796923624,0.702495201535508
E_MTAB_13530_P24_T1,0.333333333333333,0.0,0.219718825520637
E_MTAB_13530_P24_T2,0.473024948024948,0.475204918032786,0.267006197940341
E_MTAB_13530_P25_T1,0.372507374631268,0.459189378057302,0.410559454995871
E_MTAB_13530_P25_T2,0.262797117724124,0.552238805970149,0.26856110302139
GSE144239_GSM4565823,0.0,0.0,0.373345841150719
GSE144239_GSM4565825,0.526262733446519,0.529670691122978,0.143073830409356
GSE144239_GSM4565826,0.851851851851851,0.0,0.178619851258581
GSE251950_20_00331_LI_SING,0.375721273420659,0.489878542510121,0.242214532871972
GSE251950_21_00731_LI_SING,0.46062753508322,0.432840999206978,0.130651778539102
GSE251950_21_00732_LI_SING,0.186350341516196,0.490196078431372,0.139955962680548
GSE251950_21_00733_LI_SING,0.0,0.447698744769874,0.125536359634116
GSE251950_21_00734_LI_SING,0.382795338524209,0.394366197183098,0.281852968460111
GSE251950_21_01251_LI_SING,0.437665782493368,0.470219578307773,0.277925616617714
GSE251950_21_01253_LI_SING,0.390904723110024,0.414893617021276,0.279754300442651
GSE251950_21_01254_LI_SING,0.375,0.585253456221198,0.226581473313208
GSE251950_21_01675_LI_SING,0.3,0.472850122850122,0.191221041364018
GSM5494475_HNSCC201125T04,0.329411764705882,0.333333333333333,0.227701757668083
GSM5494476_HNSCC201125T05,0.329008789267841,0.617337627482555,0.367794466403162
GSM5494477_HNSCC201125T07,0.0,0.0,0.371208356499362
GSM5494478_HNSCC201125T10,0.0,0.45360824742268,0.321708726056552
GSM5494480_P210325T3,0.0,0.878787878787878,0.16221938348132
GSM5494481_P210325T5,0.0,0.526315789473684,0.236888143494066
GSM5494482_P210325T6,0.0,0.0,0.241935483870967
GSM5924030_ffpe_c_2,0.493431745606822,0.497095728635152,0.115825328196098
GSM5924031_ffpe_c_3,0.19110529377545,0.465771449170872,0.14359767176432
GSM5924032_ffpe_c_4,0.154378774805867,0.424158688591494,0.166502053460806
GSM5924033_ffpe_c_7,0.239167221371229,0.447205314039484,0.149908647990255
GSM5924034_ffpe_c_10,0.446601941747572,0.35,0.0861608581557017
GSM5924035_ffpe_c_20,0.42828815753344,0.461017511576343,0.158782532228188
GSM5924036_ffpe_c_21,0.450550525374469,0.545733407696597,0.104932241436647
GSM5924037_ffpe_c_34,0.221921215961292,0.448979591836734,0.142086783438751
GSM5924038_ffpe_c_36,0.396624472573839,0.452229299363057,0.0853600791319747
GSM5924039_ffpe_c_39,0.224981431020024,0.47805441333859,0.21551157732566
GSM5924040_ffpe_c_45,0.300109170305676,0.409909909909909,0.156247920860016
GSM5924041_ffpe_c_51,0.170886319351861,0.439607805987116,0.100807613561993
GSM5924042_frozen_a_1,0.53132240242381,0.0,0.173356946084218
GSM5924043_frozen_a_3,0.244670982886566,0.293478260869565,0.333333333333333
GSM5924044_frozen_a_15,0.424544852697782,0.42191575378195,0.299731767681575
GSM5924045_frozen_a_17,0.0,0.0,0.25483594111045
GSM5924046_frozen_b_1,0.40340909090909,0.544303797468354,0.179306376240682
GSM5924048_frozen_b_13,0.394049988940499,0.363661202185792,0.197645185343225
GSM5924049_frozen_b_18,0.415197443035364,0.590163934426229,0.280822862396567
GSM5924050_frozen_c_2,0.495327102803738,0.793103448275862,0.17812544760863
GSM5924051_frozen_c_5,0.362068965517241,0.421965317919075,0.191722964992677
GSM5924052_frozen_c_23,0.226190476190476,0.472135955831608,0.158203848210979
GSM6030901_patient_1,0.579545454545454,0.432624113475177,0.374316613389896
GSM6030902_patient_2,0.0,0.523076923076923,0.370837769424647
GSM6177599_NYU_BRCA0_Vis,0.376543209876543,0.356837333430822,0.261421506910987
GSM6177603_NYU_BRCA2_Vis,0.433566433566433,0.410714285714285,0.204587408585642
GSM6177607_NYU_GIST1_Vis,0.0,0.328189251409065,0.304461494742824
GSM6177612_NYU_LIHC1_Vis,0.241758241758241,1.0,0.71991674423415
GSM6177614_NYU_OVCA1_Vis,0.627118644067796,0.451234693187199,0.382551481494256
GSM6177617_NYU_OVCA3_Vis,0.522727272727272,0.44578313253012,0.486485551881389
GSM6177618_NYU_PDAC1_Vis,0.62,0.366786140979689,0.356445182090463
GSM6177623_NYU_UCEC3_Vis,0.567618370249949,0.341176470588235,0.344505412227784
GSM6339631_s1,1.0,1.0,0.274954083486388
GSM6339632_s2,0.493150684931506,0.520710059171597,0.209182302859976
GSM6339633_s3,0.368290128305839,0.8125,0.464285714285714
GSM6339634_s4,0.0,0.0,0.150236719180018
GSM6339635_s5,0.63076923076923,0.620967741935483,0.147368421052631
GSM6339636_s6,0.636363636363636,0.0,0.263996658312447
GSM6339640_s10,0.733333333333333,0.384615384615384,0.415851375426518
GSM6339641_s11,0.0,0.569767441860465,0.285031083177007
GSM6339642_s12,0.328767123287671,0.315217391304347,0.258406029729918
GSM6433585_092A,0.394745314476256,1.0,0.347064408286115
GSM6433586_092B,0.0,0.0,0.309399386028636
GSM6433587_093A,0.523567280989649,0.0,0.244403806170609
GSM6433588_093B,0.304924553058881,0.0,0.475
GSM6433589_093C,0.354016897039167,0.529494614747307,0.366222319347319
GSM6433590_093D,0.797685928303905,0.709677419354838,0.149608689962046
GSM6433592_094B,0.39647577092511,0.440677966101694,0.357301411863724
GSM6433593_094C,0.466789215686274,0.533783783783783,0.210767598696673
GSM6433594_094D,1.0,0.609756097560975,0.15129790788719
GSM6433595_095A,0.419876543209876,0.0,0.270456692352022
GSM6433596_095B,0.432692307692307,0.391752577319587,0.198765502548885
GSM6433597_117B,0.657142857142857,0.459459459459459,0.370464373002444
GSM6433598_117C,0.480066225165562,0.446927374301675,0.329721180880974
GSM6433599_117D,0.316585619362262,0.479638009049773,0.443092059340029
GSM6433600_117E,0.330356608926186,0.878048780487804,0.388349514563106
GSM6433601_118B,0.657534246575342,0.0,0.276895530939648
GSM6433602_118C,0.0,0.0,0.202615882753919
GSM6433603_118D,0.0,0.540983606557377,0.207289470095154
GSM6433604_118E,0.792207792207792,0.434343434343434,0.247860747458494
GSM6433605_119B,0.0,0.0,0.303324737520722
GSM6433606_119C,0.0,0.318181818181818,0.315523383430689
GSM6433607_119D,0.375709475709475,0.0,0.279556446359945
GSM6433608_119E,0.370444149328611,0.464646464646464,0.305943999897412
GSM6433609_120B,0.287263430116374,0.483040122165509,0.378043959719638
GSM6433610_120C,0.257530393757938,0.340425531914893,0.231726674409601
GSM6433611_120D,0.527027027027027,0.405467679661228,0.405492402273518
GSM6433613_395A,0.469723929688342,0.425531914893617,0.18075789632764
GSM6433614_395B,0.0,0.0,0.298521130610682
GSM6433615_395C,0.678787878787878,0.490586838534599,0.11593991416309
GSM6433616_395D,0.607549857549857,0.383561643835616,0.259443489259105
GSM6433617_396A,0.0,0.0,0.370156283451081
GSM6433618_396C,0.292307692307692,0.0,0.128765196878969
GSM6433619_396D,0.454166666666666,1.0,0.129219736978357
GSM6433620_397A,0.74,0.666666666666666,0.310066692650816
GSM6433621_397B,0.196965342835795,0.0,0.365055019962995
GSM6433622_397C,0.303388179636135,0.394285714285714,0.306287030941408
GSM6433623_397D,0.0,0.0,0.146056402991467
GSM6433624_398A,0.34375,0.532258064516129,0.308302005012531
GSM6433625_398B,0.0,1.0,0.415735105369933
GSM6433627_398D,0.0,0.45705359831376,0.225806451612903
GSM6505133_DonorA,0.0,0.429306150510339,0.239179606813929
GSM6505134_DonorB,0.38341968911917,0.5,0.247873397146469
GSM6505135_DonorC,0.388624882694726,0.468690489526156,0.179047312695591
GSM6506110_SP1,0.260231030188517,0.359861591695501,0.391776060869361
GSM6506111_SP2,0.0,0.0,0.129384639046225
GSM6506112_SP3,0.903846153846154,0.0,0.243481435127242
GSM6506113_SP4,0.637305699481865,0.514705882352941,0.201188266037852
GSM6506114_SP5,0.0,0.0,0.129345199367971
GSM6506115_SP6,0.942857142857142,0.484536082474226,0.13907107576235
GSM6506116_SP7,0.53613775185871,0.538770207248468,0.272287686183581
GSM6506117_SP8,0.40531708178767,0.466666666666666,0.25546309224948
GSM6833484_Patient1,0.301343867569601,0.421628783619269,0.233083074629906
GSM6833485_Patient2,0.405882352941176,0.4,0.135765873515628
GSM6833486_Patient3,0.0,1.0,0.246186541820005
GSM6833487_Patient4,0.393250327169484,0.448915683183503,0.158018085621224
GSM7019835_OCCR2v,0.433526011560693,0.528750826173165,0.330058432788511
GSM7019836_OCCS3v,0.734042553191489,0.460869565217391,0.378048780487804
GSM7058756,0.510917030567685,0.618141008112296,0.353682320703014
GSM7058757,0.453703703703703,0.714285714285714,0.304750167112299
GSM7058758,0.0,0.9375,0.372463203590467
GSM7058759,0.520361990950226,0.442303426860374,0.160916495302608
GSM7090086_NextSeq2000,0.4,0.505421749556876,0.479517794578646
GSM7090087_NextSeq2000,0.394957983193277,0.584269662921348,0.203524240465416
GSM7090088_NextSeq2000,0.393939393939393,0.181818181818181,0.0717458684370591
GSM7211257_EHU-W3,0.293232178541744,0.430922299089501,0.123762587472264
GSM7421790_PDAC_1,1.0,0.0,0.193649174188592
GSM7421791_PDAC_2,0.464788732394366,0.0,0.191848599905078
GSM7421792_PDAC_3,0.611111111111111,0.0,0.223241590214067
GSM7498811_SS1905133,0.731543624161073,0.51225519644359,0.220715891999194
GSM7498812_SS1923404,0.302325581395348,0.0,0.242480777928539
GSM7498813_SS1945070,0.0,0.0,0.235508757770452
GSM7498814_SS1960050,0.0,0.463414634146341,0.118289882308687
GSM7498815_SS2002154,0.254098536889519,0.387978142076502,0.23127858243844
GSM7498816_SS2005094,0.0207734330074755,0.507042253521126,0.124846016949266
GSM7498817_SS2021309,0.458333333333333,0.0,0.180657542525912
GSM7757970_R1-S1,0.305084745762711,0.0,0.1524570468366
GSM7757973_R1-S4,0.289081013033175,0.538461538461538,0.294700207595554
GSM7757974_R1-S5,0.350238100022102,0.702702702702702,0.297727994600389
GSM7757975_R1-S6,0.255111103371412,0.446601941747572,0.0938156246631654
GSM7757976_R2-S1,0.22,0.367441860465116,0.162613223849784
GSM7757977_R2-S2,0.327380952380952,0.340794150623822,0.212766457385616
GSM7757978_R2-S3,0.439393252312715,0.413377680319062,0.339407744874715
GSM7757979_R2-S4,0.207638319205177,1.0,0.247104247104247
GSM7757980_R2-S5,0.251798561151079,0.610169491525423,0.173861283643892
GSM7757982_R3-S2,0.243116948724425,0.296296296296296,0.186227013701961
GSM7757983_R3-S3,0.125,0.944444444444444,0.118449656750572
GSM7757984_R3-S4,0.36672149122807,0.308180267646287,0.319770192074981
GSM7757985_R3-S5,0.333184921341644,0.552985739750445,0.266788018539747
GSM7777521_B1,0.0,0.0,0.34054061635126
GSM7777522_C1,0.367665434145097,0.548387096774193,0.561403508771929
GSM7777523_D1,0.0,0.0,0.301906241906241
GSM7850822_CHC20,0.398548819601451,0.617647058823529,0.223599441312185
HCC1R,0.528169237605535,0.49,0.643465909090909
HCC3R,0.459614787200994,1.0,0.575328891649257
HCC4R,0.757425742574257,1.0,0.531955086264929
HCC6NR,0.777777777777777,0.603015873015873,0.509796985199512
HCC7NR,0.661064425770308,0.600578808933188,0.613151000317561
HRA000437_HCC-1T,0.382793792953322,0.924528301886792,0.575849113383823
HRA000437_HCC-2T,0.425866206689665,0.558028537414079,0.486575672391679
HRA000437_HCC-3T,1.0,0.764592323415852,0.364457968636032
HRA000437_HCC-4T,0.520944158195237,0.44896034702249,0.423509491291181
Parent_Visium_Human_BreastCancer_201027,0.569769886049341,0.508853684920124,0.452517099597884
Parent_Visium_Human_ColorectalCancer_201027,0.65082203815261,0.0930232558139534,0.407389904081775
Parent_Visium_Human_OvarianCancer_201027,0.437193953587396,0.452909556417526,0.273576903744659
S16_43398,0.495542337855023,0.412280701754385,0.193774059928457
S20_47598,0.361436312550173,0.5,0.141185974103789
S20_61122,0.439326832937583,0.48471499132292,0.247658510918179
S20_63981,0.489275445658424,0.479205974842767,0.298168113775324
S21_10267,0.242354578734723,0.588057040998217,0.341268235095707
SN048_A121573_Rep1,0.56430735823215,0.528312149318676,0.339253754676499
SN048_A121573_Rep2,0.717592592592592,0.532374100719424,0.360752185951004
SN048_A416371_Rep1,0.404374850585704,0.0,0.349501222217512
SN048_A416371_Rep2,0.571428571428571,0.0,0.258691455430585
SN123_A551763_Rep1,0.0,0.0,0.39751312944084
SN123_A595688_Rep1,0.459595959595959,0.292599966815994,0.4
SN123_A938797_Rep1_X,0.0,0.463234410669229,0.3015651609764
SN124_A595688_Rep2,0.473282442748091,1.0,0.694117647058823
SN124_A938797_Rep2,0.552083333333333,0.406015037593984,0.302172576054464
SN84_A120838_Rep1,1.0,0.416666666666666,0.568720379146919
SN84_A120838_Rep2,0.635802469135802,0.597826086956521,0.437759622179705
V10F24-015_A1,1.0,0.541666666666666,0.262922908871633
V10F24-015_B1,0.254826254826254,0.475,0.357484007651644
V10F24-015_C1,0.75,0.556213017751479,0.395264051621667
V10F24-015_D1,0.0,0.676056338028169,0.342395359270303
V11A20-405_C1,0.315102484788741,0.506944444444444,0.293718378194778
V11A20-405_D1,0.391809745221716,0.572009167051375,0.279366085672345
V11M22-349_C1,0.376860135524159,0.662785975362122,0.151255527016408
V11M22-349_D1,0.6,0.372877019030865,0.3558981657179
V1_Breast_Cancer_Block_A_Section_2_200623,0.362987761374238,0.456397751694494,0.189477476111026
V1_Human_Invasive_Ductal_Carcinoma_210511,0.42391304347826,0.495867768595041,0.194803931304705
Visium_FFPE_Human_Breast_Cancer_210609,0.533101045296167,0.437699680511182,0.324854684956986
Visium_FFPE_Human_Intestinal_Cancer_220329,0.479492109268605,0.435227916343269,0.257096475197885
Visium_FFPE_Human_Ovarian_Cancer_220329,0.319932659932659,0.412280701754385,0.193297529228819
Visium_FFPE_Human_Prostate_Acinar_Cell_Carcinoma_211009,0.54985380116959,0.608,0.191259731442844
Visium_FFPE_Human_Prostate_Cancer_210609,0.409343219549223,0.506493506493506,0.253504443462463
Visium_FFPE_Human_Prostate_IF_220713,0.481818181818181,0.259259259259259,0.313687907588312
Visium_Human_Breast_Cancer_220702,0.479005618521747,0.356053714533246,0.241210807521913
WSSKNKCLsp12140270,0.43103448275862,0.0,0.168589189548567
WSSKNKCLsp12140271,0.36231884057971,0.587778568041726,0.252809045505274
WSSKNKCLsp12140272,0.0,0.511627906976744,0.29334707858383
WSSKNKCLsp12140273,0.0,0.0,0.198049683928344
WSSKNKCLsp12887267,0.625,0.807692307692307,0.193749015903007
WSSKNKCLsp12887268,0.0,0.0,0.163317372101818
WSSKNKCLsp12887269,0.690721649484536,0.277777777777777,0.212378090102831
Zenodo10119273_Tumor2,0.522588126159554,0.587386877828054,0.467848008768724
scCRLM_Atlas_ST-colon1,0.463235294117647,0.453987730061349,0.400216469106704
scCRLM_Atlas_ST-colon2,0.0,0.59375,0.234008227797047
scCRLM_Atlas_ST-colon3,0.266666666666666,0.347368421052631,0.240791394658205
scCRLM_Atlas_ST-colon4,0.422947997366955,0.55440414507772,0.337310181204626
