"signature","sample_id","Malignancy","value"
"Mesenchymal","01_034_C1d1","Malignant",0.35316560893088
"Mesenchymal","01_034_C1d1","Boundary",1.16040493616925
"Mesenchymal","01_034_C1d1","Normal",1.20373625672121
"Mesenchymal","01_034_C3d1","Malignant",-0.0593113324703553
"Mesenchymal","01_034_C3d1","Boundary",0.777232858853366
"Mesenchymal","01_034_C3d1","Normal",0.739032760454592
"Mesenchymal","01_039_C1d1","Malignant",0.553822667555288
"Mesenchymal","01_039_C1d1","Boundary",1.18545987848435
"Mesenchymal","01_039_C1d1","Normal",1.04977119900604
"Mesenchymal","01_039_C3d1","Malignant",-0.0326042898207933
"Mesenchymal","01_039_C3d1","Boundary",0.546702442527415
"Mesenchymal","01_039_C3d1","Normal",0.660535336492482
"Mesenchymal","1142243F","Malignant",0.0772882785255842
"Mesenchymal","1142243F","Boundary",0.374631936493141
"Mesenchymal","1142243F","Normal",0.52125240498152
"Mesenchymal","1160920F","Malignant",-0.158298727112895
"Mesenchymal","1160920F","Boundary",0.0585661295730279
"Mesenchymal","1160920F","Normal",0.204017984917058
"Mesenchymal","A_955_OvarianTumor","Malignant",0.228583299467038
"Mesenchymal","A_955_OvarianTumor","Boundary",0.647542439623271
"Mesenchymal","A_955_OvarianTumor","Normal",0.677313148080493
"Mesenchymal","A_GTFB1154_OvarianCancerTumor","Malignant",0.879955136470421
"Mesenchymal","A_GTFB1154_OvarianCancerTumor","Boundary",1.24526751688476
"Mesenchymal","A_GTFB1154_OvarianCancerTumor","Normal",1.41119566250288
"Mesenchymal","Ajou_Visium_P1","Malignant",0.00721657052316525
"Mesenchymal","Ajou_Visium_P1","Boundary",0.172679904052777
"Mesenchymal","Ajou_Visium_P1","Normal",0.256975038559644
"Mesenchymal","Ajou_Visium_P2","Malignant",-0.0466310609144499
"Mesenchymal","Ajou_Visium_P2","Boundary",0.356412254506537
"Mesenchymal","Ajou_Visium_P2","Normal",0.682838000919378
"Mesenchymal","Ajou_Visium_P3","Malignant",0.414599279010199
"Mesenchymal","Ajou_Visium_P3","Boundary",0.490661157274657
"Mesenchymal","Ajou_Visium_P3","Normal",0.219526238839964
"Mesenchymal","Ajou_Visium_P4","Malignant",0.362139479431549
"Mesenchymal","Ajou_Visium_P4","Boundary",0.775750082593853
"Mesenchymal","Ajou_Visium_P4","Normal",0.662225286891594
"Mesenchymal","B_GTFB1191_OvarianCancerTumor","Malignant",0.506565549366606
"Mesenchymal","B_GTFB1191_OvarianCancerTumor","Boundary",0.568215281035284
"Mesenchymal","B_GTFB1191_OvarianCancerTumor","Normal",0.615963380375441
"Mesenchymal","CID4290","Malignant",0.565131994237762
"Mesenchymal","CID4290","Boundary",0.713921538583242
"Mesenchymal","CID4290","Normal",0.728964909931009
"Mesenchymal","CID4465","Malignant",0.73075389210981
"Mesenchymal","CID4465","Boundary",1.11632502328357
"Mesenchymal","CID4465","Normal",1.25057872733359
"Mesenchymal","CID44971","Malignant",-0.0190811693817369
"Mesenchymal","CID44971","Boundary",0.344522741227384
"Mesenchymal","CID44971","Normal",0.480928943842967
"Mesenchymal","CID4535","Malignant",-0.11693276919327
"Mesenchymal","CID4535","Boundary",0.0836864304780845
"Mesenchymal","CID4535","Normal",0.335355733745285
"Mesenchymal","C_GTFB1170_SmallCellOvarianCancer","Malignant",0.105706160203418
"Mesenchymal","C_GTFB1170_SmallCellOvarianCancer","Boundary",0.313006758872723
"Mesenchymal","C_GTFB1170_SmallCellOvarianCancer","Normal",0.673769731385123
"Mesenchymal","Colon_10x_Visium_SampleP2_CRC","Malignant",-0.106474833216011
"Mesenchymal","Colon_10x_Visium_SampleP2_CRC","Boundary",0.479953797912849
"Mesenchymal","Colon_10x_Visium_SampleP2_CRC","Normal",0.95256350564429
"Mesenchymal","CytAssist_11mm_FFPE_Human_Lung_Cancer_230214","Malignant",-0.121556304088324
"Mesenchymal","CytAssist_11mm_FFPE_Human_Lung_Cancer_230214","Boundary",-0.0541435050968155
"Mesenchymal","CytAssist_11mm_FFPE_Human_Lung_Cancer_230214","Normal",-0.0077307146754176
"Mesenchymal","CytAssist_11mm_FFPE_Human_Ovarian_Carcinoma_220715","Malignant",1.57661879612353
"Mesenchymal","CytAssist_11mm_FFPE_Human_Ovarian_Carcinoma_220715","Boundary",1.34778504819722
"Mesenchymal","CytAssist_11mm_FFPE_Human_Ovarian_Carcinoma_220715","Normal",-0.00588505410315645
"Mesenchymal","CytAssist_FFPE_Human_Lung_Squamous_Cell_Carcinoma_220714","Malignant",-0.0174093428485095
"Mesenchymal","CytAssist_FFPE_Human_Lung_Squamous_Cell_Carcinoma_220714","Boundary",0.516395768006438
"Mesenchymal","CytAssist_FFPE_Human_Lung_Squamous_Cell_Carcinoma_220714","Normal",0.66372402982658
"Mesenchymal","CytAssist_Fresh_Frozen_Human_Breast_Cancer_230107","Malignant",0.214502029608828
"Mesenchymal","CytAssist_Fresh_Frozen_Human_Breast_Cancer_230107","Boundary",0.911238294723957
"Mesenchymal","CytAssist_Fresh_Frozen_Human_Breast_Cancer_230107","Normal",1.06867210826943
"Mesenchymal","D_GTFB1170_SmallCellOvarianCancer","Malignant",0.645840399384078
"Mesenchymal","D_GTFB1170_SmallCellOvarianCancer","Boundary",0.524734536253275
"Mesenchymal","D_GTFB1170_SmallCellOvarianCancer","Normal",0.657521712345895
"Mesenchymal","D_GTFB_1230_OvarianTumor","Malignant",-0.204141623563255
"Mesenchymal","D_GTFB_1230_OvarianTumor","Boundary",-0.176192310139595
"Mesenchymal","D_GTFB_1230_OvarianTumor","Normal",-0.125880443009258
"Mesenchymal","E_MTAB_13530_P10_T1","Malignant",0.177440098218528
"Mesenchymal","E_MTAB_13530_P10_T1","Boundary",0.648099535071891
"Mesenchymal","E_MTAB_13530_P10_T1","Normal",0.820413895025393
"Mesenchymal","E_MTAB_13530_P10_T2","Malignant",0.0663917001136358
"Mesenchymal","E_MTAB_13530_P10_T2","Boundary",0.430727950236968
"Mesenchymal","E_MTAB_13530_P10_T2","Normal",0.799602986946046
"Mesenchymal","E_MTAB_13530_P10_T3","Malignant",0.482669602679341
"Mesenchymal","E_MTAB_13530_P10_T3","Boundary",0.510890561413332
"Mesenchymal","E_MTAB_13530_P10_T3","Normal",0.462939324841593
"Mesenchymal","E_MTAB_13530_P10_T4","Malignant",-0.0039554757432807
"Mesenchymal","E_MTAB_13530_P10_T4","Boundary",0.380055273714505
"Mesenchymal","E_MTAB_13530_P10_T4","Normal",0.735492144958508
"Mesenchymal","E_MTAB_13530_P11_T1","Malignant",-0.111894766308205
"Mesenchymal","E_MTAB_13530_P11_T1","Boundary",0.337259444634407
"Mesenchymal","E_MTAB_13530_P11_T1","Normal",0.520432195264747
"Mesenchymal","E_MTAB_13530_P11_T2","Malignant",-0.213413982115013
"Mesenchymal","E_MTAB_13530_P11_T2","Boundary",0.219897217972811
"Mesenchymal","E_MTAB_13530_P11_T2","Normal",0.500069096837651
"Mesenchymal","E_MTAB_13530_P11_T3","Malignant",-0.0943696556653224
"Mesenchymal","E_MTAB_13530_P11_T3","Boundary",0.392423800203431
"Mesenchymal","E_MTAB_13530_P11_T3","Normal",0.675099321616065
"Mesenchymal","E_MTAB_13530_P11_T4","Malignant",0.173394272746295
"Mesenchymal","E_MTAB_13530_P11_T4","Boundary",0.627157349169973
"Mesenchymal","E_MTAB_13530_P11_T4","Normal",0.907950789110564
"Mesenchymal","E_MTAB_13530_P15_T1","Malignant",-0.256777251914073
"Mesenchymal","E_MTAB_13530_P15_T1","Boundary",-0.0566853495922589
"Mesenchymal","E_MTAB_13530_P15_T1","Normal",-0.0035691407180191
"Mesenchymal","E_MTAB_13530_P15_T2","Malignant",-0.300535424188928
"Mesenchymal","E_MTAB_13530_P15_T2","Boundary",-0.0928583416124939
"Mesenchymal","E_MTAB_13530_P15_T2","Normal",-0.0415143403121736
"Mesenchymal","E_MTAB_13530_P16_T1","Malignant",-0.0619898350779093
"Mesenchymal","E_MTAB_13530_P16_T1","Boundary",0.603704287832656
"Mesenchymal","E_MTAB_13530_P16_T1","Normal",0.673936662953511
"Mesenchymal","E_MTAB_13530_P16_T2","Malignant",-0.184436504444658
"Mesenchymal","E_MTAB_13530_P16_T2","Boundary",0.414609022351885
"Mesenchymal","E_MTAB_13530_P16_T2","Normal",0.665285800698994
"Mesenchymal","E_MTAB_13530_P17_T1","Malignant",-0.214941950665594
"Mesenchymal","E_MTAB_13530_P17_T1","Boundary",0.428603495737234
"Mesenchymal","E_MTAB_13530_P17_T1","Normal",0.8516449262444
"Mesenchymal","E_MTAB_13530_P17_T2","Malignant",-0.209730339849241
"Mesenchymal","E_MTAB_13530_P17_T2","Boundary",0.440423401418592
"Mesenchymal","E_MTAB_13530_P17_T2","Normal",0.783459212136712
"Mesenchymal","E_MTAB_13530_P19_T1","Malignant",0.0270300897217637
"Mesenchymal","E_MTAB_13530_P19_T1","Boundary",0.57848609466219
"Mesenchymal","E_MTAB_13530_P19_T1","Normal",0.867260744401982
"Mesenchymal","E_MTAB_13530_P19_T2","Malignant",0.147234733672472
"Mesenchymal","E_MTAB_13530_P19_T2","Boundary",0.858810293591425
"Mesenchymal","E_MTAB_13530_P19_T2","Normal",0.946740811957613
"Mesenchymal","E_MTAB_13530_P24_T1","Malignant",-0.254368215183617
"Mesenchymal","E_MTAB_13530_P24_T1","Boundary",0.0788424264532808
"Mesenchymal","E_MTAB_13530_P24_T1","Normal",0.625118238187102
"Mesenchymal","E_MTAB_13530_P24_T2","Malignant",-0.199833562433021
"Mesenchymal","E_MTAB_13530_P24_T2","Boundary",0.312554386501198
"Mesenchymal","E_MTAB_13530_P24_T2","Normal",0.761836411523173
"Mesenchymal","E_MTAB_13530_P25_T1","Malignant",0.301469744699932
"Mesenchymal","E_MTAB_13530_P25_T1","Boundary",0.793053916623001
"Mesenchymal","E_MTAB_13530_P25_T1","Normal",0.916796645734603
"Mesenchymal","E_MTAB_13530_P25_T2","Malignant",0.350106774690648
"Mesenchymal","E_MTAB_13530_P25_T2","Boundary",0.851016935986267
"Mesenchymal","E_MTAB_13530_P25_T2","Normal",0.895742346046584
"Mesenchymal","GSE144239_GSM4565823","Malignant",0.0855059450729931
"Mesenchymal","GSE144239_GSM4565823","Boundary",0.0699404603032572
"Mesenchymal","GSE144239_GSM4565823","Normal",0.135157332511668
"Mesenchymal","GSE144239_GSM4565824","Malignant",0.139430922767343
"Mesenchymal","GSE144239_GSM4565824","Boundary",0.128095174841751
"Mesenchymal","GSE144239_GSM4565824","Normal",0.1272120751202
"Mesenchymal","GSE144239_GSM4565825","Malignant",0.29851160731055
"Mesenchymal","GSE144239_GSM4565825","Boundary",0.58790404411991
"Mesenchymal","GSE144239_GSM4565825","Normal",0.73760604399519
"Mesenchymal","GSE144239_GSM4565826","Malignant",-0.167823301869755
"Mesenchymal","GSE144239_GSM4565826","Boundary",-0.20372192505694
"Mesenchymal","GSE144239_GSM4565826","Normal",0.303607600108957
"Mesenchymal","GSE251950_20_00331_LI_SING","Malignant",0.122251945423946
"Mesenchymal","GSE251950_20_00331_LI_SING","Boundary",0.466301267138919
"Mesenchymal","GSE251950_20_00331_LI_SING","Normal",0.538011512982472
"Mesenchymal","GSE251950_21_00731_LI_SING","Malignant",-0.0094865963893486
"Mesenchymal","GSE251950_21_00731_LI_SING","Boundary",0.26339033169177
"Mesenchymal","GSE251950_21_00731_LI_SING","Normal",0.405434107050615
"Mesenchymal","GSE251950_21_00732_LI_SING","Malignant",0.103187750107534
"Mesenchymal","GSE251950_21_00732_LI_SING","Boundary",0.421479276151262
"Mesenchymal","GSE251950_21_00732_LI_SING","Normal",-0.0642616266495943
"Mesenchymal","GSE251950_21_00733_LI_SING","Malignant",0.0281006836021692
"Mesenchymal","GSE251950_21_00733_LI_SING","Boundary",0.456989894137361
"Mesenchymal","GSE251950_21_00733_LI_SING","Normal",0.44412811002129
"Mesenchymal","GSE251950_21_00734_LI_SING","Malignant",-0.213064139901065
"Mesenchymal","GSE251950_21_00734_LI_SING","Boundary",-0.12938896209456
"Mesenchymal","GSE251950_21_00734_LI_SING","Normal",-0.0325159764965448
"Mesenchymal","GSE251950_21_01251_LI_SING","Malignant",0.387697250394714
"Mesenchymal","GSE251950_21_01251_LI_SING","Boundary",0.593178543931087
"Mesenchymal","GSE251950_21_01251_LI_SING","Normal",0.625377114081128
"Mesenchymal","GSE251950_21_01253_LI_SING","Malignant",-0.207015937902488
"Mesenchymal","GSE251950_21_01253_LI_SING","Boundary",-0.212539130231555
"Mesenchymal","GSE251950_21_01253_LI_SING","Normal",-0.116168100095935
"Mesenchymal","GSE251950_21_01254_LI_SING","Malignant",-0.0827913322196517
"Mesenchymal","GSE251950_21_01254_LI_SING","Boundary",-0.077742218576036
"Mesenchymal","GSE251950_21_01254_LI_SING","Normal",-0.0178406534349366
"Mesenchymal","GSE251950_21_01675_LI_SING","Malignant",0.0254723734100668
"Mesenchymal","GSE251950_21_01675_LI_SING","Boundary",0.177385780480266
"Mesenchymal","GSE251950_21_01675_LI_SING","Normal",0.292354229041414
"Mesenchymal","GSM5494475_HNSCC201125T04","Malignant",0.492313279035789
"Mesenchymal","GSM5494475_HNSCC201125T04","Boundary",0.772164576874893
"Mesenchymal","GSM5494475_HNSCC201125T04","Normal",1.03153337816642
"Mesenchymal","GSM5494476_HNSCC201125T05","Malignant",0.488632254206377
"Mesenchymal","GSM5494476_HNSCC201125T05","Boundary",0.966030369600266
"Mesenchymal","GSM5494476_HNSCC201125T05","Normal",0.880161878030765
"Mesenchymal","GSM5494477_HNSCC201125T07","Malignant",0.0927517957842605
"Mesenchymal","GSM5494477_HNSCC201125T07","Boundary",0.265078268477517
"Mesenchymal","GSM5494477_HNSCC201125T07","Normal",0.33515205788602
"Mesenchymal","GSM5494478_HNSCC201125T10","Malignant",-0.227454262342213
"Mesenchymal","GSM5494478_HNSCC201125T10","Boundary",-0.229289033612616
"Mesenchymal","GSM5494478_HNSCC201125T10","Normal",-0.157042949225315
"Mesenchymal","GSM5494479_P210325T1","Malignant",-0.23310179128191
"Mesenchymal","GSM5494479_P210325T1","Boundary",-0.229974142221984
"Mesenchymal","GSM5494479_P210325T1","Normal",0.239361981105982
"Mesenchymal","GSM5494480_P210325T3","Malignant",-0.121449720183625
"Mesenchymal","GSM5494480_P210325T3","Boundary",-0.0327139290473158
"Mesenchymal","GSM5494480_P210325T3","Normal",0.251691398287407
"Mesenchymal","GSM5494481_P210325T5","Malignant",0.157127126830032
"Mesenchymal","GSM5494481_P210325T5","Boundary",0.291723386907514
"Mesenchymal","GSM5494481_P210325T5","Normal",0.432378338837669
"Mesenchymal","GSM5494482_P210325T6","Malignant",0.120937465423007
"Mesenchymal","GSM5494482_P210325T6","Boundary",0.284632563129083
"Mesenchymal","GSM5494482_P210325T6","Normal",0.400753772865155
"Mesenchymal","GSM5924030_ffpe_c_2","Malignant",0.184145668496172
"Mesenchymal","GSM5924030_ffpe_c_2","Boundary",0.443261847288523
"Mesenchymal","GSM5924030_ffpe_c_2","Normal",0.709941299134094
"Mesenchymal","GSM5924031_ffpe_c_3","Malignant",0.805493116897964
"Mesenchymal","GSM5924031_ffpe_c_3","Boundary",0.795652908978837
"Mesenchymal","GSM5924031_ffpe_c_3","Normal",0.780326672352846
"Mesenchymal","GSM5924032_ffpe_c_4","Malignant",0.393905098588785
"Mesenchymal","GSM5924032_ffpe_c_4","Boundary",0.515938015581153
"Mesenchymal","GSM5924032_ffpe_c_4","Normal",0.508314911474148
"Mesenchymal","GSM5924033_ffpe_c_7","Malignant",0.376437625762155
"Mesenchymal","GSM5924033_ffpe_c_7","Boundary",0.698768182058436
"Mesenchymal","GSM5924033_ffpe_c_7","Normal",0.730787656738826
"Mesenchymal","GSM5924034_ffpe_c_10","Malignant",0.751256261153552
"Mesenchymal","GSM5924034_ffpe_c_10","Boundary",1.1656297119334
"Mesenchymal","GSM5924034_ffpe_c_10","Normal",0.765603721040815
"Mesenchymal","GSM5924035_ffpe_c_20","Malignant",0.202205403882089
"Mesenchymal","GSM5924035_ffpe_c_20","Boundary",0.295710296665667
"Mesenchymal","GSM5924035_ffpe_c_20","Normal",0.472884893860776
"Mesenchymal","GSM5924036_ffpe_c_21","Malignant",0.64147567040919
"Mesenchymal","GSM5924036_ffpe_c_21","Boundary",0.748164740659626
"Mesenchymal","GSM5924036_ffpe_c_21","Normal",0.856737249758721
"Mesenchymal","GSM5924037_ffpe_c_34","Malignant",0.942100929988553
"Mesenchymal","GSM5924037_ffpe_c_34","Boundary",0.895890455576447
"Mesenchymal","GSM5924037_ffpe_c_34","Normal",0.740277535090963
"Mesenchymal","GSM5924038_ffpe_c_36","Malignant",0.685355643172054
"Mesenchymal","GSM5924038_ffpe_c_36","Boundary",0.947488471232047
"Mesenchymal","GSM5924038_ffpe_c_36","Normal",1.10245594581799
"Mesenchymal","GSM5924039_ffpe_c_39","Malignant",0.537043484592749
"Mesenchymal","GSM5924039_ffpe_c_39","Boundary",0.815296067494505
"Mesenchymal","GSM5924039_ffpe_c_39","Normal",0.90588776847048
"Mesenchymal","GSM5924040_ffpe_c_45","Malignant",0.260981018617912
"Mesenchymal","GSM5924040_ffpe_c_45","Boundary",0.257395966181523
"Mesenchymal","GSM5924040_ffpe_c_45","Normal",0.421233992246081
"Mesenchymal","GSM5924041_ffpe_c_51","Malignant",0.845475664124841
"Mesenchymal","GSM5924041_ffpe_c_51","Boundary",1.01218628651175
"Mesenchymal","GSM5924041_ffpe_c_51","Normal",0.928985811257979
"Mesenchymal","GSM5924042_frozen_a_1","Malignant",0.810774334557156
"Mesenchymal","GSM5924042_frozen_a_1","Boundary",0.55181999326053
"Mesenchymal","GSM5924042_frozen_a_1","Normal",0.317989158056022
"Mesenchymal","GSM5924043_frozen_a_3","Malignant",0.592883636608231
"Mesenchymal","GSM5924043_frozen_a_3","Boundary",0.935081087358248
"Mesenchymal","GSM5924043_frozen_a_3","Normal",1.07869525533794
"Mesenchymal","GSM5924044_frozen_a_15","Malignant",0.425402452110633
"Mesenchymal","GSM5924044_frozen_a_15","Boundary",0.531583577097916
"Mesenchymal","GSM5924044_frozen_a_15","Normal",0.306636024278641
"Mesenchymal","GSM5924045_frozen_a_17","Malignant",0.374064530194001
"Mesenchymal","GSM5924045_frozen_a_17","Boundary",0.370803348658605
"Mesenchymal","GSM5924045_frozen_a_17","Normal",0.432310178711657
"Mesenchymal","GSM5924046_frozen_b_1","Malignant",0.131765552386024
"Mesenchymal","GSM5924046_frozen_b_1","Boundary",0.278040408498992
"Mesenchymal","GSM5924046_frozen_b_1","Normal",0.357793895548392
"Mesenchymal","GSM5924048_frozen_b_13","Malignant",0.0810553760020855
"Mesenchymal","GSM5924048_frozen_b_13","Boundary",0.198841251723751
"Mesenchymal","GSM5924048_frozen_b_13","Normal",0.205712402821548
"Mesenchymal","GSM5924049_frozen_b_18","Malignant",-0.0191868848202523
"Mesenchymal","GSM5924049_frozen_b_18","Boundary",0.246310906652779
"Mesenchymal","GSM5924049_frozen_b_18","Normal",0.403533244941207
"Mesenchymal","GSM5924050_frozen_c_2","Malignant",0.250301761940115
"Mesenchymal","GSM5924050_frozen_c_2","Boundary",0.43818780300781
"Mesenchymal","GSM5924050_frozen_c_2","Normal",0.72482272660769
"Mesenchymal","GSM5924051_frozen_c_5","Malignant",0.668745929158544
"Mesenchymal","GSM5924051_frozen_c_5","Boundary",0.79030130979885
"Mesenchymal","GSM5924051_frozen_c_5","Normal",0.782919063409536
"Mesenchymal","GSM5924052_frozen_c_23","Malignant",0.556202559187969
"Mesenchymal","GSM5924052_frozen_c_23","Boundary",0.611283350350364
"Mesenchymal","GSM5924052_frozen_c_23","Normal",0.603973686767282
"Mesenchymal","GSM5924053_frozen_c_57","Malignant",1.02700502359181
"Mesenchymal","GSM5924053_frozen_c_57","Boundary",1.03162186712099
"Mesenchymal","GSM5924053_frozen_c_57","Normal",1.03756142027274
"Mesenchymal","GSM6030901_patient_1","Malignant",-0.323257187696607
"Mesenchymal","GSM6030901_patient_1","Boundary",-0.302629363873784
"Mesenchymal","GSM6030901_patient_1","Normal",-0.23297653901395
"Mesenchymal","GSM6030902_patient_2","Malignant",-0.241065716112497
"Mesenchymal","GSM6030902_patient_2","Boundary",-0.149822594250246
"Mesenchymal","GSM6030902_patient_2","Normal",-0.0714765530718735
"Mesenchymal","GSM6177599_NYU_BRCA0_Vis","Malignant",-0.187664540253553
"Mesenchymal","GSM6177599_NYU_BRCA0_Vis","Boundary",0.460014734526046
"Mesenchymal","GSM6177599_NYU_BRCA0_Vis","Normal",0.314871626668606
"Mesenchymal","GSM6177603_NYU_BRCA2_Vis","Malignant",0.0090587329799912
"Mesenchymal","GSM6177603_NYU_BRCA2_Vis","Boundary",0.43402751499317
"Mesenchymal","GSM6177603_NYU_BRCA2_Vis","Normal",0.392866327212525
"Mesenchymal","GSM6177607_NYU_GIST1_Vis","Malignant",0.261083691257318
"Mesenchymal","GSM6177607_NYU_GIST1_Vis","Boundary",0.308458067797084
"Mesenchymal","GSM6177607_NYU_GIST1_Vis","Normal",0.327445528939847
"Mesenchymal","GSM6177609_NYU_GIST2_Vis","Malignant",0.0485621093973401
"Mesenchymal","GSM6177609_NYU_GIST2_Vis","Boundary",0.105101212172215
"Mesenchymal","GSM6177609_NYU_GIST2_Vis","Normal",0.125360130353483
"Mesenchymal","GSM6177612_NYU_LIHC1_Vis","Malignant",-0.0007393666364511
"Mesenchymal","GSM6177612_NYU_LIHC1_Vis","Boundary",0.0313284602191255
"Mesenchymal","GSM6177612_NYU_LIHC1_Vis","Normal",0.0875058842432724
"Mesenchymal","GSM6177614_NYU_OVCA1_Vis","Malignant",0.431711876945026
"Mesenchymal","GSM6177614_NYU_OVCA1_Vis","Boundary",1.13364129173582
"Mesenchymal","GSM6177614_NYU_OVCA1_Vis","Normal",1.46253971793934
"Mesenchymal","GSM6177617_NYU_OVCA3_Vis","Malignant",-0.0950412068586033
"Mesenchymal","GSM6177617_NYU_OVCA3_Vis","Boundary",-0.0425198509591557
"Mesenchymal","GSM6177617_NYU_OVCA3_Vis","Normal",-0.0469061010615576
"Mesenchymal","GSM6177618_NYU_PDAC1_Vis","Malignant",0.83866950193875
"Mesenchymal","GSM6177618_NYU_PDAC1_Vis","Boundary",1.24164167637123
"Mesenchymal","GSM6177618_NYU_PDAC1_Vis","Normal",1.00235987566282
"Mesenchymal","GSM6177623_NYU_UCEC3_Vis","Malignant",-0.169178720661893
"Mesenchymal","GSM6177623_NYU_UCEC3_Vis","Boundary",-0.118251171661382
"Mesenchymal","GSM6177623_NYU_UCEC3_Vis","Normal",0.072863808560475
"Mesenchymal","GSM6339631_s1","Malignant",0.458107720576351
"Mesenchymal","GSM6339631_s1","Boundary",0.38963011223542
"Mesenchymal","GSM6339631_s1","Normal",0.787292938548905
"Mesenchymal","GSM6339632_s2","Malignant",0.0860127933784772
"Mesenchymal","GSM6339632_s2","Boundary",0.189917308231442
"Mesenchymal","GSM6339632_s2","Normal",0.38999373649863
"Mesenchymal","GSM6339633_s3","Malignant",0.355793848688798
"Mesenchymal","GSM6339633_s3","Boundary",0.611869408818439
"Mesenchymal","GSM6339633_s3","Normal",0.709419255062566
"Mesenchymal","GSM6339634_s4","Malignant",0.399983117521471
"Mesenchymal","GSM6339634_s4","Boundary",0.321076984200739
"Mesenchymal","GSM6339634_s4","Normal",0.795231295584846
"Mesenchymal","GSM6339635_s5","Malignant",0.466968579940422
"Mesenchymal","GSM6339635_s5","Boundary",0.492354798229175
"Mesenchymal","GSM6339635_s5","Normal",0.658804935383784
"Mesenchymal","GSM6339636_s6","Malignant",0.235577789798421
"Mesenchymal","GSM6339636_s6","Boundary",0.29580814484664
"Mesenchymal","GSM6339636_s6","Normal",0.35603937344602
"Mesenchymal","GSM6339637_s7","Malignant",-0.121309685539782
"Mesenchymal","GSM6339637_s7","Boundary",0.228293437238241
"Mesenchymal","GSM6339637_s7","Normal",0.173741790111767
"Mesenchymal","GSM6339638_s8","Malignant",-0.0444563609076639
"Mesenchymal","GSM6339638_s8","Boundary",0.222714403737266
"Mesenchymal","GSM6339638_s8","Normal",0.158340618545792
"Mesenchymal","GSM6339639_s9","Malignant",0.738023517272102
"Mesenchymal","GSM6339639_s9","Boundary",0.789170543643698
"Mesenchymal","GSM6339639_s9","Normal",0.550760128020672
"Mesenchymal","GSM6339640_s10","Malignant",0.391468556366878
"Mesenchymal","GSM6339640_s10","Boundary",0.44221387261461
"Mesenchymal","GSM6339640_s10","Normal",0.706549639555258
"Mesenchymal","GSM6339641_s11","Malignant",-0.0151989444608353
"Mesenchymal","GSM6339641_s11","Boundary",-0.0358974284439018
"Mesenchymal","GSM6339641_s11","Normal",0.0495639219620816
"Mesenchymal","GSM6339642_s12","Malignant",0.147980972078912
"Mesenchymal","GSM6339642_s12","Boundary",0.1822183415911
"Mesenchymal","GSM6339642_s12","Normal",0.326829434142074
"Mesenchymal","GSM6433585_092A","Malignant",-0.25151207080828
"Mesenchymal","GSM6433585_092A","Boundary",0.662215541611261
"Mesenchymal","GSM6433585_092A","Normal",-0.0091935860503047
"Mesenchymal","GSM6433586_092B","Malignant",0.0040999762961135
"Mesenchymal","GSM6433586_092B","Boundary",-0.204539614554139
"Mesenchymal","GSM6433586_092B","Normal",-0.102103590678811
"Mesenchymal","GSM6433587_093A","Malignant",-0.306243086623963
"Mesenchymal","GSM6433587_093A","Boundary",-0.093399550901546
"Mesenchymal","GSM6433587_093A","Normal",-0.0666614601882326
"Mesenchymal","GSM6433588_093B","Malignant",-0.0899993059741779
"Mesenchymal","GSM6433588_093B","Boundary",0.935960634138866
"Mesenchymal","GSM6433588_093B","Normal",0.954101933002728
"Mesenchymal","GSM6433589_093C","Malignant",0.529723415272627
"Mesenchymal","GSM6433589_093C","Boundary",0.823641564213046
"Mesenchymal","GSM6433589_093C","Normal",0.916810670534116
"Mesenchymal","GSM6433590_093D","Malignant",0.587707937561862
"Mesenchymal","GSM6433590_093D","Boundary",0.645124601690938
"Mesenchymal","GSM6433590_093D","Normal",0.784630762493328
"Mesenchymal","GSM6433591_094A","Malignant",0.778886896356343
"Mesenchymal","GSM6433591_094A","Boundary",0.545112358469988
"Mesenchymal","GSM6433591_094A","Normal",0.689268822483716
"Mesenchymal","GSM6433592_094B","Malignant",0.23926897999853
"Mesenchymal","GSM6433592_094B","Boundary",0.467249330583772
"Mesenchymal","GSM6433592_094B","Normal",0.640822603573879
"Mesenchymal","GSM6433593_094C","Malignant",0.354294288325374
"Mesenchymal","GSM6433593_094C","Boundary",0.854550387486424
"Mesenchymal","GSM6433593_094C","Normal",0.998427228122516
"Mesenchymal","GSM6433594_094D","Malignant",0.426864877239865
"Mesenchymal","GSM6433594_094D","Boundary",0.977380748207377
"Mesenchymal","GSM6433594_094D","Normal",0.753872558494494
"Mesenchymal","GSM6433595_095A","Malignant",0.190575053716649
"Mesenchymal","GSM6433595_095A","Boundary",0.303757648074324
"Mesenchymal","GSM6433595_095A","Normal",0.249675506061337
"Mesenchymal","GSM6433596_095B","Malignant",-0.0667519752778102
"Mesenchymal","GSM6433596_095B","Boundary",0.32220413967649
"Mesenchymal","GSM6433596_095B","Normal",0.448386631495485
"Mesenchymal","GSM6433597_117B","Malignant",0.171092816167524
"Mesenchymal","GSM6433597_117B","Boundary",0.262552119076389
"Mesenchymal","GSM6433597_117B","Normal",0.391497325301344
"Mesenchymal","GSM6433598_117C","Malignant",0.114814920596088
"Mesenchymal","GSM6433598_117C","Boundary",0.307076480119654
"Mesenchymal","GSM6433598_117C","Normal",0.747759544790641
"Mesenchymal","GSM6433599_117D","Malignant",0.258403362369401
"Mesenchymal","GSM6433599_117D","Boundary",0.492599219947781
"Mesenchymal","GSM6433599_117D","Normal",0.806583868927958
"Mesenchymal","GSM6433600_117E","Malignant",0.111443714544778
"Mesenchymal","GSM6433600_117E","Boundary",0.446112953210458
"Mesenchymal","GSM6433600_117E","Normal",0.822387660531217
"Mesenchymal","GSM6433601_118B","Malignant",0.0112091827617877
"Mesenchymal","GSM6433601_118B","Boundary",0.770933455090734
"Mesenchymal","GSM6433601_118B","Normal",0.0205390910640225
"Mesenchymal","GSM6433602_118C","Malignant",1.1475356602679
"Mesenchymal","GSM6433602_118C","Boundary",0.290174387878657
"Mesenchymal","GSM6433602_118C","Normal",-0.0787464782662247
"Mesenchymal","GSM6433603_118D","Malignant",0.280916575724011
"Mesenchymal","GSM6433603_118D","Boundary",0.386953024285562
"Mesenchymal","GSM6433603_118D","Normal",0.649700860657778
"Mesenchymal","GSM6433604_118E","Malignant",0.131937785381009
"Mesenchymal","GSM6433604_118E","Boundary",0.588178816910994
"Mesenchymal","GSM6433604_118E","Normal",0.705153712485229
"Mesenchymal","GSM6433605_119B","Malignant",1.1088642072117
"Mesenchymal","GSM6433605_119B","Boundary",1.0901509365001
"Mesenchymal","GSM6433605_119B","Normal",0.926942871673246
"Mesenchymal","GSM6433606_119C","Malignant",0.546335893293514
"Mesenchymal","GSM6433606_119C","Boundary",0.923082831252208
"Mesenchymal","GSM6433606_119C","Normal",0.907387326048704
"Mesenchymal","GSM6433607_119D","Malignant",-0.12812600551823
"Mesenchymal","GSM6433607_119D","Boundary",0.0305525031219912
"Mesenchymal","GSM6433607_119D","Normal",-0.0231479992369301
"Mesenchymal","GSM6433608_119E","Malignant",-0.145179595316318
"Mesenchymal","GSM6433608_119E","Boundary",0.0523026294559855
"Mesenchymal","GSM6433608_119E","Normal",-0.0138622411727501
"Mesenchymal","GSM6433609_120B","Malignant",-0.0353555524251838
"Mesenchymal","GSM6433609_120B","Boundary",0.257553538794584
"Mesenchymal","GSM6433609_120B","Normal",0.433911372081058
"Mesenchymal","GSM6433610_120C","Malignant",0.0411372258536006
"Mesenchymal","GSM6433610_120C","Boundary",0.561032304273685
"Mesenchymal","GSM6433610_120C","Normal",0.963092537655893
"Mesenchymal","GSM6433611_120D","Malignant",0.290036757194644
"Mesenchymal","GSM6433611_120D","Boundary",0.808877047905605
"Mesenchymal","GSM6433611_120D","Normal",0.859887251841577
"Mesenchymal","GSM6433612_120E","Malignant",0.809019013694857
"Mesenchymal","GSM6433612_120E","Boundary",0.638419141393563
"Mesenchymal","GSM6433612_120E","Normal",0.408370898925999
"Mesenchymal","GSM6433613_395A","Malignant",0.0357751752000747
"Mesenchymal","GSM6433613_395A","Boundary",0.614896638420215
"Mesenchymal","GSM6433613_395A","Normal",0.936699473371487
"Mesenchymal","GSM6433614_395B","Malignant",-0.0409797404608819
"Mesenchymal","GSM6433614_395B","Boundary",-0.0445407159573931
"Mesenchymal","GSM6433614_395B","Normal",0.180437774596551
"Mesenchymal","GSM6433615_395C","Malignant",-0.0144705400370805
"Mesenchymal","GSM6433615_395C","Boundary",0.348631346416183
"Mesenchymal","GSM6433615_395C","Normal",1.23103811840435
"Mesenchymal","GSM6433616_395D","Malignant",-0.0942596713862152
"Mesenchymal","GSM6433616_395D","Boundary",0.129080700343023
"Mesenchymal","GSM6433616_395D","Normal",0.316804952666702
"Mesenchymal","GSM6433617_396A","Malignant",0.356951844017336
"Mesenchymal","GSM6433617_396A","Boundary",0.261771390942207
"Mesenchymal","GSM6433617_396A","Normal",-0.176522793357218
"Mesenchymal","GSM6433618_396C","Malignant",0.562772068763686
"Mesenchymal","GSM6433618_396C","Boundary",0.580347958597599
"Mesenchymal","GSM6433618_396C","Normal",0.554305377341684
"Mesenchymal","GSM6433619_396D","Malignant",0.490407271553053
"Mesenchymal","GSM6433619_396D","Boundary",0.559417167944748
"Mesenchymal","GSM6433619_396D","Normal",0.442044434420103
"Mesenchymal","GSM6433620_397A","Malignant",0.201685849874013
"Mesenchymal","GSM6433620_397A","Boundary",0.323574623065213
"Mesenchymal","GSM6433620_397A","Normal",0.399487735065488
"Mesenchymal","GSM6433621_397B","Malignant",0.53412918126868
"Mesenchymal","GSM6433621_397B","Boundary",0.85104429062711
"Mesenchymal","GSM6433621_397B","Normal",0.904830451267933
"Mesenchymal","GSM6433622_397C","Malignant",-0.0910517353927913
"Mesenchymal","GSM6433622_397C","Boundary",0.378285209910713
"Mesenchymal","GSM6433622_397C","Normal",0.44013583384866
"Mesenchymal","GSM6433623_397D","Malignant",-0.130057848196243
"Mesenchymal","GSM6433623_397D","Boundary",0.243673141507792
"Mesenchymal","GSM6433623_397D","Normal",0.575579539571533
"Mesenchymal","GSM6433624_398A","Malignant",0.435665121423972
"Mesenchymal","GSM6433624_398A","Boundary",0.686439278205399
"Mesenchymal","GSM6433624_398A","Normal",0.614067439817823
"Mesenchymal","GSM6433625_398B","Malignant",0.747926771216842
"Mesenchymal","GSM6433625_398B","Boundary",0.839578779611219
"Mesenchymal","GSM6433625_398B","Normal",0.812687556045035
"Mesenchymal","GSM6433626_398C","Malignant",1.15310635366405
"Mesenchymal","GSM6433626_398C","Boundary",1.18414116122391
"Mesenchymal","GSM6433626_398C","Normal",1.44013186308491
"Mesenchymal","GSM6433627_398D","Malignant",1.17396531136748
"Mesenchymal","GSM6433627_398D","Boundary",1.20043402580862
"Mesenchymal","GSM6433627_398D","Normal",1.42324267893657
"Mesenchymal","GSM6505133_DonorA","Malignant",0.571397263030849
"Mesenchymal","GSM6505133_DonorA","Boundary",0.964269560092601
"Mesenchymal","GSM6505133_DonorA","Normal",0.821991709877429
"Mesenchymal","GSM6505134_DonorB","Malignant",0.30557267822893
"Mesenchymal","GSM6505134_DonorB","Boundary",0.670426878198146
"Mesenchymal","GSM6505134_DonorB","Normal",0.637139321913504
"Mesenchymal","GSM6505135_DonorC","Malignant",0.984619153504117
"Mesenchymal","GSM6505135_DonorC","Boundary",1.18975582036329
"Mesenchymal","GSM6505135_DonorC","Normal",1.49157482429613
"Mesenchymal","GSM6506110_SP1","Malignant",0.0994888852108132
"Mesenchymal","GSM6506110_SP1","Boundary",0.287104758179453
"Mesenchymal","GSM6506110_SP1","Normal",0.497230172179693
"Mesenchymal","GSM6506111_SP2","Malignant",0.812419253626621
"Mesenchymal","GSM6506111_SP2","Boundary",1.33092152173246
"Mesenchymal","GSM6506111_SP2","Normal",1.48237130919577
"Mesenchymal","GSM6506112_SP3","Malignant",-0.0693552018025405
"Mesenchymal","GSM6506112_SP3","Boundary",0.112757756394518
"Mesenchymal","GSM6506112_SP3","Normal",0.382100928051043
"Mesenchymal","GSM6506113_SP4","Malignant",-0.143004524007587
"Mesenchymal","GSM6506113_SP4","Boundary",0.051204475287613
"Mesenchymal","GSM6506113_SP4","Normal",0.139322321110291
"Mesenchymal","GSM6506114_SP5","Malignant",0.27445093369696
"Mesenchymal","GSM6506114_SP5","Boundary",0.564450008635856
"Mesenchymal","GSM6506114_SP5","Normal",0.578258704476959
"Mesenchymal","GSM6506115_SP6","Malignant",0.351264635013625
"Mesenchymal","GSM6506115_SP6","Boundary",0.745441677767964
"Mesenchymal","GSM6506115_SP6","Normal",0.895263490748907
"Mesenchymal","GSM6506116_SP7","Malignant",0.203550091539539
"Mesenchymal","GSM6506116_SP7","Boundary",0.206218330317565
"Mesenchymal","GSM6506116_SP7","Normal",0.341435315578161
"Mesenchymal","GSM6506117_SP8","Malignant",-0.101460752740335
"Mesenchymal","GSM6506117_SP8","Boundary",0.0031507233020344
"Mesenchymal","GSM6506117_SP8","Normal",0.287436238712736
"Mesenchymal","GSM6833484_Patient1","Malignant",0.293391582670375
"Mesenchymal","GSM6833484_Patient1","Boundary",0.578627650091618
"Mesenchymal","GSM6833484_Patient1","Normal",0.25829003719441
"Mesenchymal","GSM6833485_Patient2","Malignant",0.092504054621842
"Mesenchymal","GSM6833485_Patient2","Boundary",0.432005705609823
"Mesenchymal","GSM6833485_Patient2","Normal",0.768928580095254
"Mesenchymal","GSM6833486_Patient3","Malignant",-0.22826384984367
"Mesenchymal","GSM6833486_Patient3","Boundary",-0.179394891199518
"Mesenchymal","GSM6833486_Patient3","Normal",0.0943622902850442
"Mesenchymal","GSM6833487_Patient4","Malignant",0.252435001120991
"Mesenchymal","GSM6833487_Patient4","Boundary",0.952217638973587
"Mesenchymal","GSM6833487_Patient4","Normal",0.501301261122309
"Mesenchymal","GSM7019835_OCCR2v","Malignant",0.392095982089856
"Mesenchymal","GSM7019835_OCCR2v","Boundary",0.827135234154145
"Mesenchymal","GSM7019835_OCCR2v","Normal",0.970241875130518
"Mesenchymal","GSM7019836_OCCS3v","Malignant",0.285600055657081
"Mesenchymal","GSM7019836_OCCS3v","Boundary",0.434537064562672
"Mesenchymal","GSM7019836_OCCS3v","Normal",0.553411043343863
"Mesenchymal","GSM7058756","Malignant",-0.306275228888343
"Mesenchymal","GSM7058756","Boundary",0.105976864574155
"Mesenchymal","GSM7058756","Normal",-0.0800565937804975
"Mesenchymal","GSM7058757","Malignant",0.0901549374204601
"Mesenchymal","GSM7058757","Boundary",0.513997808669213
"Mesenchymal","GSM7058757","Normal",0.775146373140872
"Mesenchymal","GSM7058758","Malignant",-0.259497271547281
"Mesenchymal","GSM7058758","Boundary",-0.26133105099897
"Mesenchymal","GSM7058758","Normal",-0.171769936961351
"Mesenchymal","GSM7058759","Malignant",0.590246979613647
"Mesenchymal","GSM7058759","Boundary",0.909015721315707
"Mesenchymal","GSM7058759","Normal",1.09551072485117
"Mesenchymal","GSM7090086_NextSeq2000","Malignant",-0.0138611164645718
"Mesenchymal","GSM7090086_NextSeq2000","Boundary",0.429484219096266
"Mesenchymal","GSM7090086_NextSeq2000","Normal",0.739355859699677
"Mesenchymal","GSM7090087_NextSeq2000","Malignant",0.0786162278492819
"Mesenchymal","GSM7090087_NextSeq2000","Boundary",0.300095953206866
"Mesenchymal","GSM7090087_NextSeq2000","Normal",0.530242098159539
"Mesenchymal","GSM7090088_NextSeq2000","Malignant",0.601657855737952
"Mesenchymal","GSM7090088_NextSeq2000","Boundary",0.443231561716935
"Mesenchymal","GSM7090088_NextSeq2000","Normal",0.192820354177458
"Mesenchymal","GSM7211257_EHU-W3","Malignant",-0.125569543866424
"Mesenchymal","GSM7211257_EHU-W3","Boundary",0.805436408558553
"Mesenchymal","GSM7211257_EHU-W3","Normal",0.429341230678057
"Mesenchymal","GSM7421790_PDAC_1","Malignant",-0.0454171935523813
"Mesenchymal","GSM7421790_PDAC_1","Boundary",0.646388643490552
"Mesenchymal","GSM7421790_PDAC_1","Normal",0.933674511449888
"Mesenchymal","GSM7421791_PDAC_2","Malignant",-0.0084975232349466
"Mesenchymal","GSM7421791_PDAC_2","Boundary",0.841759486311872
"Mesenchymal","GSM7421791_PDAC_2","Normal",0.969487894563504
"Mesenchymal","GSM7421792_PDAC_3","Malignant",0.122780812850154
"Mesenchymal","GSM7421792_PDAC_3","Boundary",0.943871226213561
"Mesenchymal","GSM7421792_PDAC_3","Normal",0.829392648356191
"Mesenchymal","GSM7498811_SS1905133","Malignant",1.00846914707179
"Mesenchymal","GSM7498811_SS1905133","Boundary",1.1960503767865
"Mesenchymal","GSM7498811_SS1905133","Normal",1.21299170152026
"Mesenchymal","GSM7498812_SS1923404","Malignant",1.30239007879332
"Mesenchymal","GSM7498812_SS1923404","Boundary",1.39805048763167
"Mesenchymal","GSM7498812_SS1923404","Normal",1.3103293266013
"Mesenchymal","GSM7498813_SS1945070","Malignant",0.739783162442129
"Mesenchymal","GSM7498813_SS1945070","Boundary",1.00045568765936
"Mesenchymal","GSM7498813_SS1945070","Normal",0.808306803867782
"Mesenchymal","GSM7498814_SS1960050","Malignant",0.513493884161237
"Mesenchymal","GSM7498814_SS1960050","Boundary",0.799275071992849
"Mesenchymal","GSM7498814_SS1960050","Normal",0.992172809167991
"Mesenchymal","GSM7498815_SS2002154","Malignant",1.91593848966444
"Mesenchymal","GSM7498815_SS2002154","Boundary",1.89943885423741
"Mesenchymal","GSM7498815_SS2002154","Normal",1.7330068013957
"Mesenchymal","GSM7498816_SS2005094","Malignant",1.01426102204081
"Mesenchymal","GSM7498816_SS2005094","Boundary",1.05735635543166
"Mesenchymal","GSM7498816_SS2005094","Normal",1.12104966640352
"Mesenchymal","GSM7498817_SS2021309","Malignant",0.515959140261243
"Mesenchymal","GSM7498817_SS2021309","Boundary",0.887787863574676
"Mesenchymal","GSM7498817_SS2021309","Normal",1.26568921884343
"Mesenchymal","GSM7757970_R1-S1","Malignant",0.385544242828659
"Mesenchymal","GSM7757970_R1-S1","Boundary",0.616293088174846
"Mesenchymal","GSM7757970_R1-S1","Normal",0.314203128198196
"Mesenchymal","GSM7757972_R1-S3","Malignant",0.575453163831491
"Mesenchymal","GSM7757972_R1-S3","Boundary",0.812654436896972
"Mesenchymal","GSM7757972_R1-S3","Normal",0.852018660909932
"Mesenchymal","GSM7757973_R1-S4","Malignant",0.807620037798196
"Mesenchymal","GSM7757973_R1-S4","Boundary",0.856027499987341
"Mesenchymal","GSM7757973_R1-S4","Normal",0.970627547577841
"Mesenchymal","GSM7757974_R1-S5","Malignant",0.0156315312790223
"Mesenchymal","GSM7757974_R1-S5","Boundary",0.228698835502448
"Mesenchymal","GSM7757974_R1-S5","Normal",0.238809041643074
"Mesenchymal","GSM7757975_R1-S6","Malignant",0.617194297029975
"Mesenchymal","GSM7757975_R1-S6","Boundary",0.701188162127789
"Mesenchymal","GSM7757975_R1-S6","Normal",0.672128318565456
"Mesenchymal","GSM7757976_R2-S1","Malignant",0.95461820291003
"Mesenchymal","GSM7757976_R2-S1","Boundary",1.03234069781089
"Mesenchymal","GSM7757976_R2-S1","Normal",1.15165603314229
"Mesenchymal","GSM7757977_R2-S2","Malignant",0.836538874756313
"Mesenchymal","GSM7757977_R2-S2","Boundary",1.05370398813942
"Mesenchymal","GSM7757977_R2-S2","Normal",1.10603596528699
"Mesenchymal","GSM7757978_R2-S3","Malignant",1.02549322085712
"Mesenchymal","GSM7757978_R2-S3","Boundary",1.23218038029367
"Mesenchymal","GSM7757978_R2-S3","Normal",1.29536669108969
"Mesenchymal","GSM7757979_R2-S4","Malignant",1.24898165368278
"Mesenchymal","GSM7757979_R2-S4","Boundary",1.28308783549505
"Mesenchymal","GSM7757979_R2-S4","Normal",1.17467093246454
"Mesenchymal","GSM7757980_R2-S5","Malignant",0.457997846545264
"Mesenchymal","GSM7757980_R2-S5","Boundary",0.742031607532177
"Mesenchymal","GSM7757980_R2-S5","Normal",1.02050113847547
"Mesenchymal","GSM7757982_R3-S2","Malignant",0.379407389703698
"Mesenchymal","GSM7757982_R3-S2","Boundary",0.754756229264358
"Mesenchymal","GSM7757982_R3-S2","Normal",1.05246815149295
"Mesenchymal","GSM7757983_R3-S3","Malignant",1.55959468082932
"Mesenchymal","GSM7757983_R3-S3","Boundary",1.60205847944357
"Mesenchymal","GSM7757983_R3-S3","Normal",1.66908841404397
"Mesenchymal","GSM7757984_R3-S4","Malignant",0.537715704808945
"Mesenchymal","GSM7757984_R3-S4","Boundary",0.975112309450448
"Mesenchymal","GSM7757984_R3-S4","Normal",0.956310821079291
"Mesenchymal","GSM7757985_R3-S5","Malignant",0.220357273829628
"Mesenchymal","GSM7757985_R3-S5","Boundary",0.824176990671685
"Mesenchymal","GSM7757985_R3-S5","Normal",1.14279249819127
"Mesenchymal","GSM7777520_A1","Malignant",0.78427434751972
"Mesenchymal","GSM7777520_A1","Boundary",0.920849308443736
"Mesenchymal","GSM7777520_A1","Normal",0.951547604563322
"Mesenchymal","GSM7777521_B1","Malignant",1.57618378551552
"Mesenchymal","GSM7777521_B1","Boundary",1.42516609944406
"Mesenchymal","GSM7777521_B1","Normal",1.33969897248185
"Mesenchymal","GSM7777522_C1","Malignant",0.689862933485942
"Mesenchymal","GSM7777522_C1","Boundary",0.813506375256823
"Mesenchymal","GSM7777522_C1","Normal",0.557405690626351
"Mesenchymal","GSM7777523_D1","Malignant",0.613008212095175
"Mesenchymal","GSM7777523_D1","Boundary",0.405736827341189
"Mesenchymal","GSM7777523_D1","Normal",0.361004394141175
"Mesenchymal","GSM7850822_CHC20","Malignant",0.0613232736199537
"Mesenchymal","GSM7850822_CHC20","Boundary",0.164044384896271
"Mesenchymal","GSM7850822_CHC20","Normal",0.178166354679185
"Mesenchymal","HCC1R","Malignant",0.3445317447342
"Mesenchymal","HCC1R","Boundary",0.589486957420247
"Mesenchymal","HCC1R","Normal",0.42355063148329
"Mesenchymal","HCC3R","Malignant",0.0866885629505725
"Mesenchymal","HCC3R","Boundary",0.103023348002105
"Mesenchymal","HCC3R","Normal",0.112697041067228
"Mesenchymal","HCC4R","Malignant",0.10088467927667
"Mesenchymal","HCC4R","Boundary",0.126458146970148
"Mesenchymal","HCC4R","Normal",0.209810182091218
"Mesenchymal","HCC6NR","Malignant",0.128922445337926
"Mesenchymal","HCC6NR","Boundary",0.134836317485448
"Mesenchymal","HCC6NR","Normal",0.180379424123648
"Mesenchymal","HCC7NR","Malignant",-0.01678902395545
"Mesenchymal","HCC7NR","Boundary",0.0019199870203135
"Mesenchymal","HCC7NR","Normal",0.0217489111337902
"Mesenchymal","HRA000437_HCC-1T","Malignant",0.00854987555876225
"Mesenchymal","HRA000437_HCC-1T","Boundary",0.25058623166228
"Mesenchymal","HRA000437_HCC-1T","Normal",0.122432557902557
"Mesenchymal","HRA000437_HCC-2T","Malignant",0.0250519471572228
"Mesenchymal","HRA000437_HCC-2T","Boundary",0.331809751176538
"Mesenchymal","HRA000437_HCC-2T","Normal",0.613208449679836
"Mesenchymal","HRA000437_HCC-3T","Malignant",0.0067363496803307
"Mesenchymal","HRA000437_HCC-3T","Boundary",-0.0030533236606524
"Mesenchymal","HRA000437_HCC-3T","Normal",-0.0150866336468226
"Mesenchymal","HRA000437_HCC-4T","Malignant",0.0062580310007979
"Mesenchymal","HRA000437_HCC-4T","Boundary",0.0346250747910514
"Mesenchymal","HRA000437_HCC-4T","Normal",0.0333806831489424
"Mesenchymal","Parent_Visium_Human_BreastCancer_201027","Malignant",0.793950429804265
"Mesenchymal","Parent_Visium_Human_BreastCancer_201027","Boundary",0.698874661137222
"Mesenchymal","Parent_Visium_Human_BreastCancer_201027","Normal",0.821329938956461
"Mesenchymal","Parent_Visium_Human_ColorectalCancer_201027","Malignant",-0.307866728744182
"Mesenchymal","Parent_Visium_Human_ColorectalCancer_201027","Boundary",-0.142941479894304
"Mesenchymal","Parent_Visium_Human_ColorectalCancer_201027","Normal",0.119572640507162
"Mesenchymal","Parent_Visium_Human_OvarianCancer_201027","Malignant",-0.0180874652988807
"Mesenchymal","Parent_Visium_Human_OvarianCancer_201027","Boundary",0.49497785383395
"Mesenchymal","Parent_Visium_Human_OvarianCancer_201027","Normal",0.832443971143684
"Mesenchymal","S16_43398","Malignant",0.942447048884629
"Mesenchymal","S16_43398","Boundary",1.22600082483143
"Mesenchymal","S16_43398","Normal",1.42517641767303
"Mesenchymal","S20_47598","Malignant",0.259567583064615
"Mesenchymal","S20_47598","Boundary",1.01275511704528
"Mesenchymal","S20_47598","Normal",0.693156536091359
"Mesenchymal","S20_61122","Malignant",0.852926036701751
"Mesenchymal","S20_61122","Boundary",0.85693379081013
"Mesenchymal","S20_61122","Normal",0.916109311464566
"Mesenchymal","S20_63981","Malignant",1.52207833424555
"Mesenchymal","S20_63981","Boundary",1.46254271676105
"Mesenchymal","S20_63981","Normal",1.12571010878385
"Mesenchymal","S21_10267","Malignant",0.317912677184301
"Mesenchymal","S21_10267","Boundary",0.307509817180361
"Mesenchymal","S21_10267","Normal",0.128095321682137
"Mesenchymal","SN048_A121573_Rep1","Malignant",-0.149848456542544
"Mesenchymal","SN048_A121573_Rep1","Boundary",-0.0447449026806105
"Mesenchymal","SN048_A121573_Rep1","Normal",-0.0592561867813025
"Mesenchymal","SN048_A121573_Rep2","Malignant",-0.163517239010666
"Mesenchymal","SN048_A121573_Rep2","Boundary",-0.00644849270026515
"Mesenchymal","SN048_A121573_Rep2","Normal",-0.0592168401216286
"Mesenchymal","SN048_A416371_Rep1","Malignant",-0.0281682271159216
"Mesenchymal","SN048_A416371_Rep1","Boundary",0.118856275443414
"Mesenchymal","SN048_A416371_Rep1","Normal",0.119020506787195
"Mesenchymal","SN048_A416371_Rep2","Malignant",0.263867865767552
"Mesenchymal","SN048_A416371_Rep2","Boundary",0.305734400756878
"Mesenchymal","SN048_A416371_Rep2","Normal",0.168616814025432
"Mesenchymal","SN123_A551763_Rep1","Malignant",0.190339922383341
"Mesenchymal","SN123_A551763_Rep1","Boundary",0.302527241449298
"Mesenchymal","SN123_A551763_Rep1","Normal",0.408049371354097
"Mesenchymal","SN123_A595688_Rep1","Malignant",0.215935698353085
"Mesenchymal","SN123_A595688_Rep1","Boundary",0.756498932320165
"Mesenchymal","SN123_A595688_Rep1","Normal",0.224403890125755
"Mesenchymal","SN123_A938797_Rep1_X","Malignant",0.272015401304707
"Mesenchymal","SN123_A938797_Rep1_X","Boundary",0.908951775099687
"Mesenchymal","SN123_A938797_Rep1_X","Normal",1.16445848773477
"Mesenchymal","SN124_A551763_Rep2","Malignant",0.137994347621181
"Mesenchymal","SN124_A551763_Rep2","Boundary",0.309219943541664
"Mesenchymal","SN124_A551763_Rep2","Normal",0.414198127683524
"Mesenchymal","SN124_A595688_Rep2","Malignant",-0.0177964435911424
"Mesenchymal","SN124_A595688_Rep2","Boundary",0.491021198134583
"Mesenchymal","SN124_A595688_Rep2","Normal",0.499110316320353
"Mesenchymal","SN124_A938797_Rep2","Malignant",0.173925401518488
"Mesenchymal","SN124_A938797_Rep2","Boundary",0.906924659861527
"Mesenchymal","SN124_A938797_Rep2","Normal",1.21051381669325
"Mesenchymal","SN84_A120838_Rep1","Malignant",0.208749778814908
"Mesenchymal","SN84_A120838_Rep1","Boundary",0.638307282587358
"Mesenchymal","SN84_A120838_Rep1","Normal",1.18137087376651
"Mesenchymal","SN84_A120838_Rep2","Malignant",-0.0367894256082401
"Mesenchymal","SN84_A120838_Rep2","Boundary",0.433906574996872
"Mesenchymal","SN84_A120838_Rep2","Normal",0.863927399224269
"Mesenchymal","V10F24-015_A1","Malignant",0.256525588492995
"Mesenchymal","V10F24-015_A1","Boundary",0.357684398197188
"Mesenchymal","V10F24-015_A1","Normal",0.166386477390861
"Mesenchymal","V10F24-015_B1","Malignant",0.285601187455993
"Mesenchymal","V10F24-015_B1","Boundary",0.327671194975081
"Mesenchymal","V10F24-015_B1","Normal",0.15936030231325
"Mesenchymal","V10F24-015_C1","Malignant",0.219668028453687
"Mesenchymal","V10F24-015_C1","Boundary",0.220397952858531
"Mesenchymal","V10F24-015_C1","Normal",0.0894061722973994
"Mesenchymal","V10F24-015_D1","Malignant",-0.0909492754479672
"Mesenchymal","V10F24-015_D1","Boundary",-0.107580457278106
"Mesenchymal","V10F24-015_D1","Normal",0.141588055967916
"Mesenchymal","V11A20-405_C1","Malignant",-0.374773832574039
"Mesenchymal","V11A20-405_C1","Boundary",-0.325951992610958
"Mesenchymal","V11A20-405_C1","Normal",0.038405089719199
"Mesenchymal","V11A20-405_D1","Malignant",-0.386911968894449
"Mesenchymal","V11A20-405_D1","Boundary",-0.323132235897673
"Mesenchymal","V11A20-405_D1","Normal",-0.0422035312758663
"Mesenchymal","V11M22-349_C1","Malignant",-0.279670190095863
"Mesenchymal","V11M22-349_C1","Boundary",-0.191280659284511
"Mesenchymal","V11M22-349_C1","Normal",0.0993333681509925
"Mesenchymal","V11M22-349_D1","Malignant",0.134170535313457
"Mesenchymal","V11M22-349_D1","Boundary",0.147033683433792
"Mesenchymal","V11M22-349_D1","Normal",-0.109568874782524
"Mesenchymal","V1_Breast_Cancer_Block_A_Section_2_200623","Malignant",-0.186482783677336
"Mesenchymal","V1_Breast_Cancer_Block_A_Section_2_200623","Boundary",0.0102798901912091
"Mesenchymal","V1_Breast_Cancer_Block_A_Section_2_200623","Normal",0.141596311672585
"Mesenchymal","V1_Human_Invasive_Ductal_Carcinoma_210511","Malignant",0.367530628079414
"Mesenchymal","V1_Human_Invasive_Ductal_Carcinoma_210511","Boundary",0.344266737825367
"Mesenchymal","V1_Human_Invasive_Ductal_Carcinoma_210511","Normal",0.209005703104618
"Mesenchymal","Visium_FFPE_Human_Breast_Cancer_210609","Malignant",0.152247301884994
"Mesenchymal","Visium_FFPE_Human_Breast_Cancer_210609","Boundary",0.781285211959629
"Mesenchymal","Visium_FFPE_Human_Breast_Cancer_210609","Normal",1.09019925110547
"Mesenchymal","Visium_FFPE_Human_Intestinal_Cancer_220329","Malignant",0.439404875755456
"Mesenchymal","Visium_FFPE_Human_Intestinal_Cancer_220329","Boundary",0.940436649503711
"Mesenchymal","Visium_FFPE_Human_Intestinal_Cancer_220329","Normal",1.09416400842842
"Mesenchymal","Visium_FFPE_Human_Ovarian_Cancer_220329","Malignant",0.684664088913193
"Mesenchymal","Visium_FFPE_Human_Ovarian_Cancer_220329","Boundary",0.0585360002272983
"Mesenchymal","Visium_FFPE_Human_Ovarian_Cancer_220329","Normal",0.0189622333188804
"Mesenchymal","Visium_FFPE_Human_Prostate_Acinar_Cell_Carcinoma_211009","Malignant",-0.012582935746766
"Mesenchymal","Visium_FFPE_Human_Prostate_Acinar_Cell_Carcinoma_211009","Boundary",0.229397790148937
"Mesenchymal","Visium_FFPE_Human_Prostate_Acinar_Cell_Carcinoma_211009","Normal",0.215537413645015
"Mesenchymal","Visium_FFPE_Human_Prostate_Cancer_210609","Malignant",-0.110522715958994
"Mesenchymal","Visium_FFPE_Human_Prostate_Cancer_210609","Boundary",0.188831246099026
"Mesenchymal","Visium_FFPE_Human_Prostate_Cancer_210609","Normal",0.401549243027324
"Mesenchymal","Visium_FFPE_Human_Prostate_IF_220713","Malignant",0.25797603351931
"Mesenchymal","Visium_FFPE_Human_Prostate_IF_220713","Boundary",0.492084379462115
"Mesenchymal","Visium_FFPE_Human_Prostate_IF_220713","Normal",0.563810620904663
"Mesenchymal","Visium_Human_Breast_Cancer_220702","Malignant",-0.02320184197393
"Mesenchymal","Visium_Human_Breast_Cancer_220702","Boundary",0.277311899040058
"Mesenchymal","Visium_Human_Breast_Cancer_220702","Normal",0.211995337495466
"Mesenchymal","WSSKNKCLsp12140270","Malignant",0.403096388802527
"Mesenchymal","WSSKNKCLsp12140270","Boundary",0.711640986981257
"Mesenchymal","WSSKNKCLsp12140270","Normal",1.15251449621113
"Mesenchymal","WSSKNKCLsp12140271","Malignant",0.563954752992575
"Mesenchymal","WSSKNKCLsp12140271","Boundary",0.959368701219116
"Mesenchymal","WSSKNKCLsp12140271","Normal",0.98683808828233
"Mesenchymal","WSSKNKCLsp12140272","Malignant",0.318940209905066
"Mesenchymal","WSSKNKCLsp12140272","Boundary",0.871412782612211
"Mesenchymal","WSSKNKCLsp12140272","Normal",1.00291312394689
"Mesenchymal","WSSKNKCLsp12140273","Malignant",0.209785335412105
"Mesenchymal","WSSKNKCLsp12140273","Boundary",0.149389591740003
"Mesenchymal","WSSKNKCLsp12140273","Normal",1.00690524299268
"Mesenchymal","WSSKNKCLsp12887267","Malignant",0.358392112071566
"Mesenchymal","WSSKNKCLsp12887267","Boundary",0.484199103117416
"Mesenchymal","WSSKNKCLsp12887267","Normal",0.677559468310342
"Mesenchymal","WSSKNKCLsp12887268","Malignant",0.667081721157882
"Mesenchymal","WSSKNKCLsp12887268","Boundary",0.761870911348534
"Mesenchymal","WSSKNKCLsp12887268","Normal",1.26655687043716
"Mesenchymal","WSSKNKCLsp12887269","Malignant",1.17150797785943
"Mesenchymal","WSSKNKCLsp12887269","Boundary",1.13093563653018
"Mesenchymal","WSSKNKCLsp12887269","Normal",1.15671924760435
"Mesenchymal","WSSKNKCLsp12887270","Malignant",0.430197479367592
"Mesenchymal","WSSKNKCLsp12887270","Boundary",0.552389174817496
"Mesenchymal","WSSKNKCLsp12887270","Normal",0.690566732165039
"Mesenchymal","Zenodo10119273_Tumor2","Malignant",0.249490382191007
"Mesenchymal","Zenodo10119273_Tumor2","Boundary",0.450894989117043
"Mesenchymal","Zenodo10119273_Tumor2","Normal",0.624811501551069
"Mesenchymal","scCRLM_Atlas_ST-colon1","Malignant",-0.255746787395215
"Mesenchymal","scCRLM_Atlas_ST-colon1","Boundary",0.0676909685827251
"Mesenchymal","scCRLM_Atlas_ST-colon1","Normal",0.0147871546895091
"Mesenchymal","scCRLM_Atlas_ST-colon2","Malignant",0.703020663757834
"Mesenchymal","scCRLM_Atlas_ST-colon2","Boundary",0.929435224435561
"Mesenchymal","scCRLM_Atlas_ST-colon2","Normal",0.844266881159198
"Mesenchymal","scCRLM_Atlas_ST-colon3","Malignant",0.856013863689251
"Mesenchymal","scCRLM_Atlas_ST-colon3","Boundary",0.905841770766922
"Mesenchymal","scCRLM_Atlas_ST-colon3","Normal",1.07382522309104
"Mesenchymal","scCRLM_Atlas_ST-colon4","Malignant",-0.502477235524975
"Mesenchymal","scCRLM_Atlas_ST-colon4","Boundary",-0.314128724080928
"Mesenchymal","scCRLM_Atlas_ST-colon4","Normal",-0.185111460296318
