LR pair,Median Jaccard index,No. of cancer types tested,No. of cancer types with P < 0.01,Replication P value,BH-adjusted q value (FDR),Rank
PLAU-PLAUR,0.0571480406386065,13,13,1e-26,2.32333333333333e-24,1
FN1-PLAUR,0.0471175166297117,13,12,1.288e-23,1.12217e-21,2
PLAU-ITGB2,0.0442110405471421,13,13,1e-26,2.32333333333333e-24,3
SPP1-ITGA5,0.043167701863354,13,13,1e-26,2.32333333333333e-24,4
APOE-TREM2,0.0419377527694742,13,9,6.8960885995e-16,6.49536993763716e-15,5
SERPINE1-PLAUR,0.0418367346938775,13,12,1.288e-23,1.12217e-21,6
CD14-ITGB2,0.0411595672751859,13,10,2.7827128e-18,4.51058330604651e-17,7
SELPLG-ITGB2,0.0374125874125873,13,10,2.7827128e-18,4.51058330604651e-17,8
FN1-ITGA5,0.037087912087912,13,10,2.7827128e-18,4.51058330604651e-17,9
S100A9-CD68,0.0354782882315921,13,12,1.288e-23,1.12217e-21,10
ALOX5AP-ALOX5,0.0350985221674876,13,11,7.65766e-21,2.96521612222222e-19,11
ICAM1-ITGAX,0.0349671705603908,13,11,7.65766e-21,2.96521612222222e-19,12
S100A9-ITGB2,0.0346925133689839,13,10,2.7827128e-18,4.51058330604651e-17,13
PLAU-ITGA5,0.0343719571567672,13,13,1e-26,2.32333333333333e-24,14
TNC-ITGA5,0.0339080459770114,13,9,6.8960885995e-16,6.49536993763716e-15,15
ICAM1-ITGB2,0.0333333333333333,13,11,7.65766e-21,2.96521612222222e-19,16
LAMB3-ITGB4,0.0317540322580645,13,8,1.2308202828208e-13,7.49241691813185e-13,17
SPP1-ITGAV,0.0317460317460317,13,11,7.65766e-21,2.96521612222222e-19,18
MMP9-ITGB2,0.0299663299663299,13,11,7.65766e-21,2.96521612222222e-19,19
LAMB3-ITGA2,0.0298573975044563,13,7,1.62788813920032e-11,6.81464284097673e-11,20
PLAU-ITGAM,0.0295138888888888,13,13,1e-26,2.32333333333333e-24,21
SPP1-CD44,0.0294372294372294,13,11,7.65766e-21,2.96521612222222e-19,22
CSF1-CSF1R,0.0288812428318214,13,10,2.7827128e-18,4.51058330604651e-17,23
PLAU-ITGAV,0.0288501452885014,13,13,1e-26,2.32333333333333e-24,24
S100A8-ITGB2,0.0278637770897832,13,12,1.288e-23,1.12217e-21,25
SYK-FCGR2A,0.0274436090225563,13,10,2.7827128e-18,4.51058330604651e-17,26
ADAM9-ITGAV,0.0274024024024023,13,8,1.2308202828208e-13,7.49241691813185e-13,27
GRN-TNFRSF1A,0.0272121436504998,13,10,2.7827128e-18,4.51058330604651e-17,28
LAMB3-ITGA3,0.0267261904761904,13,10,2.7827128e-18,4.51058330604651e-17,29
TNC-SDC4,0.0266714082503555,13,8,1.2308202828208e-13,7.49241691813185e-13,30
TNFSF12-TNFRSF12A,0.0260135135135135,13,8,1.2308202828208e-13,7.49241691813185e-13,31
PLAU-ITGB1,0.0258161225849433,13,11,7.65766e-21,2.96521612222222e-19,32
SERPINE1-ITGAV,0.0256410256410256,13,9,6.8960885995e-16,6.49536993763716e-15,33
PLAU-IGF2R,0.0250352057580972,13,11,7.65766e-21,2.96521612222222e-19,34
S100A8-CD68,0.0245629897528631,13,10,2.7827128e-18,4.51058330604651e-17,35
COL7A1-ITGA2,0.0244047619047619,13,7,1.62788813920032e-11,6.81464284097673e-11,36
FN1-SDC2,0.0244047619047619,13,8,1.2308202828208e-13,7.49241691813185e-13,37
ANXA1-FPR3,0.0244047619047619,13,10,2.7827128e-18,4.51058330604651e-17,38
CD14-TLR4,0.0230857851825593,13,8,1.2308202828208e-13,7.49241691813185e-13,39
SYK-LAT,0.0227390180878552,13,6,1.61570301840039e-09,5.00508890588923e-09,40
ADAM17-RHBDF2,0.0227272727272727,13,5,1.20372945191273e-07,2.71960916688226e-07,41
COL4A1-ITGA1,0.022100122100122,13,8,1.2308202828208e-13,7.49241691813185e-13,42
ICAM3-ITGB2,0.0219024780175859,13,10,2.7827128e-18,4.51058330604651e-17,43
SPP1-ITGB1,0.021780303030303,13,11,7.65766e-21,2.96521612222222e-19,44
ICAM1-ITGAM,0.0212765957446808,13,8,1.2308202828208e-13,7.49241691813185e-13,45
FN1-ITGAV,0.021164613661814,13,10,2.7827128e-18,4.51058330604651e-17,46
FN1-C5AR1,0.0210736468500443,13,11,7.65766e-21,2.96521612222222e-19,47
VCAM1-ITGB2,0.0209831254585472,13,11,7.65766e-21,2.96521612222222e-19,48
ADAM17-ITGA5,0.0208423795049934,13,7,1.62788813920032e-11,6.81464284097673e-11,49
PLAU-ITGB5,0.0207303974221267,13,7,1.62788813920032e-11,6.81464284097673e-11,50
PLAU-ST14,0.0207303974221267,13,10,2.7827128e-18,4.51058330604651e-17,51
GRN-TNFRSF1B,0.0206207482993197,13,9,6.8960885995e-16,6.49536993763716e-15,52
INHBA-ACVR1,0.020545073375262,13,5,1.20372945191273e-07,2.71960916688226e-07,53
COL6A2-ITGA1,0.0204166666666666,13,12,1.288e-23,1.12217e-21,54
LAMB3-ITGB1,0.0202205882352941,13,10,2.7827128e-18,4.51058330604651e-17,55
ADAM9-ITGA3,0.020204081632653,13,5,1.20372945191273e-07,2.71960916688226e-07,56
COL4A1-ITGAV,0.0201010101010101,13,10,2.7827128e-18,4.51058330604651e-17,57
ADAM9-ITGB1,0.0201010101010101,13,7,1.62788813920032e-11,6.81464284097673e-11,58
BMP1-BMPR2,0.02,13,7,1.62788813920032e-11,6.81464284097673e-11,59
S100A9-TLR4,0.0198039215686274,13,10,2.7827128e-18,4.51058330604651e-17,60
GRN-EGFR,0.0197049116676373,13,6,1.61570301840039e-09,5.00508890588923e-09,61
SEMA3F-PLXNA1,0.0197049116676373,13,4,6.6520212646993e-06,1.19342569407861e-05,62
LGALS1-PTPRC,0.0196824987093442,13,11,7.65766e-21,2.96521612222222e-19,63
S100A9-ALCAM,0.0193987025948103,13,9,6.8960885995e-16,6.49536993763716e-15,64
APOE-SCARB1,0.019373299559058,13,8,1.2308202828208e-13,7.49241691813185e-13,65
SEMA4B-DCBLD2,0.0193023833167824,13,5,1.20372945191273e-07,2.71960916688226e-07,66
HSP90B1-TLR2,0.0192307692307692,13,6,1.61570301840039e-09,5.00508890588923e-09,67
HSPA4-TLR4,0.0189590493519329,13,11,7.65766e-21,2.96521612222222e-19,68
ICAM2-ITGB2,0.0186932215234101,13,8,1.2308202828208e-13,7.49241691813185e-13,69
ICAM1-EGFR,0.0186310479247878,13,5,1.20372945191273e-07,2.71960916688226e-07,70
VCAN-TLR2,0.0185185185185185,13,7,1.62788813920032e-11,6.81464284097673e-11,71
TNC-ITGA2,0.0185147229623556,13,6,1.61570301840039e-09,5.00508890588923e-09,72
LGALS8-ITGA3,0.018480667688639,13,5,1.20372945191273e-07,2.71960916688226e-07,73
LAMA5-ITGB4,0.0184367034834324,13,8,1.2308202828208e-13,7.49241691813185e-13,74
LAMB1-ITGA1,0.0184246112237998,13,6,1.61570301840039e-09,5.00508890588923e-09,75
LAMB3-CD151,0.0183625336927223,13,10,2.7827128e-18,4.51058330604651e-17,76
MFGE8-ITGAV,0.0183501683501683,13,6,1.61570301840039e-09,5.00508890588923e-09,77
GPI-AMFR,0.0183501683501683,13,1,0.122478977001032,0.128759950180572,78
S100A8-TLR4,0.0183110367892976,13,10,2.7827128e-18,4.51058330604651e-17,79
PLAT-ITGAM,0.0181818181818181,13,8,1.2308202828208e-13,7.49241691813185e-13,80
EFNA1-EPHA2,0.0181818181818181,13,2,0.0072489436779352,0.00862203710498436,81
APOE-ABCA1,0.0180194805194804,13,10,2.7827128e-18,4.51058330604651e-17,82
CXCL10-SDC4,0.0177005012531328,13,10,2.7827128e-18,4.51058330604651e-17,83
SEMA7A-ITGA1,0.017662620603797,13,6,1.61570301840039e-09,5.00508890588923e-09,84
HEBP1-FPR3,0.0176214873466852,13,7,1.62788813920032e-11,6.81464284097673e-11,85
PSAP-SORT1,0.0175640435649639,13,10,2.7827128e-18,4.51058330604651e-17,86
AGRN-ITGB1,0.0175492610837438,13,7,1.62788813920032e-11,6.81464284097673e-11,87
GNAI2-ADCY7,0.0174702471772962,13,9,6.8960885995e-16,6.49536993763716e-15,88
VEGFC-NRP2,0.0173926194797338,13,6,1.61570301840039e-09,5.00508890588923e-09,89
ADAM9-ITGB5,0.0172413793103448,13,5,1.20372945191273e-07,2.71960916688226e-07,90
COL6A3-ITGA1,0.0172413793103448,13,8,1.2308202828208e-13,7.49241691813185e-13,91
COL7A1-ITGB1,0.0172388280556377,13,9,6.8960885995e-16,6.49536993763716e-15,92
CXCL9-FCGR2A,0.0170952659263588,13,8,1.2308202828208e-13,7.49241691813185e-13,93
TNC-ITGAV,0.0170289855072463,13,9,6.8960885995e-16,6.49536993763716e-15,94
FN1-ITGB1,0.0169686511360368,13,9,6.8960885995e-16,6.49536993763716e-15,95
SPP1-ITGB5,0.0165300546448087,13,8,1.2308202828208e-13,7.49241691813185e-13,96
TIMP2-ITGB1,0.0165300546448087,13,8,1.2308202828208e-13,7.49241691813185e-13,97
SPINT1-ST14,0.016508152173913,13,3,0.000265305294717217,0.000378542047938383,98
MMP9-CD44,0.0164331896551724,13,12,1.288e-23,1.12217e-21,99
PDGFB-ITGAV,0.0164110842076943,13,8,1.2308202828208e-13,7.49241691813185e-13,100
COL1A1-ITGAV,0.0162698412698411,13,9,6.8960885995e-16,6.49536993763716e-15,101
LAMC1-ITGB1,0.0162612374405076,13,5,1.20372945191273e-07,2.71960916688226e-07,102
PSEN1-NCSTN,0.0161967213114754,13,3,0.000265305294717217,0.000378542047938383,103
MMP9-ITGAM,0.0156288156288155,13,12,1.288e-23,1.12217e-21,104
ADAM10-GPNMB,0.015399194503672,13,10,2.7827128e-18,4.51058330604651e-17,105
VEGFA-NRP1,0.0151411657559198,13,4,6.6520212646993e-06,1.19342569407861e-05,106
SEMA3F-NRP1,0.0149553571428571,13,6,1.61570301840039e-09,5.00508890588923e-09,107
DSC2-DSG2,0.0148547535211267,13,2,0.0072489436779352,0.00862203710498436,108
PLAT-ITGB2,0.0147345612134344,13,9,6.8960885995e-16,6.49536993763716e-15,109
APOE-SDC2,0.0147090633787583,13,9,6.8960885995e-16,6.49536993763716e-15,110
LIN7C-ABCA1,0.0147058823529411,13,5,1.20372945191273e-07,2.71960916688226e-07,111
SEMA4A-PLXNB2,0.0146307725047882,13,3,0.000265305294717217,0.000378542047938383,112
SEMA7A-PLXNC1,0.0146055437100212,13,7,1.62788813920032e-11,6.81464284097673e-11,113
ARPC5-LDLR,0.0145692567567567,13,8,1.2308202828208e-13,7.49241691813185e-13,114
FADD-TRAF2,0.0145202020202019,13,3,0.000265305294717217,0.000378542047938383,115
COL4A1-ITGB1,0.0144957983193276,13,7,1.62788813920032e-11,6.81464284097673e-11,116
PLAU-ITGA3,0.0143936300530828,13,11,7.65766e-21,2.96521612222222e-19,117
BMP1-BMPR1A,0.0143892339544513,13,5,1.20372945191273e-07,2.71960916688226e-07,118
ICAM1-MUC1,0.0142973856209149,13,8,1.2308202828208e-13,7.49241691813185e-13,119
FBN1-ITGA5,0.0142712550607287,13,9,6.8960885995e-16,6.49536993763716e-15,120
WNT5A-PTK7,0.0140873015873014,13,6,1.61570301840039e-09,5.00508890588923e-09,121
LAMA5-ITGA3,0.0139921722113502,13,6,1.61570301840039e-09,5.00508890588923e-09,122
LAMA5-ITGA2,0.0139921722113502,13,4,6.6520212646993e-06,1.19342569407861e-05,123
APOE-LRP5,0.0139921722113502,13,7,1.62788813920032e-11,6.81464284097673e-11,124
SELPLG-ITGAM,0.0138729429774205,13,9,6.8960885995e-16,6.49536993763716e-15,125
WNT5A-LDLR,0.0137398833051006,13,4,6.6520212646993e-06,1.19342569407861e-05,126
ICAM1-ITGAL,0.0136212008895478,13,7,1.62788813920032e-11,6.81464284097673e-11,127
SEMA3F-PLXNA3,0.0134505021520803,13,1,0.122478977001032,0.128759950180572,128
SEMA4A-NRP1,0.0133928571428571,13,5,1.20372945191273e-07,2.71960916688226e-07,129
COL4A2-CD93,0.0133428215619996,13,3,0.000265305294717217,0.000378542047938383,130
SEMA7A-ITGB1,0.0131601731601731,13,6,1.61570301840039e-09,5.00508890588923e-09,131
SEMA4C-PLXNB2,0.0130905679686167,13,5,1.20372945191273e-07,2.71960916688226e-07,132
GNAI2-C5AR1,0.013076923076923,13,12,1.288e-23,1.12217e-21,133
LGALS1-ITGB1,0.0130105401844532,13,9,6.8960885995e-16,6.49536993763716e-15,134
COL18A1-ITGA5,0.0129957805907172,13,9,6.8960885995e-16,6.49536993763716e-15,135
NID1-ITGAV,0.0129870129870129,13,8,1.2308202828208e-13,7.49241691813185e-13,136
TIMP1-CD63,0.0129468760441029,13,10,2.7827128e-18,4.51058330604651e-17,137
TNFSF10-RIPK1,0.0129037629037628,13,4,6.6520212646993e-06,1.19342569407861e-05,138
TNC-ITGB1,0.0128968253968253,13,9,6.8960885995e-16,6.49536993763716e-15,139
C1QA-CD93,0.0128395061728394,13,11,7.65766e-21,2.96521612222222e-19,140
FN1-ITGA2,0.0127517868745938,13,10,2.7827128e-18,4.51058330604651e-17,141
LAMA3-ITGB4,0.0127435064935064,13,7,1.62788813920032e-11,6.81464284097673e-11,142
TNFSF10-TNFRSF10B,0.0126602310492166,13,5,1.20372945191273e-07,2.71960916688226e-07,143
FADD-ABCA1,0.0122704004817825,13,7,1.62788813920032e-11,6.81464284097673e-11,144
COL1A1-ITGA11,0.0122245913290689,13,10,2.7827128e-18,4.51058330604651e-17,145
MTMR4-SMAD3,0.0121345029239765,13,2,0.0072489436779352,0.00862203710498436,146
ICAM1-IL2RG,0.0120551924473492,13,8,1.2308202828208e-13,7.49241691813185e-13,147
SEMA3F-NRP2,0.0120109321058687,13,7,1.62788813920032e-11,6.81464284097673e-11,148
LAMC1-ITGA3,0.0119799139167862,13,9,6.8960885995e-16,6.49536993763716e-15,149
TNFSF13B-CD40,0.0116847826086956,13,10,2.7827128e-18,4.51058330604651e-17,150
GNAI2-PTPRU,0.0115922718187874,13,7,1.62788813920032e-11,6.81464284097673e-11,151
BGN-TLR2,0.0115703584804708,13,9,6.8960885995e-16,6.49536993763716e-15,152
EFNA4-EPHA2,0.0114957716701902,13,1,0.122478977001032,0.128759950180572,153
LAMC1-ITGAV,0.0113171355498721,13,6,1.61570301840039e-09,5.00508890588923e-09,154
COL5A1-ITGA1,0.0112004950495049,13,6,1.61570301840039e-09,5.00508890588923e-09,155
APOE-SORL1,0.0111902975743935,13,8,1.2308202828208e-13,7.49241691813185e-13,156
LAMC1-ITGA2,0.0111735330836453,13,5,1.20372945191273e-07,2.71960916688226e-07,157
LAMB3-ITGA6,0.0109017656120392,13,4,6.6520212646993e-06,1.19342569407861e-05,158
SPP1-ITGA9,0.0108811354228266,13,8,1.2308202828208e-13,7.49241691813185e-13,159
ADAM10-MET,0.0108364573570758,13,4,6.6520212646993e-06,1.19342569407861e-05,160
SEMA4D-PLXNB2,0.0108187134502923,13,5,1.20372945191273e-07,2.71960916688226e-07,161
FN1-IL17RC,0.0107726167033475,13,9,6.8960885995e-16,6.49536993763716e-15,162
LAMA4-ITGB1,0.0106323132313231,13,5,1.20372945191273e-07,2.71960916688226e-07,163
C1QA-CSPG4,0.0104872881355932,13,11,7.65766e-21,2.96521612222222e-19,164
ADAM10-TSPAN17,0.0102307130180602,13,2,0.0072489436779352,0.00862203710498436,165
PLAU-VLDLR,0.0102211097204839,13,9,6.8960885995e-16,6.49536993763716e-15,166
S100A9-CD36,0.0101010101010101,13,9,6.8960885995e-16,6.49536993763716e-15,167
COL5A2-ITGB1,0.0100160256410256,13,8,1.2308202828208e-13,7.49241691813185e-13,168
ADAM17-NOTCH1,0.00997512437810945,13,0,1.0,1.0,169
JAM3-ITGB2,0.0099143548687395,13,8,1.2308202828208e-13,7.49241691813185e-13,170
GRN-SORT1,0.0099097331240188,13,7,1.62788813920032e-11,6.81464284097673e-11,171
VEGFA-NRP2,0.0097563297163525,13,6,1.61570301840039e-09,5.00508890588923e-09,172
PLTP-ABCA1,0.00968013468013465,13,7,1.62788813920032e-11,6.81464284097673e-11,173
CTHRC1-FZD6,0.0096682508619886,13,6,1.61570301840039e-09,5.00508890588923e-09,174
ADAM17-IL6R,0.00961627369394355,13,3,0.000265305294717217,0.000378542047938383,175
SEMA3C-PLXND1,0.0095376510128077,13,7,1.62788813920032e-11,6.81464284097673e-11,176
LAMB1-ITGB1,0.00948911674761645,13,4,6.6520212646993e-06,1.19342569407861e-05,177
EDIL3-ITGAV,0.0094788858939802,13,6,1.61570301840039e-09,5.00508890588923e-09,178
CALR-ITGAV,0.00945499955400945,13,8,1.2308202828208e-13,7.49241691813185e-13,179
COL5A1-SDC3,0.00921835174171615,13,7,1.62788813920032e-11,6.81464284097673e-11,180
FN1-ITGB8,0.00920634920634915,13,6,1.61570301840039e-09,5.00508890588923e-09,181
HRAS-CAV1,0.0091743119266055,13,4,6.6520212646993e-06,1.19342569407861e-05,182
VEGFA-ITGAV,0.009009009009009,13,8,1.2308202828208e-13,7.49241691813185e-13,183
WNT5A-RYK,0.00888750292352065,13,3,0.000265305294717217,0.000378542047938383,184
COL4A1-ITGA2,0.0087726048480184,13,7,1.62788813920032e-11,6.81464284097673e-11,185
TNFSF13B-TFRC,0.0086859856050043,13,8,1.2308202828208e-13,7.49241691813185e-13,186
IRAK4-TLR4,0.0086378737541528,13,3,0.000265305294717217,0.000378542047938383,187
LAMB1-ITGB4,0.00863095238095235,13,7,1.62788813920032e-11,6.81464284097673e-11,188
ADAM10-TSPAN15,0.00858671171171165,13,3,0.000265305294717217,0.000378542047938383,189
EFNB1-ERBB2,0.00842512457382635,13,3,0.000265305294717217,0.000378542047938383,190
ADAM17-MET,0.00816461998008625,13,3,0.000265305294717217,0.000378542047938383,191
WNT5A-PTPRK,0.0079834605597964,13,2,0.0072489436779352,0.00862203710498436,192
MMP9-IFNAR1,0.00798079807980795,13,9,6.8960885995e-16,6.49536993763716e-15,193
MDK-SDC4,0.00797432964798575,13,2,0.0072489436779352,0.00862203710498436,194
WNT5A-FZD6,0.00773016792125065,13,4,6.6520212646993e-06,1.19342569407861e-05,195
ADAM15-ITGAV,0.0077036599763872,13,4,6.6520212646993e-06,1.19342569407861e-05,196
SEMA4D-PLXNB1,0.0075653762704122,13,4,6.6520212646993e-06,1.19342569407861e-05,197
FARP2-PLXNA3,0.0075481371767118,13,2,0.0072489436779352,0.00862203710498436,198
SEMA3C-NRP2,0.00749586435070305,13,8,1.2308202828208e-13,7.49241691813185e-13,199
ANXA1-DYSF,0.0074054621848739,13,8,1.2308202828208e-13,7.49241691813185e-13,200
CD14-ITGA4,0.0073291452503331,13,9,6.8960885995e-16,6.49536993763716e-15,201
ADAM17-ITGB1,0.0072463768115942,13,5,1.20372945191273e-07,2.71960916688226e-07,202
GNAI2-S1PR3,0.00713546288080445,13,8,1.2308202828208e-13,7.49241691813185e-13,203
LYZ-ITGAL,0.00712836123795024,13,6,1.61570301840039e-09,5.00508890588923e-09,204
LAMC1-ITGB4,0.0071011281224818,13,5,1.20372945191273e-07,2.71960916688226e-07,205
TNC-SDC1,0.00705882352941174,13,6,1.61570301840039e-09,5.00508890588923e-09,206
CCL5-SDC4,0.00693045563549155,13,8,1.2308202828208e-13,7.49241691813185e-13,207
APOE-LDLR,0.00677339901477829,13,9,6.8960885995e-16,6.49536993763716e-15,208
SERPINE1-ITGB5,0.00595238095238095,13,6,1.61570301840039e-09,5.00508890588923e-09,209
COL6A2-ITGB1,0.00561797752808985,13,9,6.8960885995e-16,6.49536993763716e-15,210
TGS1-RXRA,0.00558659217877095,13,4,6.6520212646993e-06,1.19342569407861e-05,211
CD14-RIPK1,0.0048780487804878,13,6,1.61570301840039e-09,5.00508890588923e-09,212
COL6A2-ITGA2,0.0048543689320388,13,8,1.2308202828208e-13,7.49241691813185e-13,213
FN1-ITGA3,0.00471698113207545,13,9,6.8960885995e-16,6.49536993763716e-15,214
LAMA3-ITGA3,0.00458715596330275,13,7,1.62788813920032e-11,6.81464284097673e-11,215
LAMA4-ITGAV,0.0045045045045045,13,8,1.2308202828208e-13,7.49241691813185e-13,216
ICAM1-CAV1,0.0044247787610619,13,9,6.8960885995e-16,6.49536993763716e-15,217
VCAM1-ITGB7,0.0043859649122807,13,4,6.6520212646993e-06,1.19342569407861e-05,218
B2M-LILRB2,0.0042918454935622,13,10,2.7827128e-18,4.51058330604651e-17,219
ADAM10-TREM2,0.0042194092827004,13,7,1.62788813920032e-11,6.81464284097673e-11,220
JAG1-NOTCH1,0.0040983606557377,13,3,0.000265305294717217,0.000378542047938383,221
VEGFA-EGFR,0.0040322580645161,13,2,0.0072489436779352,0.00862203710498436,222
HSPG2-SDC1,0.00396825396825395,13,6,1.61570301840039e-09,5.00508890588923e-09,223
WNT5A-LRP5,0.00364963503649635,13,2,0.0072489436779352,0.00862203710498436,224
JAG1-NOTCH3,0.00364963503649635,13,6,1.61570301840039e-09,5.00508890588923e-09,225
IL16-CD4,0.00352112676056335,13,6,1.61570301840039e-09,5.00508890588923e-09,226
LAMA3-SDC2,0.00352112676056335,13,6,1.61570301840039e-09,5.00508890588923e-09,227
VCL-ITGB5,0.00349650349650345,13,5,1.20372945191273e-07,2.71960916688226e-07,228
THBS1-ITGB1,0.00344827586206895,13,7,1.62788813920032e-11,6.81464284097673e-11,229
FADD-TRADD,0.00306748466257665,13,0,1.0,1.0,230
SPON2-ITGB2,0.0029940119760479,13,11,7.65766e-21,2.96521612222222e-19,231
ADAM15-ITGA5,0.00260416666666665,13,3,0.000265305294717217,0.000378542047938383,232
WNT5A-FZD5,0.0024875621890547,13,1,0.122478977001032,0.128759950180572,233
CCL4-CCR1,0.00228310502283105,13,10,2.7827128e-18,4.51058330604651e-17,234
PDGFC-PDGFRA,0.00228310502283105,13,6,1.61570301840039e-09,5.00508890588923e-09,235
