signature,sample_id,Malignant,Boundary,Normal
Epithelial,01_034_C1d1,0.26566139704891,0.0613827424659873,-0.0108246629527768
Epithelial,01_034_C3d1,0.335588961506375,0.218173181906962,0.0877471544338708
Epithelial,01_039_C1d1,0.41842558035319,0.196436139633334,0.0765582662013472
Epithelial,01_039_C3d1,0.410058553337873,0.321907808465162,0.308484478470148
Epithelial,1142243F,0.192467385315817,0.148974153814916,0.18198827701225
Epithelial,1160920F,0.398181668266204,0.364510972900674,0.24997536873671
Epithelial,A_955_OvarianTumor,0.388698859691713,0.154746830595129,0.0875717252645812
Epithelial,A_GTFB1154_OvarianCancerTumor,0.225808484417791,-0.111718658832383,-0.237637381390678
Epithelial,Ajou_Visium_P1,0.439532436477115,0.432881472627312,0.416342228090663
Epithelial,Ajou_Visium_P2,0.44507762507593,0.364812017241142,0.0311871349811364
Epithelial,Ajou_Visium_P3,0.131845527551185,0.264738341035276,0.422288076398707
Epithelial,Ajou_Visium_P4,0.408442418847945,0.277118477039023,0.15740460831244
Epithelial,B_GTFB1191_OvarianCancerTumor,0.276214815004308,0.24047886944245,0.228964584425823
Epithelial,CID4290,0.521369626650112,0.491931575582,0.488203468072815
Epithelial,CID4465,0.212074870612509,0.0639917349950628,-0.0716914241939493
Epithelial,CID44971,0.333667685582635,0.264933794795364,0.162542679234925
Epithelial,CID4535,0.252514714081968,0.193985347315734,0.123789598717423
Epithelial,C_GTFB1170_SmallCellOvarianCancer,-0.173524472490632,-0.182563844150591,-0.235258076241055
Epithelial,Colon_10x_Visium_SampleP2_CRC,0.465411205763744,0.310520045014556,-0.116678988183379
Epithelial,CytAssist_11mm_FFPE_Human_Lung_Cancer_230214,-0.0096705247808187,-0.0213736572163814,-0.0329393095522882
Epithelial,CytAssist_11mm_FFPE_Human_Ovarian_Carcinoma_220715,-0.201941078947382,-0.0223374989519809,0.123202007064343
Epithelial,CytAssist_FFPE_Human_Lung_Squamous_Cell_Carcinoma_220714,0.195497246844757,0.108470410240965,-0.0469281804223553
Epithelial,CytAssist_Fresh_Frozen_Human_Breast_Cancer_230107,0.237771377749701,0.148791880174222,-0.00507621217557125
Epithelial,D_GTFB1170_SmallCellOvarianCancer,-0.232524040080279,-0.20522228549244,-0.230634835463734
Epithelial,D_GTFB_1230_OvarianTumor,0.3341053996721,0.305167417718622,0.309429281002873
Epithelial,E_MTAB_13530_P10_T1,0.454979190975441,0.295964286779876,0.132237216040252
Epithelial,E_MTAB_13530_P10_T2,0.483232089182011,0.389807131365813,0.191156935825832
Epithelial,E_MTAB_13530_P10_T3,0.142396304588731,0.156399320228405,0.33597306283772
Epithelial,E_MTAB_13530_P10_T4,0.488103042636647,0.354078426595932,0.153422165746057
Epithelial,E_MTAB_13530_P11_T1,0.15882370952527,0.0535343110117335,-0.0575882864323731
Epithelial,E_MTAB_13530_P11_T2,0.172795329199028,0.0928503606945309,-0.0486861256112359
Epithelial,E_MTAB_13530_P11_T3,0.115621229256515,0.00892583674132,-0.0990987986748853
Epithelial,E_MTAB_13530_P11_T4,0.0743396405819696,-0.0420370256024248,-0.1241439926875
Epithelial,E_MTAB_13530_P15_T1,0.559400797558276,0.443603575483213,0.399531452386308
Epithelial,E_MTAB_13530_P15_T2,0.564778466585131,0.442387908733148,0.387524093776964
Epithelial,E_MTAB_13530_P16_T1,0.280452445792199,0.0971222936655409,0.0271089268481266
Epithelial,E_MTAB_13530_P16_T2,0.293457975842713,0.171913171729889,0.0294923272541919
Epithelial,E_MTAB_13530_P17_T1,0.15291702271724,0.0511308856260269,-0.0554410069870445
Epithelial,E_MTAB_13530_P17_T2,0.173429965295055,0.0776976020579319,-0.0157463662644746
Epithelial,E_MTAB_13530_P19_T1,0.323363717933112,0.177116500078979,0.0784100627531209
Epithelial,E_MTAB_13530_P19_T2,0.295109449385507,0.107642613104034,0.0266239521013567
Epithelial,E_MTAB_13530_P24_T1,0.392497169633496,0.33118710633516,0.19020074494228
Epithelial,E_MTAB_13530_P24_T2,0.445199602247209,0.271754159212569,0.128802002299366
Epithelial,E_MTAB_13530_P25_T1,0.448810129029727,0.292434449629708,0.125889667953097
Epithelial,E_MTAB_13530_P25_T2,0.455004325129393,0.224053381928214,0.159095741756584
Epithelial,GSE144239_GSM4565823,0.251134820864404,0.249210278113024,0.228113121928652
Epithelial,GSE144239_GSM4565824,0.218107070657581,0.177446476695017,0.218338497629584
Epithelial,GSE144239_GSM4565825,0.19889100692873,0.0659457975358483,-0.0112224355913859
Epithelial,GSE144239_GSM4565826,0.287887344549212,0.178293904747832,0.0856128490064545
Epithelial,GSE251950_20_00331_LI_SING,0.354216552396796,0.257044248295032,0.137123802489569
Epithelial,GSE251950_21_00731_LI_SING,0.429891364088231,0.317550423071664,0.196523214952471
Epithelial,GSE251950_21_00732_LI_SING,0.364619616150042,0.211476988333094,0.261559434993964
Epithelial,GSE251950_21_00733_LI_SING,0.169277003685086,-0.0808828431005692,-0.0733751846917697
Epithelial,GSE251950_21_00734_LI_SING,0.140955474714147,0.176518035838897,0.169036782782596
Epithelial,GSE251950_21_01251_LI_SING,0.503685280722346,0.359211221514022,0.271082382103753
Epithelial,GSE251950_21_01253_LI_SING,0.560918878902142,0.415816430986398,0.378374020319736
Epithelial,GSE251950_21_01254_LI_SING,0.25683997487139,0.252325981205087,0.281042954341487
Epithelial,GSE251950_21_01675_LI_SING,0.304562426144138,0.220035216834255,0.208404824099784
Epithelial,GSM5494475_HNSCC201125T04,-0.195431731084085,-0.216937443349283,-0.205327299502462
Epithelial,GSM5494476_HNSCC201125T05,0.12583268231018,-0.0308361014585261,-0.136800200170176
Epithelial,GSM5494477_HNSCC201125T07,0.241380109474235,0.219455471253103,0.172838675457902
Epithelial,GSM5494478_HNSCC201125T10,0.308028768464078,0.291217949580842,0.207925367263311
Epithelial,GSM5494479_P210325T1,0.424446866295626,0.218678352458374,-0.0844814492384897
Epithelial,GSM5494480_P210325T3,0.359924750033392,0.21665690717976,0.0746502455747436
Epithelial,GSM5494481_P210325T5,0.159904026081295,0.0735436472813224,-0.0163377595128852
Epithelial,GSM5494482_P210325T6,0.255499474768919,0.161656848701843,0.125409909397258
Epithelial,GSM5924030_ffpe_c_2,-0.0615172194940593,-0.126952956855133,-0.168990470294315
Epithelial,GSM5924031_ffpe_c_3,-0.195604076238376,-0.225898530132532,-0.212105789061878
Epithelial,GSM5924032_ffpe_c_4,-0.0310258935249052,-0.104082995242222,-0.139151451083583
Epithelial,GSM5924033_ffpe_c_7,-0.0569089730800422,-0.114603074351095,-0.115397988161559
Epithelial,GSM5924034_ffpe_c_10,-0.129002842160904,-0.210371130869072,-0.151173132568561
Epithelial,GSM5924035_ffpe_c_20,-0.16066924904689,-0.172407456099368,-0.174204384255243
Epithelial,GSM5924036_ffpe_c_21,-0.126412889607086,-0.103313720139651,-0.104413398246645
Epithelial,GSM5924037_ffpe_c_34,-0.164443051697885,-0.155639230565149,-0.184462459527945
Epithelial,GSM5924038_ffpe_c_36,-0.188646658861674,-0.227356014275356,-0.221384282421192
Epithelial,GSM5924039_ffpe_c_39,-0.0433309756074336,-0.10052710707661,-0.140848986312393
Epithelial,GSM5924040_ffpe_c_45,-0.0990250250225613,-0.124987068640071,-0.160672242609728
Epithelial,GSM5924041_ffpe_c_51,-0.0963736199591131,-0.159780311431715,-0.127281821594802
Epithelial,GSM5924042_frozen_a_1,-0.174533900208992,-0.151954267134855,-0.113087181016919
Epithelial,GSM5924043_frozen_a_3,-0.0435250432219577,-0.105470603318813,-0.158962847252428
Epithelial,GSM5924044_frozen_a_15,-0.0819637386562558,-0.111729866311378,-0.153000498353232
Epithelial,GSM5924045_frozen_a_17,-0.136147162879463,-0.118510222676118,-0.129043485737702
Epithelial,GSM5924046_frozen_b_1,-0.0250385208429432,-0.0679780744282788,-0.0711935271306991
Epithelial,GSM5924048_frozen_b_13,-0.0208931207134432,-0.084257775924377,-0.132473638043924
Epithelial,GSM5924049_frozen_b_18,-0.171714264695281,-0.190645661768462,-0.212143218970787
Epithelial,GSM5924050_frozen_c_2,-0.0591014233999545,-0.0855682134974445,-0.118146455204248
Epithelial,GSM5924051_frozen_c_5,-0.120224529581293,-0.151064355323066,-0.154160442280341
Epithelial,GSM5924052_frozen_c_23,-0.0672389099160765,-0.0794623597216149,-0.0830655411417178
Epithelial,GSM5924053_frozen_c_57,-0.205862818404433,-0.186904201063694,-0.198623603228677
Epithelial,GSM6030901_patient_1,0.142456082076558,0.081666458826255,0.0201305153554874
Epithelial,GSM6030902_patient_2,-0.0141001776233102,-0.0501793517201757,-0.0317980205474195
Epithelial,GSM6177599_NYU_BRCA0_Vis,0.319218221005792,0.109651279801031,0.0340340788841328
Epithelial,GSM6177603_NYU_BRCA2_Vis,0.357995904927272,0.325922338837368,0.322348340522293
Epithelial,GSM6177607_NYU_GIST1_Vis,-0.207785164436579,-0.131181757325574,0.000890851849361
Epithelial,GSM6177609_NYU_GIST2_Vis,-0.220468432015506,-0.232658740598792,-0.255627140187365
Epithelial,GSM6177612_NYU_LIHC1_Vis,-0.0902674824798487,-0.0860630801776712,-0.086478579779939
Epithelial,GSM6177614_NYU_OVCA1_Vis,0.320159838818362,0.157339178276552,-0.0037518822421701
Epithelial,GSM6177617_NYU_OVCA3_Vis,0.398845861936459,0.284546349744508,0.255634716924285
Epithelial,GSM6177618_NYU_PDAC1_Vis,0.568110042879416,0.38588567707374,0.409300435501977
Epithelial,GSM6177623_NYU_UCEC3_Vis,0.383860599632655,0.332696547656899,0.20740902251742
Epithelial,GSM6339631_s1,0.195260084876541,0.179840926431416,-0.0516908559365881
Epithelial,GSM6339632_s2,0.249367040047928,0.175121353646038,0.0909409245036769
Epithelial,GSM6339633_s3,0.153731705419735,0.0155169590465443,-0.0756845433380816
Epithelial,GSM6339634_s4,0.294584609552573,0.251587257201352,0.0519400906426278
Epithelial,GSM6339635_s5,0.323956702564575,0.292347943461881,0.157718421791931
Epithelial,GSM6339636_s6,0.113362568856575,0.141246006884205,0.178874598973433
Epithelial,GSM6339637_s7,-0.0644869192785453,0.066264392715308,0.151938697544812
Epithelial,GSM6339638_s8,0.101295747661037,0.0493323651740541,0.14397112113859
Epithelial,GSM6339639_s9,-0.0180415381680447,0.110160435779421,0.15926230394564
Epithelial,GSM6339640_s10,0.286295069994301,0.234645208882081,0.115366333514613
Epithelial,GSM6339641_s11,0.304929598668967,0.259645908977913,0.199795875663126
Epithelial,GSM6339642_s12,0.29524552484168,0.257003001835878,0.174165254490954
Epithelial,GSM6433585_092A,0.215851777713341,0.138374707757154,0.168319435109765
Epithelial,GSM6433586_092B,0.142450547662132,0.152320979466132,0.171105360677974
Epithelial,GSM6433587_093A,0.171432755302485,0.138823521703165,0.118801542583713
Epithelial,GSM6433588_093B,0.243850307726654,0.114973612088105,-0.031192171949074
Epithelial,GSM6433589_093C,0.169205083285781,0.111782385164862,0.0250353150001248
Epithelial,GSM6433590_093D,0.195751236991966,0.182404652947028,0.106628095961195
Epithelial,GSM6433591_094A,0.31026210724305,0.314474325916808,0.311967322968541
Epithelial,GSM6433592_094B,0.314081290028357,0.31555391541785,0.313678386510317
Epithelial,GSM6433593_094C,0.280094259561259,0.198521897226632,0.155181428022349
Epithelial,GSM6433594_094D,0.268868524974942,0.180983978047641,0.173831639311635
Epithelial,GSM6433595_095A,0.354347964392885,0.350125113138262,0.330411447291229
Epithelial,GSM6433596_095B,0.331125770650182,0.29760899102813,0.295365346303477
Epithelial,GSM6433597_117B,0.298333469535652,0.28764686009194,0.222017981106932
Epithelial,GSM6433598_117C,0.28574458325817,0.246114859884926,0.184675044111943
Epithelial,GSM6433599_117D,0.354477973415446,0.295061736791611,0.245331514308021
Epithelial,GSM6433600_117E,0.376286268592458,0.292751545295806,0.228129418806993
Epithelial,GSM6433601_118B,0.219047568917165,0.151136824110571,0.206688981374922
Epithelial,GSM6433602_118C,0.0719080415805943,0.193324702404479,0.257106561777889
Epithelial,GSM6433603_118D,0.13558730358482,0.137225888705883,0.104368415510208
Epithelial,GSM6433604_118E,0.134811671465327,0.0809711846070386,0.0305192395961473
Epithelial,GSM6433605_119B,0.0205304665167074,0.0700166217076977,0.189591345332991
Epithelial,GSM6433606_119C,0.283330661588087,0.221863094498069,0.255885036843043
Epithelial,GSM6433607_119D,0.363663747475696,0.341461106603282,0.365306248009649
Epithelial,GSM6433608_119E,0.337047302198107,0.3195152120187,0.361044083331361
Epithelial,GSM6433609_120B,-0.0111928642278484,-0.0758583852217688,-0.127457417541848
Epithelial,GSM6433610_120C,-0.0335047593450859,-0.147435037957433,-0.179859097967978
Epithelial,GSM6433611_120D,0.43433928601575,0.297926673822548,0.133021614012645
Epithelial,GSM6433612_120E,0.394793045306182,0.445916323386872,0.40834825079964
Epithelial,GSM6433613_395A,0.592549535428506,0.517047659897903,0.352585110544401
Epithelial,GSM6433614_395B,0.536308878645938,0.548229103219199,0.534850230185586
Epithelial,GSM6433615_395C,0.195685899673634,0.0967382652489641,-0.106188293778739
Epithelial,GSM6433616_395D,0.173763498713568,0.0848716540107852,0.0229492058485987
Epithelial,GSM6433617_396A,0.019574765700335,0.0663315365157392,0.248627401203649
Epithelial,GSM6433618_396C,0.127039211915577,0.121251350474359,0.127337103265303
Epithelial,GSM6433619_396D,0.175779735609566,0.153835395453942,0.14805684475007
Epithelial,GSM6433620_397A,0.164800986294392,0.143807059456361,0.123937546342372
Epithelial,GSM6433621_397B,0.120527020571348,0.0994275161158426,0.0694970228490485
Epithelial,GSM6433622_397C,0.28881140224659,0.157840396799299,0.107034189172952
Epithelial,GSM6433623_397D,0.261330474676668,0.143212659498494,-0.0513880134211804
Epithelial,GSM6433624_398A,0.25113841409561,0.195574618620481,0.0887452804588243
Epithelial,GSM6433625_398B,0.174743998313137,0.173745065989139,0.182976108778087
Epithelial,GSM6433626_398C,-0.161578909626503,-0.134194236991028,-0.245426949779524
Epithelial,GSM6433627_398D,-0.115365483440394,-0.121993798025809,-0.283405892317631
Epithelial,GSM6505133_DonorA,0.479161253719827,0.187675849125427,0.143662798026057
Epithelial,GSM6505134_DonorB,0.577195064857919,0.452428633559483,0.0644639259861928
Epithelial,GSM6505135_DonorC,0.371506255305851,0.242870303057909,-0.0260502575637886
Epithelial,GSM6506110_SP1,0.160893505179726,0.0807028297349271,-0.0151722265559872
Epithelial,GSM6506111_SP2,0.340902074809645,0.179658156211488,0.072902997164054
Epithelial,GSM6506112_SP3,0.408861700544082,0.373384878818442,0.0006606886994094
Epithelial,GSM6506113_SP4,0.309040707324701,0.292042838679421,0.258048588796141
Epithelial,GSM6506114_SP5,0.232658663517843,0.0709401854016897,-0.159543391520713
Epithelial,GSM6506115_SP6,0.0433969685572278,-0.117009071584188,-0.143410379586057
Epithelial,GSM6506116_SP7,0.354854820829398,0.353099760593643,0.34825808120234
Epithelial,GSM6506117_SP8,0.409394215720363,0.37661083204403,-0.065954593359345
Epithelial,GSM6833484_Patient1,0.193839716858267,0.126744993068082,-0.0011180611627121
Epithelial,GSM6833485_Patient2,0.266010635551416,0.125579270324225,-0.0629620004127089
Epithelial,GSM6833486_Patient3,0.245142176379308,0.166536205185427,0.191920021550472
Epithelial,GSM6833487_Patient4,-0.0258225791994541,-0.0843672706526843,-0.0906003348513866
Epithelial,GSM7019835_OCCR2v,0.516211491887195,0.344026922896362,0.255013613852944
Epithelial,GSM7019836_OCCS3v,0.306658097100589,0.248913648500632,0.20920639819578
Epithelial,GSM7058756,0.581174854237491,0.476714387673297,0.520364660807113
Epithelial,GSM7058757,0.600600300322766,0.482352787360108,0.219684480327669
Epithelial,GSM7058758,0.576001561737449,0.490692962203652,0.478981192379235
Epithelial,GSM7058759,0.452942097757074,0.373761984931422,0.195904801213621
Epithelial,GSM7090086_NextSeq2000,0.238301755888736,0.164899513272942,0.0582523656136905
Epithelial,GSM7090087_NextSeq2000,0.19895504152023,0.11862717430512,0.0278864255104052
Epithelial,GSM7090088_NextSeq2000,-0.0698008532716147,0.0035247937566745,0.0999257627071052
Epithelial,GSM7211257_EHU-W3,0.112405276103415,-0.134884309592123,-0.132616572977704
Epithelial,GSM7421790_PDAC_1,0.613516051464411,0.314421800393822,-0.117861722935829
Epithelial,GSM7421791_PDAC_2,0.606943347109036,0.432127704766992,0.0978098271471121
Epithelial,GSM7421792_PDAC_3,0.377930966036317,0.0879719568261074,0.213878963475702
Epithelial,GSM7498811_SS1905133,0.338606828758672,0.226962010386395,0.124770011586989
Epithelial,GSM7498812_SS1923404,0.228201631349695,0.0924262082213231,-0.168715777311979
Epithelial,GSM7498813_SS1945070,-0.0454543324993881,0.0266762889468613,0.363329952287338
Epithelial,GSM7498814_SS1960050,0.217701516965599,0.0537429278565688,-0.16774797177118
Epithelial,GSM7498815_SS2002154,-0.241238515378617,-0.230247878965521,-0.209812863836428
Epithelial,GSM7498816_SS2005094,0.136676032813476,0.0394804210649791,-0.205039074038668
Epithelial,GSM7498817_SS2021309,0.454639444408798,0.228253412140427,-0.13597481646965
Epithelial,GSM7757970_R1-S1,0.160849227849432,-0.0326902844570419,-0.0515950119929565
Epithelial,GSM7757972_R1-S3,0.152308279653509,0.0577986425196233,0.0749045216201865
Epithelial,GSM7757973_R1-S4,0.313304193254365,0.289852011382942,0.206393027768894
Epithelial,GSM7757974_R1-S5,0.358388247637299,0.291879062157325,0.328316781152479
Epithelial,GSM7757975_R1-S6,0.353958966577414,0.337153500160298,0.327970451883693
Epithelial,GSM7757976_R2-S1,0.1250716472028,0.0696050832880099,0.0041507966393057
Epithelial,GSM7757977_R2-S2,0.367078739813153,0.262199462318533,0.196071491595029
Epithelial,GSM7757978_R2-S3,0.0674788464940118,0.00560854735282915,-0.026964334706733
Epithelial,GSM7757979_R2-S4,0.18190157844263,0.150749937436041,0.0800687719271586
Epithelial,GSM7757980_R2-S5,0.176385749780501,0.105514176914236,-0.0671173680159199
Epithelial,GSM7757982_R3-S2,0.362175936958734,0.278826423704307,0.151786700911074
Epithelial,GSM7757983_R3-S3,0.0605720034157489,0.0148374616783231,-0.0155036002363608
Epithelial,GSM7757984_R3-S4,0.351967807140127,0.225557033421713,0.200821647061712
Epithelial,GSM7757985_R3-S5,0.296976273692865,0.184313910084728,0.0504351580623714
Epithelial,GSM7777520_A1,0.0675650305500671,-0.18701869415953,-0.161816202791136
Epithelial,GSM7777521_B1,-0.0144189421022024,0.005853392962025,0.0648405367611056
Epithelial,GSM7777522_C1,0.304606256068244,0.217189175598123,0.110429498527255
Epithelial,GSM7777523_D1,0.185645645913046,0.239140754951248,0.358748779133218
Epithelial,GSM7850822_CHC20,0.0063242541272639,-0.0022039953943013,0.00549239278131055
Epithelial,HCC1R,-0.0935142695519632,-0.113105246606256,-0.0922893180958372
Epithelial,HCC3R,-0.0599031788695981,-0.0805986034342739,-0.0915340198875483
Epithelial,HCC4R,-0.10546995637869,-0.111081033778111,-0.115313659527348
Epithelial,HCC6NR,0.138352849963828,0.161436343325496,0.158573778768196
Epithelial,HCC7NR,-0.00686181364247935,-0.00777352655243425,-0.0148282135406117
Epithelial,HRA000437_HCC-1T,-0.071454439284267,-0.0669305654122837,-0.0843456206404191
Epithelial,HRA000437_HCC-2T,-0.0881353513846359,-0.11009111675316,-0.129040650164492
Epithelial,HRA000437_HCC-3T,-0.0866878191706251,-0.101529425419241,-0.0998220171203127
Epithelial,HRA000437_HCC-4T,0.197587341905692,0.202556935175495,0.187673895834018
Epithelial,Parent_Visium_Human_BreastCancer_201027,0.29970291216952,0.288609749200661,0.248058911574211
Epithelial,Parent_Visium_Human_ColorectalCancer_201027,0.45058149457143,0.451130494427983,0.419478970917346
Epithelial,Parent_Visium_Human_OvarianCancer_201027,0.340753106033886,0.310919778255469,0.244476818914173
Epithelial,S16_43398,0.209107418972919,0.132887312443994,-0.0377284460087703
Epithelial,S20_47598,0.207879572201778,0.0866376135836817,0.0942125511097776
Epithelial,S20_61122,0.0599513990302875,0.0984702958611223,0.144702117789069
Epithelial,S20_63981,-0.103225105622519,-0.0345542408923558,0.21828160217822
Epithelial,S21_10267,-0.0794297727065773,-0.0089837709523845,0.206622925264563
Epithelial,SN048_A121573_Rep1,0.702410003981494,0.59123728301586,0.54496976889177
Epithelial,SN048_A121573_Rep2,0.668272921500468,0.579381587627374,0.563680392064237
Epithelial,SN048_A416371_Rep1,0.385434964092757,0.298510926776334,0.344349787868021
Epithelial,SN048_A416371_Rep2,0.335527158128606,0.27702878161772,0.334668511363063
Epithelial,SN123_A551763_Rep1,0.450612647768609,0.405206981065338,0.376350726104112
Epithelial,SN123_A595688_Rep1,0.521351668927154,0.376732729257567,0.477032504600901
Epithelial,SN123_A938797_Rep1_X,0.478714497286251,0.269729287728692,0.0144208039405307
Epithelial,SN124_A551763_Rep2,0.412300179406978,0.329594434974036,0.258812170818677
Epithelial,SN124_A595688_Rep2,0.57161333307227,0.434107291168975,0.35353715685451
Epithelial,SN124_A938797_Rep2,0.502711519494068,0.25948126898331,0.0301201682732356
Epithelial,SN84_A120838_Rep1,0.43896598546985,0.364321696642006,0.165808788593228
Epithelial,SN84_A120838_Rep2,0.484609963774788,0.397731511371855,0.28866165043243
Epithelial,V10F24-015_A1,0.101228083596649,0.15649101517022,0.209708222601157
Epithelial,V10F24-015_B1,0.142714779530683,0.170001369081499,0.193015543528043
Epithelial,V10F24-015_C1,0.128164206314034,0.195371753878707,0.21540344617809
Epithelial,V10F24-015_D1,0.282680864529748,0.307191207023932,0.181821090157815
Epithelial,V11A20-405_C1,0.187971599044615,0.199137864249503,0.0452808389887053
Epithelial,V11A20-405_D1,0.203785614157772,0.199339323470279,0.0846369305862876
Epithelial,V11M22-349_C1,0.282202002920335,0.263534329567046,0.182122750044968
Epithelial,V11M22-349_D1,0.159391206234405,0.101589568326894,0.211995845982098
Epithelial,V1_Breast_Cancer_Block_A_Section_2_200623,0.520381246750657,0.466028019622422,0.428764397273954
Epithelial,V1_Human_Invasive_Ductal_Carcinoma_210511,0.372209629423366,0.373750684400391,0.440863468494369
Epithelial,Visium_FFPE_Human_Breast_Cancer_210609,0.40467182769178,0.1559286385091,-0.0918236494686785
Epithelial,Visium_FFPE_Human_Intestinal_Cancer_220329,0.498470607905232,0.222239832113414,0.167199378026688
Epithelial,Visium_FFPE_Human_Ovarian_Cancer_220329,-0.137563941902417,0.106381442329473,0.044098842217632
Epithelial,Visium_FFPE_Human_Prostate_Acinar_Cell_Carcinoma_211009,0.199063768145836,0.124775804395604,0.137680857947021
Epithelial,Visium_FFPE_Human_Prostate_Cancer_210609,0.189924188141531,0.148125207723516,0.0525355134341572
Epithelial,Visium_FFPE_Human_Prostate_IF_220713,0.134015994924107,-0.0333832945250603,-0.124376620769934
Epithelial,Visium_Human_Breast_Cancer_220702,0.482473304490442,0.446808319014145,0.340316469530033
Epithelial,WSSKNKCLsp12140270,0.14950546417338,0.0789108238484815,-0.0102058070920396
Epithelial,WSSKNKCLsp12140271,0.209761351925504,0.137969085654604,0.0727338077760515
Epithelial,WSSKNKCLsp12140272,0.162773326520882,0.0693722916336388,0.0058874283534172
Epithelial,WSSKNKCLsp12140273,0.230005749803177,0.163239275716662,-0.105602910786758
Epithelial,WSSKNKCLsp12887267,0.141304767540237,0.0870906104812656,0.0281112559142088
Epithelial,WSSKNKCLsp12887268,0.125332491372029,0.0148362258140968,-0.126242105381952
Epithelial,WSSKNKCLsp12887269,0.0330173021924922,0.0322332318322705,0.0219568267686134
Epithelial,WSSKNKCLsp12887270,0.0425926385953922,0.120502120021341,0.0690639275727589
Epithelial,Zenodo10119273_Tumor2,-0.118196160212555,-0.11346609855783,-0.138383223611514
Epithelial,scCRLM_Atlas_ST-colon1,0.458226352475257,0.409155050089386,0.439182039147858
Epithelial,scCRLM_Atlas_ST-colon2,0.309963904685943,0.0855979353862599,-0.089285898243327
Epithelial,scCRLM_Atlas_ST-colon3,0.0181633564501527,-0.0941198628559922,-0.165644704207974
Epithelial,scCRLM_Atlas_ST-colon4,0.571513518814993,0.484062998410572,0.526421333538198
Mesenchymal,01_034_C1d1,0.35316560893088,1.16040493616925,1.20373625672121
Mesenchymal,01_034_C3d1,-0.0593113324703553,0.777232858853366,0.739032760454592
Mesenchymal,01_039_C1d1,0.553822667555288,1.18545987848435,1.04977119900604
Mesenchymal,01_039_C3d1,-0.0326042898207933,0.546702442527415,0.660535336492482
Mesenchymal,1142243F,0.0772882785255842,0.374631936493141,0.52125240498152
Mesenchymal,1160920F,-0.158298727112895,0.0585661295730279,0.204017984917058
Mesenchymal,A_955_OvarianTumor,0.228583299467038,0.647542439623271,0.677313148080493
Mesenchymal,A_GTFB1154_OvarianCancerTumor,0.879955136470421,1.24526751688476,1.41119566250288
Mesenchymal,Ajou_Visium_P1,0.00721657052316525,0.172679904052777,0.256975038559644
Mesenchymal,Ajou_Visium_P2,-0.0466310609144499,0.356412254506537,0.682838000919378
Mesenchymal,Ajou_Visium_P3,0.414599279010199,0.490661157274657,0.219526238839964
Mesenchymal,Ajou_Visium_P4,0.362139479431549,0.775750082593853,0.662225286891594
Mesenchymal,B_GTFB1191_OvarianCancerTumor,0.506565549366606,0.568215281035284,0.615963380375441
Mesenchymal,CID4290,0.565131994237762,0.713921538583242,0.728964909931009
Mesenchymal,CID4465,0.73075389210981,1.11632502328357,1.25057872733359
Mesenchymal,CID44971,-0.0190811693817369,0.344522741227384,0.480928943842967
Mesenchymal,CID4535,-0.11693276919327,0.0836864304780845,0.335355733745285
Mesenchymal,C_GTFB1170_SmallCellOvarianCancer,0.105706160203418,0.313006758872723,0.673769731385123
Mesenchymal,Colon_10x_Visium_SampleP2_CRC,-0.106474833216011,0.479953797912849,0.95256350564429
Mesenchymal,CytAssist_11mm_FFPE_Human_Lung_Cancer_230214,-0.121556304088324,-0.0541435050968155,-0.0077307146754176
Mesenchymal,CytAssist_11mm_FFPE_Human_Ovarian_Carcinoma_220715,1.57661879612353,1.34778504819722,-0.00588505410315645
Mesenchymal,CytAssist_FFPE_Human_Lung_Squamous_Cell_Carcinoma_220714,-0.0174093428485095,0.516395768006438,0.66372402982658
Mesenchymal,CytAssist_Fresh_Frozen_Human_Breast_Cancer_230107,0.214502029608828,0.911238294723957,1.06867210826943
Mesenchymal,D_GTFB1170_SmallCellOvarianCancer,0.645840399384078,0.524734536253275,0.657521712345895
Mesenchymal,D_GTFB_1230_OvarianTumor,-0.204141623563255,-0.176192310139595,-0.125880443009258
Mesenchymal,E_MTAB_13530_P10_T1,0.177440098218528,0.648099535071891,0.820413895025393
Mesenchymal,E_MTAB_13530_P10_T2,0.0663917001136358,0.430727950236968,0.799602986946046
Mesenchymal,E_MTAB_13530_P10_T3,0.482669602679341,0.510890561413332,0.462939324841593
Mesenchymal,E_MTAB_13530_P10_T4,-0.0039554757432807,0.380055273714505,0.735492144958508
Mesenchymal,E_MTAB_13530_P11_T1,-0.111894766308205,0.337259444634407,0.520432195264747
Mesenchymal,E_MTAB_13530_P11_T2,-0.213413982115013,0.219897217972811,0.500069096837651
Mesenchymal,E_MTAB_13530_P11_T3,-0.0943696556653224,0.392423800203431,0.675099321616065
Mesenchymal,E_MTAB_13530_P11_T4,0.173394272746295,0.627157349169973,0.907950789110564
Mesenchymal,E_MTAB_13530_P15_T1,-0.256777251914073,-0.0566853495922589,-0.0035691407180191
Mesenchymal,E_MTAB_13530_P15_T2,-0.300535424188928,-0.0928583416124939,-0.0415143403121736
Mesenchymal,E_MTAB_13530_P16_T1,-0.0619898350779093,0.603704287832656,0.673936662953511
Mesenchymal,E_MTAB_13530_P16_T2,-0.184436504444658,0.414609022351885,0.665285800698994
Mesenchymal,E_MTAB_13530_P17_T1,-0.214941950665594,0.428603495737234,0.8516449262444
Mesenchymal,E_MTAB_13530_P17_T2,-0.209730339849241,0.440423401418592,0.783459212136712
Mesenchymal,E_MTAB_13530_P19_T1,0.0270300897217637,0.57848609466219,0.867260744401982
Mesenchymal,E_MTAB_13530_P19_T2,0.147234733672472,0.858810293591425,0.946740811957613
Mesenchymal,E_MTAB_13530_P24_T1,-0.254368215183617,0.0788424264532808,0.625118238187102
Mesenchymal,E_MTAB_13530_P24_T2,-0.199833562433021,0.312554386501198,0.761836411523173
Mesenchymal,E_MTAB_13530_P25_T1,0.301469744699932,0.793053916623001,0.916796645734603
Mesenchymal,E_MTAB_13530_P25_T2,0.350106774690648,0.851016935986267,0.895742346046584
Mesenchymal,GSE144239_GSM4565823,0.0855059450729931,0.0699404603032572,0.135157332511668
Mesenchymal,GSE144239_GSM4565824,0.139430922767343,0.128095174841751,0.1272120751202
Mesenchymal,GSE144239_GSM4565825,0.29851160731055,0.58790404411991,0.73760604399519
Mesenchymal,GSE144239_GSM4565826,-0.167823301869755,-0.20372192505694,0.303607600108957
Mesenchymal,GSE251950_20_00331_LI_SING,0.122251945423946,0.466301267138919,0.538011512982472
Mesenchymal,GSE251950_21_00731_LI_SING,-0.0094865963893486,0.26339033169177,0.405434107050615
Mesenchymal,GSE251950_21_00732_LI_SING,0.103187750107534,0.421479276151262,-0.0642616266495943
Mesenchymal,GSE251950_21_00733_LI_SING,0.0281006836021692,0.456989894137361,0.44412811002129
Mesenchymal,GSE251950_21_00734_LI_SING,-0.213064139901065,-0.12938896209456,-0.0325159764965448
Mesenchymal,GSE251950_21_01251_LI_SING,0.387697250394714,0.593178543931087,0.625377114081128
Mesenchymal,GSE251950_21_01253_LI_SING,-0.207015937902488,-0.212539130231555,-0.116168100095935
Mesenchymal,GSE251950_21_01254_LI_SING,-0.0827913322196517,-0.077742218576036,-0.0178406534349366
Mesenchymal,GSE251950_21_01675_LI_SING,0.0254723734100668,0.177385780480266,0.292354229041414
Mesenchymal,GSM5494475_HNSCC201125T04,0.492313279035789,0.772164576874893,1.03153337816642
Mesenchymal,GSM5494476_HNSCC201125T05,0.488632254206377,0.966030369600266,0.880161878030765
Mesenchymal,GSM5494477_HNSCC201125T07,0.0927517957842605,0.265078268477517,0.33515205788602
Mesenchymal,GSM5494478_HNSCC201125T10,-0.227454262342213,-0.229289033612616,-0.157042949225315
Mesenchymal,GSM5494479_P210325T1,-0.23310179128191,-0.229974142221984,0.239361981105982
Mesenchymal,GSM5494480_P210325T3,-0.121449720183625,-0.0327139290473158,0.251691398287407
Mesenchymal,GSM5494481_P210325T5,0.157127126830032,0.291723386907514,0.432378338837669
Mesenchymal,GSM5494482_P210325T6,0.120937465423007,0.284632563129083,0.400753772865155
Mesenchymal,GSM5924030_ffpe_c_2,0.184145668496172,0.443261847288523,0.709941299134094
Mesenchymal,GSM5924031_ffpe_c_3,0.805493116897964,0.795652908978837,0.780326672352846
Mesenchymal,GSM5924032_ffpe_c_4,0.393905098588785,0.515938015581153,0.508314911474148
Mesenchymal,GSM5924033_ffpe_c_7,0.376437625762155,0.698768182058436,0.730787656738826
Mesenchymal,GSM5924034_ffpe_c_10,0.751256261153552,1.1656297119334,0.765603721040815
Mesenchymal,GSM5924035_ffpe_c_20,0.202205403882089,0.295710296665667,0.472884893860776
Mesenchymal,GSM5924036_ffpe_c_21,0.64147567040919,0.748164740659626,0.856737249758721
Mesenchymal,GSM5924037_ffpe_c_34,0.942100929988553,0.895890455576447,0.740277535090963
Mesenchymal,GSM5924038_ffpe_c_36,0.685355643172054,0.947488471232047,1.10245594581799
Mesenchymal,GSM5924039_ffpe_c_39,0.537043484592749,0.815296067494505,0.90588776847048
Mesenchymal,GSM5924040_ffpe_c_45,0.260981018617912,0.257395966181523,0.421233992246081
Mesenchymal,GSM5924041_ffpe_c_51,0.845475664124841,1.01218628651175,0.928985811257979
Mesenchymal,GSM5924042_frozen_a_1,0.810774334557156,0.55181999326053,0.317989158056022
Mesenchymal,GSM5924043_frozen_a_3,0.592883636608231,0.935081087358248,1.07869525533794
Mesenchymal,GSM5924044_frozen_a_15,0.425402452110633,0.531583577097916,0.306636024278641
Mesenchymal,GSM5924045_frozen_a_17,0.374064530194001,0.370803348658605,0.432310178711657
Mesenchymal,GSM5924046_frozen_b_1,0.131765552386024,0.278040408498992,0.357793895548392
Mesenchymal,GSM5924048_frozen_b_13,0.0810553760020855,0.198841251723751,0.205712402821548
Mesenchymal,GSM5924049_frozen_b_18,-0.0191868848202523,0.246310906652779,0.403533244941207
Mesenchymal,GSM5924050_frozen_c_2,0.250301761940115,0.43818780300781,0.72482272660769
Mesenchymal,GSM5924051_frozen_c_5,0.668745929158544,0.79030130979885,0.782919063409536
Mesenchymal,GSM5924052_frozen_c_23,0.556202559187969,0.611283350350364,0.603973686767282
Mesenchymal,GSM5924053_frozen_c_57,1.02700502359181,1.03162186712099,1.03756142027274
Mesenchymal,GSM6030901_patient_1,-0.323257187696607,-0.302629363873784,-0.23297653901395
Mesenchymal,GSM6030902_patient_2,-0.241065716112497,-0.149822594250246,-0.0714765530718735
Mesenchymal,GSM6177599_NYU_BRCA0_Vis,-0.187664540253553,0.460014734526046,0.314871626668606
Mesenchymal,GSM6177603_NYU_BRCA2_Vis,0.0090587329799912,0.43402751499317,0.392866327212525
Mesenchymal,GSM6177607_NYU_GIST1_Vis,0.261083691257318,0.308458067797084,0.327445528939847
Mesenchymal,GSM6177609_NYU_GIST2_Vis,0.0485621093973401,0.105101212172215,0.125360130353483
Mesenchymal,GSM6177612_NYU_LIHC1_Vis,-0.0007393666364511,0.0313284602191255,0.0875058842432724
Mesenchymal,GSM6177614_NYU_OVCA1_Vis,0.431711876945026,1.13364129173582,1.46253971793934
Mesenchymal,GSM6177617_NYU_OVCA3_Vis,-0.0950412068586033,-0.0425198509591557,-0.0469061010615576
Mesenchymal,GSM6177618_NYU_PDAC1_Vis,0.83866950193875,1.24164167637123,1.00235987566282
Mesenchymal,GSM6177623_NYU_UCEC3_Vis,-0.169178720661893,-0.118251171661382,0.072863808560475
Mesenchymal,GSM6339631_s1,0.458107720576351,0.38963011223542,0.787292938548905
Mesenchymal,GSM6339632_s2,0.0860127933784772,0.189917308231442,0.38999373649863
Mesenchymal,GSM6339633_s3,0.355793848688798,0.611869408818439,0.709419255062566
Mesenchymal,GSM6339634_s4,0.399983117521471,0.321076984200739,0.795231295584846
Mesenchymal,GSM6339635_s5,0.466968579940422,0.492354798229175,0.658804935383784
Mesenchymal,GSM6339636_s6,0.235577789798421,0.29580814484664,0.35603937344602
Mesenchymal,GSM6339637_s7,-0.121309685539782,0.228293437238241,0.173741790111767
Mesenchymal,GSM6339638_s8,-0.0444563609076639,0.222714403737266,0.158340618545792
Mesenchymal,GSM6339639_s9,0.738023517272102,0.789170543643698,0.550760128020672
Mesenchymal,GSM6339640_s10,0.391468556366878,0.44221387261461,0.706549639555258
Mesenchymal,GSM6339641_s11,-0.0151989444608353,-0.0358974284439018,0.0495639219620816
Mesenchymal,GSM6339642_s12,0.147980972078912,0.1822183415911,0.326829434142074
Mesenchymal,GSM6433585_092A,-0.25151207080828,0.662215541611261,-0.0091935860503047
Mesenchymal,GSM6433586_092B,0.0040999762961135,-0.204539614554139,-0.102103590678811
Mesenchymal,GSM6433587_093A,-0.306243086623963,-0.093399550901546,-0.0666614601882326
Mesenchymal,GSM6433588_093B,-0.0899993059741779,0.935960634138866,0.954101933002728
Mesenchymal,GSM6433589_093C,0.529723415272627,0.823641564213046,0.916810670534116
Mesenchymal,GSM6433590_093D,0.587707937561862,0.645124601690938,0.784630762493328
Mesenchymal,GSM6433591_094A,0.778886896356343,0.545112358469988,0.689268822483716
Mesenchymal,GSM6433592_094B,0.23926897999853,0.467249330583772,0.640822603573879
Mesenchymal,GSM6433593_094C,0.354294288325374,0.854550387486424,0.998427228122516
Mesenchymal,GSM6433594_094D,0.426864877239865,0.977380748207377,0.753872558494494
Mesenchymal,GSM6433595_095A,0.190575053716649,0.303757648074324,0.249675506061337
Mesenchymal,GSM6433596_095B,-0.0667519752778102,0.32220413967649,0.448386631495485
Mesenchymal,GSM6433597_117B,0.171092816167524,0.262552119076389,0.391497325301344
Mesenchymal,GSM6433598_117C,0.114814920596088,0.307076480119654,0.747759544790641
Mesenchymal,GSM6433599_117D,0.258403362369401,0.492599219947781,0.806583868927958
Mesenchymal,GSM6433600_117E,0.111443714544778,0.446112953210458,0.822387660531217
Mesenchymal,GSM6433601_118B,0.0112091827617877,0.770933455090734,0.0205390910640225
Mesenchymal,GSM6433602_118C,1.1475356602679,0.290174387878657,-0.0787464782662247
Mesenchymal,GSM6433603_118D,0.280916575724011,0.386953024285562,0.649700860657778
Mesenchymal,GSM6433604_118E,0.131937785381009,0.588178816910994,0.705153712485229
Mesenchymal,GSM6433605_119B,1.1088642072117,1.0901509365001,0.926942871673246
Mesenchymal,GSM6433606_119C,0.546335893293514,0.923082831252208,0.907387326048704
Mesenchymal,GSM6433607_119D,-0.12812600551823,0.0305525031219912,-0.0231479992369301
Mesenchymal,GSM6433608_119E,-0.145179595316318,0.0523026294559855,-0.0138622411727501
Mesenchymal,GSM6433609_120B,-0.0353555524251838,0.257553538794584,0.433911372081058
Mesenchymal,GSM6433610_120C,0.0411372258536006,0.561032304273685,0.963092537655893
Mesenchymal,GSM6433611_120D,0.290036757194644,0.808877047905605,0.859887251841577
Mesenchymal,GSM6433612_120E,0.809019013694857,0.638419141393563,0.408370898925999
Mesenchymal,GSM6433613_395A,0.0357751752000747,0.614896638420215,0.936699473371487
Mesenchymal,GSM6433614_395B,-0.0409797404608819,-0.0445407159573931,0.180437774596551
Mesenchymal,GSM6433615_395C,-0.0144705400370805,0.348631346416183,1.23103811840435
Mesenchymal,GSM6433616_395D,-0.0942596713862152,0.129080700343023,0.316804952666702
Mesenchymal,GSM6433617_396A,0.356951844017336,0.261771390942207,-0.176522793357218
Mesenchymal,GSM6433618_396C,0.562772068763686,0.580347958597599,0.554305377341684
Mesenchymal,GSM6433619_396D,0.490407271553053,0.559417167944748,0.442044434420103
Mesenchymal,GSM6433620_397A,0.201685849874013,0.323574623065213,0.399487735065488
Mesenchymal,GSM6433621_397B,0.53412918126868,0.85104429062711,0.904830451267933
Mesenchymal,GSM6433622_397C,-0.0910517353927913,0.378285209910713,0.44013583384866
Mesenchymal,GSM6433623_397D,-0.130057848196243,0.243673141507792,0.575579539571533
Mesenchymal,GSM6433624_398A,0.435665121423972,0.686439278205399,0.614067439817823
Mesenchymal,GSM6433625_398B,0.747926771216842,0.839578779611219,0.812687556045035
Mesenchymal,GSM6433626_398C,1.15310635366405,1.18414116122391,1.44013186308491
Mesenchymal,GSM6433627_398D,1.17396531136748,1.20043402580862,1.42324267893657
Mesenchymal,GSM6505133_DonorA,0.571397263030849,0.964269560092601,0.821991709877429
Mesenchymal,GSM6505134_DonorB,0.30557267822893,0.670426878198146,0.637139321913504
Mesenchymal,GSM6505135_DonorC,0.984619153504117,1.18975582036329,1.49157482429613
Mesenchymal,GSM6506110_SP1,0.0994888852108132,0.287104758179453,0.497230172179693
Mesenchymal,GSM6506111_SP2,0.812419253626621,1.33092152173246,1.48237130919577
Mesenchymal,GSM6506112_SP3,-0.0693552018025405,0.112757756394518,0.382100928051043
Mesenchymal,GSM6506113_SP4,-0.143004524007587,0.051204475287613,0.139322321110291
Mesenchymal,GSM6506114_SP5,0.27445093369696,0.564450008635856,0.578258704476959
Mesenchymal,GSM6506115_SP6,0.351264635013625,0.745441677767964,0.895263490748907
Mesenchymal,GSM6506116_SP7,0.203550091539539,0.206218330317565,0.341435315578161
Mesenchymal,GSM6506117_SP8,-0.101460752740335,0.0031507233020344,0.287436238712736
Mesenchymal,GSM6833484_Patient1,0.293391582670375,0.578627650091618,0.25829003719441
Mesenchymal,GSM6833485_Patient2,0.092504054621842,0.432005705609823,0.768928580095254
Mesenchymal,GSM6833486_Patient3,-0.22826384984367,-0.179394891199518,0.0943622902850442
Mesenchymal,GSM6833487_Patient4,0.252435001120991,0.952217638973587,0.501301261122309
Mesenchymal,GSM7019835_OCCR2v,0.392095982089856,0.827135234154145,0.970241875130518
Mesenchymal,GSM7019836_OCCS3v,0.285600055657081,0.434537064562672,0.553411043343863
Mesenchymal,GSM7058756,-0.306275228888343,0.105976864574155,-0.0800565937804975
Mesenchymal,GSM7058757,0.0901549374204601,0.513997808669213,0.775146373140872
Mesenchymal,GSM7058758,-0.259497271547281,-0.26133105099897,-0.171769936961351
Mesenchymal,GSM7058759,0.590246979613647,0.909015721315707,1.09551072485117
Mesenchymal,GSM7090086_NextSeq2000,-0.0138611164645718,0.429484219096266,0.739355859699677
Mesenchymal,GSM7090087_NextSeq2000,0.0786162278492819,0.300095953206866,0.530242098159539
Mesenchymal,GSM7090088_NextSeq2000,0.601657855737952,0.443231561716935,0.192820354177458
Mesenchymal,GSM7211257_EHU-W3,-0.125569543866424,0.805436408558553,0.429341230678057
Mesenchymal,GSM7421790_PDAC_1,-0.0454171935523813,0.646388643490552,0.933674511449888
Mesenchymal,GSM7421791_PDAC_2,-0.0084975232349466,0.841759486311872,0.969487894563504
Mesenchymal,GSM7421792_PDAC_3,0.122780812850154,0.943871226213561,0.829392648356191
Mesenchymal,GSM7498811_SS1905133,1.00846914707179,1.1960503767865,1.21299170152026
Mesenchymal,GSM7498812_SS1923404,1.30239007879332,1.39805048763167,1.3103293266013
Mesenchymal,GSM7498813_SS1945070,0.739783162442129,1.00045568765936,0.808306803867782
Mesenchymal,GSM7498814_SS1960050,0.513493884161237,0.799275071992849,0.992172809167991
Mesenchymal,GSM7498815_SS2002154,1.91593848966444,1.89943885423741,1.7330068013957
Mesenchymal,GSM7498816_SS2005094,1.01426102204081,1.05735635543166,1.12104966640352
Mesenchymal,GSM7498817_SS2021309,0.515959140261243,0.887787863574676,1.26568921884343
Mesenchymal,GSM7757970_R1-S1,0.385544242828659,0.616293088174846,0.314203128198196
Mesenchymal,GSM7757972_R1-S3,0.575453163831491,0.812654436896972,0.852018660909932
Mesenchymal,GSM7757973_R1-S4,0.807620037798196,0.856027499987341,0.970627547577841
Mesenchymal,GSM7757974_R1-S5,0.0156315312790223,0.228698835502448,0.238809041643074
Mesenchymal,GSM7757975_R1-S6,0.617194297029975,0.701188162127789,0.672128318565456
Mesenchymal,GSM7757976_R2-S1,0.95461820291003,1.03234069781089,1.15165603314229
Mesenchymal,GSM7757977_R2-S2,0.836538874756313,1.05370398813942,1.10603596528699
Mesenchymal,GSM7757978_R2-S3,1.02549322085712,1.23218038029367,1.29536669108969
Mesenchymal,GSM7757979_R2-S4,1.24898165368278,1.28308783549505,1.17467093246454
Mesenchymal,GSM7757980_R2-S5,0.457997846545264,0.742031607532177,1.02050113847547
Mesenchymal,GSM7757982_R3-S2,0.379407389703698,0.754756229264358,1.05246815149295
Mesenchymal,GSM7757983_R3-S3,1.55959468082932,1.60205847944357,1.66908841404397
Mesenchymal,GSM7757984_R3-S4,0.537715704808945,0.975112309450448,0.956310821079291
Mesenchymal,GSM7757985_R3-S5,0.220357273829628,0.824176990671685,1.14279249819127
Mesenchymal,GSM7777520_A1,0.78427434751972,0.920849308443736,0.951547604563322
Mesenchymal,GSM7777521_B1,1.57618378551552,1.42516609944406,1.33969897248185
Mesenchymal,GSM7777522_C1,0.689862933485942,0.813506375256823,0.557405690626351
Mesenchymal,GSM7777523_D1,0.613008212095175,0.405736827341189,0.361004394141175
Mesenchymal,GSM7850822_CHC20,0.0613232736199537,0.164044384896271,0.178166354679185
Mesenchymal,HCC1R,0.3445317447342,0.589486957420247,0.42355063148329
Mesenchymal,HCC3R,0.0866885629505725,0.103023348002105,0.112697041067228
Mesenchymal,HCC4R,0.10088467927667,0.126458146970148,0.209810182091218
Mesenchymal,HCC6NR,0.128922445337926,0.134836317485448,0.180379424123648
Mesenchymal,HCC7NR,-0.01678902395545,0.0019199870203135,0.0217489111337902
Mesenchymal,HRA000437_HCC-1T,0.00854987555876225,0.25058623166228,0.122432557902557
Mesenchymal,HRA000437_HCC-2T,0.0250519471572228,0.331809751176538,0.613208449679836
Mesenchymal,HRA000437_HCC-3T,0.0067363496803307,-0.0030533236606524,-0.0150866336468226
Mesenchymal,HRA000437_HCC-4T,0.0062580310007979,0.0346250747910514,0.0333806831489424
Mesenchymal,Parent_Visium_Human_BreastCancer_201027,0.793950429804265,0.698874661137222,0.821329938956461
Mesenchymal,Parent_Visium_Human_ColorectalCancer_201027,-0.307866728744182,-0.142941479894304,0.119572640507162
Mesenchymal,Parent_Visium_Human_OvarianCancer_201027,-0.0180874652988807,0.49497785383395,0.832443971143684
Mesenchymal,S16_43398,0.942447048884629,1.22600082483143,1.42517641767303
Mesenchymal,S20_47598,0.259567583064615,1.01275511704528,0.693156536091359
Mesenchymal,S20_61122,0.852926036701751,0.85693379081013,0.916109311464566
Mesenchymal,S20_63981,1.52207833424555,1.46254271676105,1.12571010878385
Mesenchymal,S21_10267,0.317912677184301,0.307509817180361,0.128095321682137
Mesenchymal,SN048_A121573_Rep1,-0.149848456542544,-0.0447449026806105,-0.0592561867813025
Mesenchymal,SN048_A121573_Rep2,-0.163517239010666,-0.00644849270026515,-0.0592168401216286
Mesenchymal,SN048_A416371_Rep1,-0.0281682271159216,0.118856275443414,0.119020506787195
Mesenchymal,SN048_A416371_Rep2,0.263867865767552,0.305734400756878,0.168616814025432
Mesenchymal,SN123_A551763_Rep1,0.190339922383341,0.302527241449298,0.408049371354097
Mesenchymal,SN123_A595688_Rep1,0.215935698353085,0.756498932320165,0.224403890125755
Mesenchymal,SN123_A938797_Rep1_X,0.272015401304707,0.908951775099687,1.16445848773477
Mesenchymal,SN124_A551763_Rep2,0.137994347621181,0.309219943541664,0.414198127683524
Mesenchymal,SN124_A595688_Rep2,-0.0177964435911424,0.491021198134583,0.499110316320353
Mesenchymal,SN124_A938797_Rep2,0.173925401518488,0.906924659861527,1.21051381669325
Mesenchymal,SN84_A120838_Rep1,0.208749778814908,0.638307282587358,1.18137087376651
Mesenchymal,SN84_A120838_Rep2,-0.0367894256082401,0.433906574996872,0.863927399224269
Mesenchymal,V10F24-015_A1,0.256525588492995,0.357684398197188,0.166386477390861
Mesenchymal,V10F24-015_B1,0.285601187455993,0.327671194975081,0.15936030231325
Mesenchymal,V10F24-015_C1,0.219668028453687,0.220397952858531,0.0894061722973994
Mesenchymal,V10F24-015_D1,-0.0909492754479672,-0.107580457278106,0.141588055967916
Mesenchymal,V11A20-405_C1,-0.374773832574039,-0.325951992610958,0.038405089719199
Mesenchymal,V11A20-405_D1,-0.386911968894449,-0.323132235897673,-0.0422035312758663
Mesenchymal,V11M22-349_C1,-0.279670190095863,-0.191280659284511,0.0993333681509925
Mesenchymal,V11M22-349_D1,0.134170535313457,0.147033683433792,-0.109568874782524
Mesenchymal,V1_Breast_Cancer_Block_A_Section_2_200623,-0.186482783677336,0.0102798901912091,0.141596311672585
Mesenchymal,V1_Human_Invasive_Ductal_Carcinoma_210511,0.367530628079414,0.344266737825367,0.209005703104618
Mesenchymal,Visium_FFPE_Human_Breast_Cancer_210609,0.152247301884994,0.781285211959629,1.09019925110547
Mesenchymal,Visium_FFPE_Human_Intestinal_Cancer_220329,0.439404875755456,0.940436649503711,1.09416400842842
Mesenchymal,Visium_FFPE_Human_Ovarian_Cancer_220329,0.684664088913193,0.0585360002272983,0.0189622333188804
Mesenchymal,Visium_FFPE_Human_Prostate_Acinar_Cell_Carcinoma_211009,-0.012582935746766,0.229397790148937,0.215537413645015
Mesenchymal,Visium_FFPE_Human_Prostate_Cancer_210609,-0.110522715958994,0.188831246099026,0.401549243027324
Mesenchymal,Visium_FFPE_Human_Prostate_IF_220713,0.25797603351931,0.492084379462115,0.563810620904663
Mesenchymal,Visium_Human_Breast_Cancer_220702,-0.02320184197393,0.277311899040058,0.211995337495466
Mesenchymal,WSSKNKCLsp12140270,0.403096388802527,0.711640986981257,1.15251449621113
Mesenchymal,WSSKNKCLsp12140271,0.563954752992575,0.959368701219116,0.98683808828233
Mesenchymal,WSSKNKCLsp12140272,0.318940209905066,0.871412782612211,1.00291312394689
Mesenchymal,WSSKNKCLsp12140273,0.209785335412105,0.149389591740003,1.00690524299268
Mesenchymal,WSSKNKCLsp12887267,0.358392112071566,0.484199103117416,0.677559468310342
Mesenchymal,WSSKNKCLsp12887268,0.667081721157882,0.761870911348534,1.26655687043716
Mesenchymal,WSSKNKCLsp12887269,1.17150797785943,1.13093563653018,1.15671924760435
Mesenchymal,WSSKNKCLsp12887270,0.430197479367592,0.552389174817496,0.690566732165039
Mesenchymal,Zenodo10119273_Tumor2,0.249490382191007,0.450894989117043,0.624811501551069
Mesenchymal,scCRLM_Atlas_ST-colon1,-0.255746787395215,0.0676909685827251,0.0147871546895091
Mesenchymal,scCRLM_Atlas_ST-colon2,0.703020663757834,0.929435224435561,0.844266881159198
Mesenchymal,scCRLM_Atlas_ST-colon3,0.856013863689251,0.905841770766922,1.07382522309104
Mesenchymal,scCRLM_Atlas_ST-colon4,-0.502477235524975,-0.314128724080928,-0.185111460296318
