"Gene_set","Term","Overlap","P-value","Adjusted P-value","Odds Ratio","Genes","cluster_name","neglog10padj"
"MSigDB_Hallmark_2020","Inflammatory Response","22/200",1.04758060021944e-20,4.08556434085582e-19,21.7263242375601,"CSF3R;TNFAIP6;CCL20;PTGER2;AQP9;OSM;FPR1;PLAUR;MEFV;F3;EREG;IL1A;SELL;IL1B;NAMPT;NLRP3;PROK2;FFAR2;TIMP1;MXD1;LDLR;CD55","CD14+ Mono",18.3887479456942
"MSigDB_Hallmark_2020","TNF-alpha Signaling via NF-kB","21/200",2.24980831240386e-19,4.38712620918753e-18,20.4393632273693,"SERPINB2;BCL2A1;TNFAIP6;CCL20;PLAUR;G0S2;SLC2A3;SOD2;PTGS2;CXCL2;AREG;F3;EHD1;IL1A;IL1B;NAMPT;PTX3;MXD1;MSC;LDLR;IER3","CD14+ Mono",17.3578198715979
"MSigDB_Hallmark_2020","Complement","11/200",1.06898826059855e-07,1.38968473877812e-06,9.3107497741644,"FCN1;EHD1;CDA;SERPINB2;PLAUR;S100A12;TIMP1;S100A9;F3;CD55;F5","CD14+ Mono",5.85708371178771
"MSigDB_Hallmark_2020","Allograft Rejection","7/200",0.000405111500105015,0.0031598697008191,5.61833462527028,"NCR1;IL1B;NLRP3;TIMP1;CFP;EREG;CCR2","CD14+ Mono",2.50033082541386
"MSigDB_Hallmark_2020","KRAS Signaling Up","7/200",0.000405111500105015,0.0031598697008191,5.61833462527028,"IL1RL2;CCL20;IL1B;PLAUR;G0S2;PTGS2;EREG","CD14+ Mono",2.50033082541386
"MSigDB_Hallmark_2020","Inflammatory Response","16/200",7.14085218812073e-09,2.85634087524829e-07,7.0571892476998,"LYN;GABBR1;PTGIR;GCH1;C5AR1;ICAM4;MEFV;TNFRSF1B;P2RY2;TNFSF10;FFAR2;CD48;TIMP1;CHST2;CD55;KCNJ2","CD16+ Mono",6.54418996517126
"MSigDB_Hallmark_2020","IL-2/STAT5 Signaling","11/199",5.57592861748481e-05,0.0011151857234969,4.65112004843452,"IFITM3;CD79B;CDKN1C;RABGAP1L;BATF3;NFKBIZ;TNFSF10;FLT3LG;TNFRSF8;CD48;TNFRSF1B","CD16+ Mono",2.95265279900772
"MSigDB_Hallmark_2020","Complement","10/200",0.000273814745591979,0.0036508632745597,4.16641806946516,"LYN;FCN1;CDA;SERPINA1;GNG2;CASP5;FYN;TIMP1;CTSS;CD55","CD16+ Mono",2.43760443114671
"MSigDB_Hallmark_2020","Allograft Rejection","9/200",0.0011632602504109,0.0116326025041094,3.71491302144908,"LYN;FGR;PTPRC;PRKCB;CSK;TIMP1;CFP;ITGAL;CTSS","CD16+ Mono",1.93432311186385
"MSigDB_Hallmark_2020","Mitotic Spindle","7/199",0.0146782059262773,0.117425647410218,2.8511875,"CDC42EP4;CDC42EP2;ARHGAP29;ARAP3;SSH2;TUBA4A;VCL","CD16+ Mono",0.930237036714989
"MSigDB_Hallmark_2020","Allograft Rejection","9/200",0.000263584102835901,0.0094890277020924,4.61780104712041,"MAP4K1;CD2;CCL22;CCND2;IRF4;CD1D;LTB;HLA-DOB;HLA-DQA1","CD1C+ cDC",2.02277828549146
"MSigDB_Hallmark_2020","IL-2/STAT5 Signaling","8/199",0.0011998242828886,0.0215968370919962,4.08429058894011,"ADAM19;CCND2;IRF4;IL1R2;SCN9A;LTB;CST7;IL18R1","CD1C+ cDC",1.66560984764878
"MSigDB_Hallmark_2020","Estrogen Response Late","7/200",0.0051610812214892,0.0464497309934031,3.51885292156158,"HOMER2;CDH1;GPER1;PTGER3;SFN;AREG;SLC27A2","CD1C+ cDC",1.33301679681391
"MSigDB_Hallmark_2020","Apical Junction","7/200",0.0051610812214892,0.0464497309934031,3.51885292156158,"NEGR1;CDH1;LAYN;RHOF;GNAI1;TMEM8B;DSC3","CD1C+ cDC",1.33301679681391
"MSigDB_Hallmark_2020","Estrogen Response Early","6/200",0.0188241886967124,0.135534158616329,2.98567873647859,"DEPTOR;FHL2;SFN;AREG;SLC27A2;MYBL1","CD1C+ cDC",0.867951235940809
"MSigDB_Hallmark_2020","Interferon Gamma Response","12/200",0.000323355291235051,0.0074371716984061,3.51642456753661,"CD74;AUTS2;BANK1;P2RY14;NLRC5;SLAMF7;TAP1;IRF8;ITGB7;HLA-DQA1;IDO1;PSMB9","CLEC9A+ cDC",2.12859219204894
"MSigDB_Hallmark_2020","Allograft Rejection","12/200",0.000323355291235051,0.0074371716984061,3.51642456753661,"MAP4K1;CD74;CXCR3;TAP2;TAP1;IRF8;IL16;LTB;HLA-DOB;HDAC9;ICOSLG;HLA-DQA1","CLEC9A+ cDC",2.12859219204894
"MSigDB_Hallmark_2020","Xenobiotic Metabolism","10/200",0.0038243895383977,0.0586406395887651,2.88287620459599,"CYFIP2;SLC46A3;GSTM4;ELOVL5;CYP2S1;ID2;IRF8;TMEM97;CYP2E1;NDRG2","CLEC9A+ cDC",1.23180130152592
"MSigDB_Hallmark_2020","IL-2/STAT5 Signaling","9/199",0.0110937158456164,0.127577732224589,2.58730041395623,"ADAM19;SHE;BATF3;CTLA4;ENPP1;IRF8;LTB;CST7;IL18R1","CLEC9A+ cDC",0.894225121977849
"MSigDB_Hallmark_2020","Estrogen Response Late","8/200",0.030869758508984,0.236668148568877,2.26925770308123,"FAM102A;TSPAN13;CCND1;PRKAR2B;HOMER2;ELOVL5;ID2;GPER1","CLEC9A+ cDC",0.625860186648736
"MSigDB_Hallmark_2020","TNF-alpha Signaling via NF-kB","10/200",1.38434173142122e-14,2.4918151165582e-13,74.3834586466165,"NFKBIA;NR4A2;DUSP2;NR4A3;IL1B;GPR183;CCL4;TNFAIP3;CXCL2;IER3","CXCL3+ Macro",12.6034841838576
"MSigDB_Hallmark_2020","Inflammatory Response","6/200",1.0745241901338e-07,9.67071771120421e-07,33.9896907216494,"IL10;NFKBIA;RGS1;IL1B;GPR183;NLRP3","CXCL3+ Macro",6.01454129360583
"MSigDB_Hallmark_2020","Allograft Rejection","4/200",8.81427191140437e-05,0.000528856314684262,20.1836734693877,"IL10;IL1B;CCL4;NLRP3","CXCL3+ Macro",3.27666230568876
"MSigDB_Hallmark_2020","UV Response Up","3/158",0.000866704239867005,0.0039001690794015,18.2682027649769,"NFKBIA;TCHH;CXCL2","CXCL3+ Macro",2.40891656511212
"MSigDB_Hallmark_2020","Hypoxia","3/200",0.0017076659731305,0.0051229979193917,14.3430021754894,"PDGFB;TNFAIP3;IER3","CXCL3+ Macro",2.29047582050407
"MSigDB_Hallmark_2020","Complement","6/200",0.000534631353420474,0.0098262420480897,6.41508410200759,"C1QA;APOC1;ME1;LGMN;C2;C1QC","FOLR2+ Macro",2.00761254216995
"MSigDB_Hallmark_2020","Coagulation","5/138",0.000677671865385497,0.0098262420480897,7.74044486215538,"C1QA;APOC1;A2M;LGMN;C2","FOLR2+ Macro",2.00761254216995
"MSigDB_Hallmark_2020","p53 Pathway","5/200",0.0034690922247468,0.0251509186294145,5.26282051282051,"FUCA1;ABCC5;EPHX1;WWP1;CTSF","FOLR2+ Macro",1.59944614784862
"MSigDB_Hallmark_2020","KRAS Signaling Up","5/200",0.0034690922247468,0.0251509186294145,5.26282051282051,"GPRC5B;FUCA1;F13A1;SCN1B;CMKLR1","FOLR2+ Macro",1.59944614784862
"MSigDB_Hallmark_2020","IL-6/JAK/STAT3 Signaling","3/87",0.009751386518092,0.0565580418049336,7.22120991253644,"IL2RA;PDGFC;A2M","FOLR2+ Macro",1.24750563542109
"MSigDB_Hallmark_2020","TNF-alpha Signaling via NF-kB","7/200",7.18060600012468e-07,2.1541818000374e-05,16.2849740932642,"PPP1R15A;IL23A;DNAJB4;SERPINE1;G0S2;IER5;GEM","HSPA6+ Macro",4.6667176476391
"MSigDB_Hallmark_2020","UV Response Up","6/158",2.96716484273586e-06,4.45074726410379e-05,17.3657894736842,"DNAJA1;DNAJB1;ALAS1;RRAD;HSPA2;FKBP4","HSPA6+ Macro",4.35156706645022
"MSigDB_Hallmark_2020","mTORC1 Signaling","6/200",1.14867076638057e-05,8.61503074785434e-05,13.5773195876288,"PPP1R15A;SERPINH1;CACYBP;AK4;HSPE1;HSPD1","HSPA6+ Macro",4.06474316817536
"MSigDB_Hallmark_2020","p53 Pathway","6/200",1.14867076638057e-05,8.61503074785434e-05,13.5773195876288,"PPP1R15A;TSPYL2;RRAD;RGS16;HSPA4L;IER5","HSPA6+ Macro",4.06474316817536
"MSigDB_Hallmark_2020","Hypoxia","5/200",0.000153787669105723,0.000922726014634343,11.0111482720178,"PPP1R15A;SERPINE1;ADM;PLIN2;AK4","HSPA6+ Macro",3.03492723504841
"MSigDB_Hallmark_2020","TNF-alpha Signaling via NF-kB","26/200",1.64358008180144e-12,7.88918439264692e-11,6.4991605320935,"CDKN1A;TNFAIP8;BTG1;CD83;CD80;RELB;SNN;MSC;DUSP4;DUSP5;GADD45A;TNFRSF9;ZBTB10;TRAF1;CFLAR;NFKB1;NFKB2;MARCKS;TNIP2;ID2;CLCF1;REL;TRIP10;IL7R;BIRC2;BIRC3","LAMP3+ cDC",10.1029678931254
"MSigDB_Hallmark_2020","Inflammatory Response","22/200",2.20559849789309e-09,5.29343639494343e-08,5.32671855058682,"CD40;CDKN1A;CXCL9;PTGIR;CCL22;CALCRL;IL15;CD70;TNFRSF9;EBI3;SLC1A2;PVR;RASGRP1;NFKB1;GPR132;RGS1;LAMP3;CCR7;IL7R;CCL17;CHST2;SLAMF1","LAMP3+ cDC",7.27626230096369
"MSigDB_Hallmark_2020","Interferon Gamma Response","20/200",5.97752770378622e-08,9.56404432605795e-07,4.76693766937669,"CD274;PTPN1;CD40;CDKN1A;CXCL9;BTG1;AUTS2;IL15;TRAFD1;NFKB1;ISG20;CASP7;SOCS1;MTHFD2;IRF4;DHX58;ST8SIA4;ST3GAL5;FAS;IDO1","LAMP3+ cDC",6.01935841974595
"MSigDB_Hallmark_2020","Myogenesis","18/200",1.29880805744322e-06,1.2468557351455e-05,4.2239283894913,"GABARAPL2;ACHE;CDKN1A;GSN;PSEN2;LSP1;ENO3;CNN3;PTP4A3;ABLIM1;SYNGR2;KLF5;TNNT2;ADAM12;DMD;MYH11;CKB;EPHB3","LAMP3+ cDC",4.90418379275617
"MSigDB_Hallmark_2020","Allograft Rejection","18/200",1.29880805744322e-06,1.2468557351455e-05,4.2239283894913,"ACHE;CD40;CXCL9;CCL22;IL15;CD80;LY75;TRAF2;CFP;CXCL13;IL2RG;ETS1;SOCS1;IRF4;ST8SIA4;FAS;CCL19;HLA-DOB","LAMP3+ cDC",4.90418379275617
"MSigDB_Hallmark_2020","IL-2/STAT5 Signaling","21/199",6.63400384043511e-07,3.2506618818132e-05,3.90280222011642,"RABGAP1L;GPR65;ODC1;ITGAE;IKZF2;PDCD2L;ADAM19;UCK2;SOCS1;SELL;IRF4;SCN9A;MAPKAPK2;IL3RA;ST3GAL4;IRF8;TLR7;LTB;DCPS;IL18R1;TNFRSF21","LILRA4+ pDC",4.4880282013742
"MSigDB_Hallmark_2020","Allograft Rejection","18/200",3.68230717136143e-05,0.000902165256983552,3.25425259671835,"MAP4K1;PRKCB;GPR65;GZMB;IL16;CD3E;ETS1;CD79A;SOCS1;SIT1;IRF4;CXCR3;STAT4;IRF7;IRF8;LTB;CD247;ICOSLG","LILRA4+ pDC",3.0447139019012
"MSigDB_Hallmark_2020","Estrogen Response Early","15/200",0.0011093407185916,0.0181192317369962,2.65385146645794,"KDM4B;CLIC3;SLC37A1;OPN3;TGIF2;SLC2A1;SLC1A4;AREG;CBFA2T3;TTC39A;AR;UGCG;SLC7A5;MYB;FLNB","LILRA4+ pDC",1.7418602205365
"MSigDB_Hallmark_2020","Unfolded Protein Response","10/113",0.0021882732956188,0.0268063478713313,3.16435974809761,"TSPYL2;ERN1;SLC7A5;SPCS1;DDIT4;SLC1A4;HYOU1;PDIA5;HSP90B1;HERPUD1","LILRA4+ pDC",1.57176235078284
"MSigDB_Hallmark_2020","Interferon Gamma Response","14/200",0.0030321408883603,0.0297149807059311,2.45929339477726,"AUTS2;P2RY14;MX1;CSF2RB;USP18;IFI44L;ISG20;SOCS1;IRF4;STAT4;IRF7;SLAMF7;IRF8;GPR18","LILRA4+ pDC",1.52702454739501
"MSigDB_Hallmark_2020","Coagulation","1/138",0.013752610127341,0.0199003457594268,144.970802919708,"C1QA","Macro",1.70113937785629
"MSigDB_Hallmark_2020","Complement","1/200",0.0199003457594268,0.0199003457594268,99.4924623115578,"C1QA","Macro",1.70113937785629
"MSigDB_Hallmark_2020","Hypoxia","16/200",1.91815949818997e-16,6.5217422938459e-15,25.23273657289,"CA12;SDC2;SERPINE1;SLC2A1;ADM;AK4;ENO2;SLC2A5;NDRG1;HK2;ADORA2B;MXI1;PLIN2;ANGPTL4;TMEM45A;PDK1","SPP1+ CXCL3+ Macro",14.1856363663046
"MSigDB_Hallmark_2020","Glycolysis","11/200",7.45798932164009e-10,1.26785818467881e-08,15.7278393853736,"NT5E;EGLN3;ADORA2B;SDC2;MXI1;SPAG4;PLOD2;AK4;ANGPTL4;ENO2;HK2","SPP1+ CXCL3+ Macro",7.89692932141946
"MSigDB_Hallmark_2020","IL-2/STAT5 Signaling","9/199",1.54201736298335e-07,1.36783486306771e-06,12.4585263157894,"NT5E;CSF1;NCS1;SPP1;EMP1;PLIN2;PHLDA1;NDRG1;HK2","SPP1+ CXCL3+ Macro",5.86396633126172
"MSigDB_Hallmark_2020","Epithelial Mesenchymal Transition","9/200",1.60921748596202e-07,1.36783486306771e-06,12.392670157068,"NT5E;SLC6A8;MMP1;ITGB3;SERPINE1;SPP1;PLOD2;INHBA;ENO2","SPP1+ CXCL3+ Macro",5.86396633126172
"MSigDB_Hallmark_2020","TNF-alpha Signaling via NF-kB","8/200",1.97774377104246e-06,8.40541102693049e-06,10.813596491228,"SPSB1;CSF1;CCL20;SERPINE1;INHBA;CXCL3;MSC;PHLDA1","SPP1+ CXCL3+ Macro",5.07544104458462
"MSigDB_Hallmark_2020","Hypoxia","7/200",1.16588791537575e-08,2.79813099690181e-07,32.6062176165803,"CA12;MT2A;AK4;SLC2A5;ENO2;MT1E;TMEM45A","SPP1+ MT1+ Macro",6.5531319574997
"MSigDB_Hallmark_2020","Glycolysis","6/200",3.63761932067875e-07,4.3651431848145e-06,26.5939040788883,"NT5E;SPAG4;AK4;PLOD2;ENO2;MET","SPP1+ MT1+ Macro",5.36000150605808
"MSigDB_Hallmark_2020","Epithelial Mesenchymal Transition","5/200",9.2917445078737e-06,7.43339560629896e-05,21.1282051282051,"NT5E;MMP1;SPP1;PLOD2;ENO2","SPP1+ MT1+ Macro",4.12881275337212
"MSigDB_Hallmark_2020","IL-2/STAT5 Signaling","3/199",0.002930148320081,0.0142650473296705,11.6414835164835,"NT5E;SPP1;SLC39A8","SPP1+ MT1+ Macro",1.8457267830689
"MSigDB_Hallmark_2020","Inflammatory Response","3/200",0.002971884860348,0.0142650473296705,11.5818039828192,"MARCO;PDPN;MET","SPP1+ MT1+ Macro",1.8457267830689
"MSigDB_Hallmark_2020","Coagulation","11/138",6.65592216836922e-07,1.24628896478428e-05,7.66262325317443,"SPARC;MMP7;S100A1;ITGB3;CTSK;APOC1;S100A13;FN1;TIMP3;CD9;LTA4H","SPP1+ Macro",4.90438125040444
"MSigDB_Hallmark_2020","Epithelial Mesenchymal Transition","13/200",6.73669710694205e-07,1.24628896478428e-05,6.18716577540107,"SPARC;PCOLCE2;ITGB3;IGFBP2;FN1;INHBA;GREM1;COL6A2;SPP1;TIMP3;PDLIM4;SNTB1;TGM2","SPP1+ Macro",4.90438125040444
"MSigDB_Hallmark_2020","Myogenesis","11/200",2.38769610807045e-05,0.000220861889996517,5.13270413270413,"WWTR1;SVIL;FABP3;SPARC;SCD;PKIA;COL6A2;FHL1;TNNI2;MYOZ1;PVALB","SPP1+ Macro",3.65587921573599
"MSigDB_Hallmark_2020","KRAS Signaling Up","11/200",2.38769610807045e-05,0.000220861889996517,5.13270413270413,"HSD11B1;RBP4;ACE;GPNMB;CA2;ALDH1A2;SPP1;SCG5;CPE;INHBA;RETN","SPP1+ Macro",3.65587921573599
"MSigDB_Hallmark_2020","Complement","10/200",0.000123945956269148,0.000917200076391702,4.62048619306112,"LGALS3;CTSL;CA2;FDX1;APOC1;S100A13;FN1;LTA4H;LIPA;CTSD","SPP1+ Macro",3.0375359177706
"MSigDB_Hallmark_2020","E2F Targets","133/200",5.60702071123491e-156,2.18673807738161e-154,81.2871237035163,"DSCC1;CSE1L;CCP110;BUB1B;MKI67;SMC3;SMC4;CDC20;PTTG1;WDR90;CHEK2;CHEK1;STMN1;KPNA2;TMPO;TIPIN;LIG1;CDC25A;CDC25B;DDX39A;MELK;MSH2;CCNE1;TIMELESS;ASF1B;SLBP;DNMT1;RNASEH2A;CDCA3;SHMT1;CDCA8;HMMR;RAD51AP1;CCNB2;ORC6;RACGAP1;UBR7;RAD21;PLK4;BARD1;CBX5;PLK1;PA2G4;PAICS;POLA2;KIF18B;DIAPH3;NASP;UBE2S;CDK4;UBE2T;KIF4A;ANP32E;CDK1;MXD3;EZH2;TOP2A;MCM7;SUV39H1;HMGB2;HMGB3;PSIP1;BRCA1;BRCA2;CKS1B;LMNB1;MYBL2;TK1;POLE;DLGAP5;TCF19;HELLS;RFC3;RFC2;TUBB;CTPS1;KIF22;TUBG1;SMC1A;NME1;CIT;MMS22L;RAD51C;ESPL1;CKS2;DEPDC1;MCM3;MCM4;BIRC5;KIF2C;MCM5;MCM6;DCTPP1;MCM2;PRIM2;PCNA;AURKB;UNG;AURKA;PSMC3IP;POLD3;POLD1;EXOSC8;POLD2;USP1;RBBP7;E2F8;GINS1;RANBP1;DUT;CDKN2C;RRM2;SPAG5;CDKN2A;GINS3;GINS4;ATAD2;RPA1;DONSON;DEK;SSRP1;CENPE;WEE1;RPA3;TACC3;CENPM;NCAPD2;TRIP13;SPC24;RAN;MAD2L1;CDKN3;SPC25","SPP1+ cycMacro",153.660203232673
"MSigDB_Hallmark_2020","G2-M Checkpoint","95/200",1.11038895915592e-90,2.16525847035405e-89,34.2212885154061,"TOP2A;SUV39H1;CCNF;HMGB3;KIF11;MKI67;BRCA2;SMC4;SMC2;KIF15;LMNB1;CKS1B;CDC20;CHAF1A;PTTG1;SNRPD1;EXO1;CHEK1;STMN1;PBK;NUSAP1;NEK2;MYBL2;FBXO5;KPNA2;HMGN2;POLE;TMPO;KIF23;KIF22;SMC1A;CDC25A;CDC25B;TRAIP;CCNA2;DDX39A;DBF4;TFDP1;RBL1;ESPL1;INCENP;CKS2;MCM3;BIRC5;KIF2C;MCM5;MCM6;KIF20B;MCM2;PRIM2;DTYMK;TROAP;TTK;HMMR;CENPA;AURKB;AURKA;CCNB2;ORC6;CDC45;RACGAP1;RAD21;E2F1;RAD54L;E2F2;BUB3;BUB1;PLK4;BARD1;GINS2;POLQ;STIL;CDKN2C;UBE2C;ODF2;PLK1;CBX1;CDC7;FANCC;CDC6;NDC80;TPX2;CENPE;POLA2;CENPF;NASP;UBE2S;CDK4;PRC1;KIF4A;TACC3;CDK1;EZH2;MAD2L1;CDKN3","SPP1+ cycMacro",88.6644902537917
"MSigDB_Hallmark_2020","Mitotic Spindle","43/199",1.18018021914464e-24,1.53423428488803e-23,9.43604571584998,"TOP2A;PIF1;TTK;KIF11;SMC3;BRCA2;SMC4;KIF15;LMNB1;AURKA;CCNB2;RACGAP1;NUSAP1;CEP72;NEK2;KNTC1;FBXO5;PCNT;ECT2;BUB1;DLGAP5;SAC3D1;CDK5RAP2;PLK1;KIF23;KIF22;SMC1A;CKAP5;NDC80;ANLN;TPX2;CENPE;CENPF;ESPL1;INCENP;PRC1;CENPJ;KIF4A;SASS6;CDK1;BIRC5;KIF2C;KIF20B","SPP1+ cycMacro",22.8141083164855
"MSigDB_Hallmark_2020","Myc Targets V1","33/200",1.66491696538697e-15,1.6232940412523e-14,6.64256103178258,"PRPS2;PCNA;MCM7;TYMS;CDC20;CDC45;SNRPD1;RUVBL2;POLD2;USP1;BUB3;KPNA2;RANBP1;DUT;RRM1;RFC4;CTPS1;PA2G4;DEK;NME1;LSM2;CCNA2;TFDP1;CDK4;CDK2;POLE3;MCM4;MCM5;HPRT1;MCM6;RAN;MAD2L1;MCM2","SPP1+ cycMacro",13.7896028055422
"MSigDB_Hallmark_2020","DNA Repair","24/150",2.41102404486683e-11,1.88059875499613e-10,6.31718711581018,"RFC5;FEN1;RFC3;DUT;RFC4;PCNA;LIG1;RFC2;ALYREF;PRIM1;NME4;SSRP1;TYMS;ZWINT;NME1;POLD3;POLA1;POLA2;RAD51;POLD1;RPA3;HPRT1;SAC3D1;POLH","SPP1+ cycMacro",9.72570385574131
"MSigDB_Hallmark_2020","Interferon Gamma Response","68/200",2.49719690613878e-103,6.9921513371886e-102,154.030303030303,"IFITM3;RTP4;SAMD9L;CXCL9;CD40;SECTM1;UBE2L6;IFI35;IFIT1;IFI44L;IFIT3;IFIT2;OASL;IFIH1;MT2A;DHX58;EPSTI1;TNFSF10;CD38;HERC6;CMKLR1;ZBP1;BATF2;IL15RA;RSAD2;SP110;DDX58;TAP1;TRAFD1;IFI27;OAS2;OAS3;IRF7;PSME2;SERPING1;CMPK2;LAP3;VAMP5;CFB;LY6E;IDO1;CD274;DDX60;USP18;HELZ2;APOL6;SLAMF7;CCL2;FCGR1A;GBP4;PNPT1;GCH1;STAT1;MX2;STAT2;MX1;IFI44;EIF2AK2;ISG15;NMI;TOR1B;PARP14;PML;PSMB9;ISG20;CXCL10;CXCL11;XAF1","TNFSF10+ Macro",101.15538918046
"MSigDB_Hallmark_2020","Interferon Alpha Response","45/97",2.82383317192568e-74,3.95336644069595e-73,192.659896283491,"IFITM3;RTP4;IFITM1;SAMD9L;SAMD9;GMPR;UBE2L6;IFI35;DDX60;USP18;IFIT3;IFI44L;IFIT2;OASL;HELZ2;IFIH1;DHX58;EPSTI1;GBP4;HERC6;BATF2;PNPT1;RSAD2;SP110;STAT2;MX1;TAP1;TRAFD1;IFI44;EIF2AK2;ISG15;NMI;PARP14;PARP9;PSMB9;ISG20;CXCL10;CXCL11;IFI27;OAS1;IRF7;CMPK2;PSME2;LAP3;LY6E","TNFSF10+ Macro",72.4030329286885
"MSigDB_Hallmark_2020","Inflammatory Response","15/200",5.68108972087178e-12,5.30235040614699e-11,13.4097206450147,"RTP4;IL15RA;IFITM1;CXCL9;CD40;GCH1;EIF2AK2;NMI;CXCL10;CXCL11;TNFSF10;IRF7;CCL2;LY6E;CMKLR1","TNFSF10+ Macro",10.2755315752774
"MSigDB_Hallmark_2020","TNF-alpha Signaling via NF-kB","11/200",1.06898826059855e-07,6.90193028814435e-07,9.3107497741644,"IFIH1;CXCL10;IL15RA;CXCL11;MARCKS;GCH1;DDX58;CD80;TAP1;CCL2;IFIT2","TNFSF10+ Macro",6.16102943154512
"MSigDB_Hallmark_2020","IL-6/JAK/STAT3 Signaling","8/87",1.23248755145434e-07,6.90193028814435e-07,15.9027526622463,"IL15RA;CXCL10;CXCL9;CXCL11;STAT1;STAT2;CD38;CXCL13","TNFSF10+ Macro",6.16102943154512
