"Gene_set","Term","Overlap","P-value","Adjusted P-value","Combined Score","Genes","cluster_name","neglog10padj"
"MSigDB_Hallmark_2020","IL-2/STAT5 Signaling","15/199",8.68111543164939e-06,0.000141396505321284,49.3510074795143,"ECM1;ABCB1;PTGER2;PTCH1;SPRY4;FLT3LG;COCH;RHOB;BATF;SYNGR2;IRF4;TNFSF11;SMPDL3A;IL18R1;WLS","CXCL14+ mCAF",3.84956132419143
"MSigDB_Hallmark_2020","Estrogen Response Late","15/200",9.22151121660548e-06,0.000141396505321284,48.827394024117,"SLC24A3;WFS1;HR;FOS;AREG;CXCL14;BATF;SCUBE2;OLFM1;SLC9A3R1;ZFP36;PRKAR2B;RPS6KA2;AGR2;TFF1","CXCL14+ mCAF",3.84956132419143
"MSigDB_Hallmark_2020","KRAS Signaling Up","15/200",9.22151121660548e-06,0.000141396505321284,48.827394024117,"ADAMDEC1;ABCB1;JUP;MMD;TMEM176B;TMEM176A;VWA5A;CXCR4;PLAT;GADD45G;TMEM100;ALDH1A3;RBP4;FGF9;PLAU","CXCL14+ mCAF",3.84956132419143
"MSigDB_Hallmark_2020","Inflammatory Response","14/200",3.93228107229091e-05,0.000361769858650764,39.5495453390925,"PTGER4;IL15RA;IFITM1;CD82;SEMA4D;TNFSF15;IL15;PTGER2;SLC4A4;F3;PTPRE;OLR1;LCP2;IL18R1","CXCL14+ mCAF",3.44156761980608
"MSigDB_Hallmark_2020","Xenobiotic Metabolism","14/200",3.93228107229091e-05,0.000361769858650764,39.5495453390925,"NQO1;ITIH4;JUP;MAOA;TMEM176B;FMO3;ETS2;PSMB10;RBP4;GCLC;ALDH2;HSD17B2;PDK4;ASL","CXCL14+ mCAF",3.44156761980608
"MSigDB_Hallmark_2020","TNF-alpha Signaling via NF-kB","25/200",1.42859382804793e-32,4.85721901536298e-31,4498.39268039913,"PPP1R15A;SERPINE1;TNFAIP3;PTGS2;CXCL2;ZC3H12A;IER3;KDM6B;MAP2K3;DUSP5;DUSP2;EGR3;GADD45A;LIF;SOD2;GEM;FOSL1;KLF6;TUBB2A;NR4A3;CLCF1;MAFF;REL;TRIB1;HBEGF","HSP+ tCAF",30.313612313447
"MSigDB_Hallmark_2020","p53 Pathway","7/200",6.96753452538923e-06,0.000118448086931616,132.808554465471,"PPP1R15A;RRAD;GADD45A;LIF;BAIAP2;HBEGF;IER3","HSP+ tCAF",3.92647194922362
"MSigDB_Hallmark_2020","Apoptosis","6/161",2.30433373466989e-05,0.000261157823262587,125.746552491952,"EGR3;TNFRSF12A;GADD45A;PMAIP1;SOD2;IER3","HSP+ tCAF",3.5830969598753
"MSigDB_Hallmark_2020","Hypoxia","6/200",7.73957493345149e-05,0.000438575912895584,88.8927504770783,"PPP1R15A;KLF6;SERPINE1;MAFF;TNFAIP3;IER3","HSP+ tCAF",3.35795522396672
"MSigDB_Hallmark_2020","Inflammatory Response","6/200",7.73957493345149e-05,0.000438575912895584,88.8927504770783,"KLF6;IRAK2;SERPINE1;LIF;BDKRB1;HBEGF","HSP+ tCAF",3.35795522396672
"MSigDB_Hallmark_2020","TNF-alpha Signaling via NF-kB","23/200",3.56116331457426e-34,1.1751838938095e-32,8246.56190594081,"PPP1R15A;KDM6B;CDKN1A;GADD45B;GADD45A;KLF4;SOD2;CXCL3;PTGS2;CXCL2;GEM;ICAM1;NFKBIA;SOCS3;IL6;ZFP36;NR4A3;MYC;MAFF;CCL2;PTX3;TRIB1;IER3","IL6+ iCAF",31.9298941692919
"MSigDB_Hallmark_2020","Interferon Gamma Response","8/200",1.95656993128612e-08,2.15222692441473e-07,374.730373059697,"NFKBIA;SOCS3;IL6;CDKN1A;CCL2;SOD2;PTGS2;ICAM1","IL6+ iCAF",6.66711193987115
"MSigDB_Hallmark_2020","Inflammatory Response","8/200",1.95656993128612e-08,2.15222692441473e-07,374.730373059697,"NFKBIA;IL6;CDKN1A;MYC;BDKRB1;CCL2;ICAM4;ICAM1","IL6+ iCAF",6.66711193987115
"MSigDB_Hallmark_2020","UV Response Up","7/158",8.10604145017576e-08,6.687484196395e-07,374.71841850432,"NFKBIA;DNAJB1;IL6;RRAD;SOD2;CXCL2;ICAM1","IL6+ iCAF",6.17473723127748
"MSigDB_Hallmark_2020","Hypoxia","7/200",4.03470319345175e-07,2.66290410767815e-06,263.796359288056,"PPP1R15A;IL6;CDKN1A;ZFP36;HAS1;MAFF;IER3","IL6+ iCAF",5.57464447241049
"MSigDB_Hallmark_2020","Interferon Gamma Response","64/200",4.26061325596083e-93,1.32079010934785e-91,25975.9584810218,"RTP4;SAMD9L;CXCL9;SECTM1;UBE2L6;IFI35;IFIT1;IFI44L;IFIT3;IFIT2;IL18BP;OASL;IFIH1;DHX58;EPSTI1;TNFSF10;TRIM21;HERC6;BATF2;IL15RA;RSAD2;SP110;DDX58;IL15;HLA-B;TAP1;PLSCR1;IFI27;OAS2;OAS3;IRF7;TRIM14;PSME2;IRF8;CMPK2;LAP3;LY6E;IDO1;CD274;NLRC5;DDX60;USP18;HELZ2;APOL6;GBP4;VCAM1;STAT1;MX2;STAT2;MX1;IFI44;EIF2AK2;ISG15;NMI;PARP14;PML;PARP12;PSMB8;PSMB9;ISG20;BST2;CXCL10;CXCL11;XAF1","ISG15+ mCAF",90.8791661919195
"MSigDB_Hallmark_2020","Interferon Alpha Response","52/97",1.38425494664225e-89,2.14559516729548e-88,53237.5778861845,"RTP4;IFITM1;SAMD9L;UBE2L6;IFI35;TMEM140;IFIT3;IFI44L;IFIT2;OASL;IFIH1;DHX58;EPSTI1;TRIM21;HERC6;BATF2;RSAD2;SP110;IL15;TAP1;HLA-C;PARP9;PLSCR1;IFI27;OAS1;IRF7;CMPK2;TRIM14;PSME2;LAP3;LY6E;SAMD9;GMPR;DDX60;USP18;HELZ2;GBP2;GBP4;STAT2;MX1;IFI44;EIF2AK2;ISG15;NMI;PARP14;PARP12;PSMB8;PSMB9;BST2;ISG20;CXCL10;CXCL11","ISG15+ mCAF",87.6684522176893
"MSigDB_Hallmark_2020","Inflammatory Response","15/200",1.07832291254075e-11,1.11426700962545e-10,322.28325178988,"RTP4;IL15RA;IFITM1;CXCL9;IL15;EIF2AK2;NOD2;NMI;CX3CL1;BST2;CXCL10;CXCL11;TNFSF10;IRF7;LY6E","ISG15+ mCAF",9.95301072755357
"MSigDB_Hallmark_2020","Allograft Rejection","11/200",1.67363348673758e-07,1.29706595222162e-06,138.477260507646,"CXCL9;IL15;STAT1;TAP2;IRF7;TAP1;IRF8;CCL19;CXCL13;GBP2;CTSS","ISG15+ mCAF",5.88703794067944
"MSigDB_Hallmark_2020","IL-6/JAK/STAT3 Signaling","7/87",2.59525809401176e-06,1.60906001828729e-05,167.372954179337,"IL15RA;CXCL10;CXCL9;CXCL11;STAT1;STAT2;CXCL13","ISG15+ mCAF",4.79342775632057
"MSigDB_Hallmark_2020","Epithelial Mesenchymal Transition","17/200",2.98360143224702e-11,1.13376854425386e-09,233.606141053841,"PCOLCE2;ELN;FBLN1;DKK1;FSTL1;FBLN2;FBLN5;DCN;TGFBR3;MFAP5;SFRP4;SFRP1;ABI3BP;MGP;SLIT3;CRLF1;FBN1","PI16+ iCAF",8.94547559642467
"MSigDB_Hallmark_2020","Myogenesis","11/200",7.53823134040954e-06,0.000143226395467781,69.0208521745433,"CFD;FABP3;ABLIM1;GSN;PTGIS;GPX3;TNNC2;FHL1;LSP1;CLU;SOD3","PI16+ iCAF",3.84397693768714
"MSigDB_Hallmark_2020","Coagulation","9/138",1.33453262139416e-05,0.000169040798709927,78.1702507133274,"CFD;C3;DPP4;GSN;F10;C1R;CTSH;CLU;FBN1","PI16+ iCAF",3.77200846392962
"MSigDB_Hallmark_2020","Complement","8/200",0.001129536558575,0.0071537315376421,27.9920349040901,"C3;DPP4;CDA;F10;C1R;CTSH;CLU;CD55","PI16+ iCAF",2.14546736190976
"MSigDB_Hallmark_2020","Xenobiotic Metabolism","8/200",0.001129536558575,0.0071537315376421,27.9920349040901,"CDA;ABCC2;F10;AKR1C3;AOX1;FBLN1;FBP1;CES1","PI16+ iCAF",2.14546736190976
"MSigDB_Hallmark_2020","Allograft Rejection","70/200",1.10700758550021e-67,3.98522730780078e-66,4780.01949910659,"CD86;ITK;SPI1;GPR65;NCF4;ITGB2;PRF1;LY75;CD3G;CD3E;CXCL13;ITGAL;CD3D;TNF;IL27RA;SIT1;STAB1;CCR5;HLA-DOA;MAP4K1;TPD52;SRGN;CD96;PRKCB;EREG;FGR;ZAP70;CD8B;IFNG;CD8A;LCK;IRF4;IL1B;HCLS1;LCP2;LTB;TLR2;IGSF6;WAS;IL2RG;CD79A;HLA-DMA;HLA-DMB;CXCR3;CCL5;CCL4;ST8SIA4;STAT4;NLRP3;HLA-DQA1;CCR1;CD74;TRAT1;GZMA;CRTAM;LY86;GZMB;CD2;CD4;CD40LG;PTPRC;IL2RA;CD7;IL2RB;CD28;HLA-DRA;KLRD1;PTPN6;CD247;FCGR2B","apCAF",65.3995469024464
"MSigDB_Hallmark_2020","Inflammatory Response","36/200",9.36525062903595e-24,1.68574511322647e-22,607.889694341969,"CSF3R;C5AR1;FPR1;CXCR6;RASGRP1;PIK3R5;GPR132;GNA15;RGS1;CCL5;STAB1;C3AR1;OLR1;NLRP3;CCR7;CD14;SLAMF1;MSR1;SEMA4D;IL10RA;OSM;CYBB;TNFRSF1B;EREG;MARCO;RNF144B;SELL;LCK;GPR183;IL1B;IL2RB;CD48;LCP2;CD69;IL7R;TLR2","apCAF",21.7732080906172
"MSigDB_Hallmark_2020","Interferon Gamma Response","28/200",9.14944773375083e-16,1.09793372805009e-14,288.083548561148,"CD86;CIITA;FPR1;IFI30;HLA-DMA;KLRK1;CASP8;CCL5;ST8SIA4;STAT4;SLAMF7;CD38;ITGB7;FCGR1A;HLA-DQA1;ZBP1;CD74;IL10RA;GZMA;VAMP8;ISG20;IRF4;IL2RB;XCL1;LCP2;PTPN6;CD69;HLA-DRB1","apCAF",13.9594238733747
"MSigDB_Hallmark_2020","Complement","23/200",2.27978724389717e-11,1.64144681560596e-10,160.573728249498,"FCN1;C1QA;SERPINA1;FCER1G;ITGAM;APOBEC3G;GZMA;PLEK;WAS;GZMB;GATA3;RASGRP1;PIK3CG;PIK3R5;GZMK;CD40LG;LCK;SPOCK2;CCL5;OLR1;LCP2;S100A9;C1QC","apCAF",9.78477318424931
"MSigDB_Hallmark_2020","KRAS Signaling Up","23/200",2.27978724389717e-11,1.64144681560596e-10,160.573728249498,"MAP4K1;PIGR;ST6GAL1;FCER1G;IL10RA;ITGB2;LAPTM5;CXCR4;IKZF1;TNFRSF1B;IL2RG;CSF2RA;EREG;LAT2;IL1B;C3AR1;SPP1;CD37;ADAM8;LCP1;IL7R;DOCK2;BIRC3","apCAF",9.78477318424931
"MSigDB_Hallmark_2020","E2F Targets","125/200",8.97507136272962e-120,4.30803425411022e-118,11668.9045939552,"DCLRE1B;NUP107;POP7;DSCC1;CSE1L;CCP110;BUB1B;SMC6;MKI67;SMC3;SMC4;CDC20;PTTG1;CHEK1;STMN1;KPNA2;TMPO;LIG1;CDC25A;CDC25B;DDX39A;MELK;MSH2;CCNE1;TIMELESS;ASF1B;NUP205;DNMT1;RNASEH2A;CDCA3;PRKDC;SHMT1;CDCA8;HMMR;RAD51AP1;CCNB2;ORC6;RACGAP1;RAD21;PLK4;BARD1;CBX5;PLK1;PAICS;POLA2;KIF18B;DIAPH3;UBE2S;UBE2T;KIF4A;ANP32E;CDK1;MXD3;EZH2;TOP2A;MCM7;SUV39H1;HMGB2;HMGB3;BRCA1;BRCA2;CKS1B;LMNB1;XPO1;MYBL2;TK1;POLE;LBR;DLGAP5;TCF19;HELLS;RFC3;RFC2;TUBB;KIF22;TUBG1;SMC1A;DCK;CIT;MMS22L;RAD51C;ESPL1;CKS2;DEPDC1;MCM3;MCM4;BIRC5;KIF2C;MCM5;MCM6;MCM2;PRIM2;PCNA;AURKB;AURKA;PSMC3IP;POLD3;POLD1;EXOSC8;POLD2;USP1;E2F8;GINS1;RANBP1;DUT;CDKN2C;RRM2;SPAG5;GINS3;GINS4;ATAD2;RPA1;DONSON;DEK;SSRP1;CENPE;RPA3;TACC3;CENPM;NCAPD2;TRIP13;SPC24;MAD2L1;CDKN3;SPC25","cyc mCAF",117.365720852191
"MSigDB_Hallmark_2020","G2-M Checkpoint","93/200",1.61599303013248e-72,3.87838327231795e-71,3512.89228651194,"TOP2A;SUV39H1;CCNF;HMGB3;KIF11;MKI67;BRCA2;SMC4;SMC2;KIF15;LMNB1;CKS1B;CDC20;CHAF1A;XPO1;PTTG1;EXO1;CHEK1;STMN1;PBK;NUSAP1;NEK2;MYBL2;FBXO5;KPNA2;HMGN2;LBR;POLE;TMPO;KIF23;KIF22;SMC1A;CDC25A;CDC25B;TRAIP;CCNA2;DDX39A;DBF4;RBL1;ESPL1;INCENP;CKS2;MCM3;BIRC5;KIF2C;MCM5;MCM6;KIF20B;MCM2;PRIM2;DTYMK;TROAP;TTK;HMMR;CENPA;AURKB;AURKA;CCNB2;ORC6;CDC45;RACGAP1;RAD21;E2F1;RAD54L;E2F2;BUB3;BUB1;PLK4;BARD1;GINS2;POLQ;STIL;CDKN2C;UBE2C;ODF2;PLK1;CBX1;CDC7;FANCC;CDC6;NDC80;TPX2;CENPE;POLA2;CENPF;UBE2S;PRC1;KIF4A;TACC3;CDK1;EZH2;MAD2L1;CDKN3","cyc mCAF",70.4113492749819
"MSigDB_Hallmark_2020","Mitotic Spindle","48/199",9.49437685810836e-23,1.51910029729733e-21,371.70454019715,"TOP2A;PIF1;TTK;KIF11;SMC3;BRCA2;SMC4;KIF15;LMNB1;AURKA;CCNB2;RACGAP1;CNTRL;NUSAP1;CEP72;CEP192;NEK2;KNTC1;FBXO5;PCNT;ECT2;BUB1;DLGAP5;SAC3D1;CDK5RAP2;PLK1;KIF23;KIF22;SMC1A;CKAP5;NDC80;TIAM1;CCDC88A;ANLN;TPX2;CENPE;CENPF;ESPL1;INCENP;PRC1;CENPJ;KIF4A;SASS6;CDK1;BIRC5;KIF2C;CNTROB;KIF20B","cyc mCAF",20.818413551269
"MSigDB_Hallmark_2020","DNA Repair","25/150",7.37879094914495e-09,8.85454913897395e-08,84.1237265673909,"FEN1;PCNA;ARL6IP1;PRIM1;TYMS;POLD3;POLD1;SAC3D1;POLH;RFC5;RFC3;DUT;RFC4;LIG1;RFC2;ALYREF;NME4;SSRP1;ZWINT;TARBP2;POLA1;POLA2;RAD51;RPA3;CCNO","cyc mCAF",7.05283354756715
"MSigDB_Hallmark_2020","mTORC1 Signaling","27/200",1.7988400239745e-07,1.4390720191796e-06,54.4402407793588,"NUP205;SHMT2;CCNF;TMEM97;AURKA;SLC9A3R1;EBP;PHGDH;SLC37A4;BUB1;PSPH;STARD4;RRM2;PLK1;RPA1;DHCR24;TUBG1;CDC25A;DHFR;MLLT11;DDX39A;PSAT1;HMBS;MCM4;POLR3G;GAPDH;MCM2","cyc mCAF",5.84191747100458
"MSigDB_Hallmark_2020","Myogenesis","7/200",1.41972212928043e-05,0.000468508302662545,110.930603730262,"CFD;GSN;GPX3;FXYD1;APOD;IGF1;SOD3","iCAF",3.32928270836515
"MSigDB_Hallmark_2020","Adipogenesis","6/200",0.000140595680004229,0.0011599143600348,74.1298005369494,"ITIH5;C3;ACADL;GPX3;SPARCL1;CD302","iCAF",2.93557407485697
"MSigDB_Hallmark_2020","Epithelial Mesenchymal Transition","6/200",0.000140595680004229,0.0011599143600348,74.1298005369494,"SFRP1;CXCL12;MGP;FBLN1;FBLN5;DCN","iCAF",2.93557407485697
"MSigDB_Hallmark_2020","Xenobiotic Metabolism","6/200",0.000140595680004229,0.0011599143600348,74.1298005369494,"F10;PDK4;FBLN1;IGF1;FMO3;PTGDS","iCAF",2.93557407485697
"MSigDB_Hallmark_2020","Coagulation","5/138",0.000217616699316289,0.0014362702154875,84.7732969369692,"CFD;C3;GSN;F10;P2RY1","iCAF",2.84276384557057
"MSigDB_Hallmark_2020","Epithelial Mesenchymal Transition","25/200",1.35936363689707e-27,2.85466363748386e-26,2151.4500445826,"TAGLN;SPARC;NTM;COL12A1;THBS2;COMP;CTHRC1;POSTN;FN1;BGN;COL1A1;ACTA2;VCAN;COL3A1;COL1A2;COL5A1;FAP;COL5A2;CDH11;ADAM12;COL8A2;COL6A3;SDC1;MXRA5;MATN3","mCAF",25.5444450569419
"MSigDB_Hallmark_2020","Myogenesis","10/200",1.10530745468957e-07,1.16057282742405e-06,173.036251401838,"COL1A1;CHRNA1;RYR1;TAGLN;COL3A1;SPARC;GJA5;ADAM12;COL6A3;PVALB","mCAF",5.93532760182071
"MSigDB_Hallmark_2020","Angiogenesis","4/36",3.85294494536292e-05,0.000269706146175404,247.400869685081,"POSTN;VCAN;COL3A1;COL5A2","mCAF",3.56910915655174
"MSigDB_Hallmark_2020","UV Response Dn","5/144",0.0010209564548176,0.0053600213877928,48.4553704090069,"COL1A1;COL3A1;COL1A2;SCN8A;COL5A2","mCAF",2.27083347736285
"MSigDB_Hallmark_2020","Glycolysis","5/200",0.0042646169761717,0.0179113912999211,27.2925564589531,"TKTL1;CHST6;VCAN;COL5A1;SDC1","mCAF",1.74687067822632
"MSigDB_Hallmark_2020","Allograft Rejection","45/200",8.33047894942709e-29,3.83202031673646e-27,739.723540084141,"ITK;GPR65;ITGB2;PRF1;WAS;CD3G;CD3E;ITGAL;IL2RG;CD3D;ETS1;HLA-DMA;SOCS1;SIT1;CXCR3;CCL5;CCL4;ST8SIA4;STAT4;CSK;HLA-DQA1;SRGN;CD74;CD96;PRKCB;TRAT1;GZMA;GZMB;CD2;ZAP70;CD4;PTPRC;CD8B;IFNG;CD8A;LCK;CD7;IL2RB;CD28;HCLS1;KLRD1;LCP2;PTPN6;LTB;CD247","myoCAF",26.41657219703
"MSigDB_Hallmark_2020","Myogenesis","23/200",4.50997210956548e-09,1.03729358520006e-07,94.0712312263477,"MEF2C;TAGLN;NOTCH1;DMPK;TPM2;LDB3;SORBS1;SOD3;CACNA1H;MYLK;PTP4A3;SYNGR2;COL4A2;SGCA;HRC;CASQ2;MYH9;ITGA7;DMD;IGFBP7;MYH11;CD36;AGRN","myoCAF",6.98409830784707
"MSigDB_Hallmark_2020","IL-2/STAT5 Signaling","20/199",4.24097887056529e-07,6.50283426820012e-06,61.3959523895969,"PRKCH;IL10RA;GPR65;TNFRSF18;RGS16;RHOH;CST7;TNFRSF1B;HOPX;BATF;CD79B;SYNGR2;SOCS1;SELL;IL2RB;CTLA4;CD48;LTB;ICOS;CDC42SE2","myoCAF",5.186897314318
"MSigDB_Hallmark_2020","Interferon Gamma Response","19/200",1.93004963055853e-06,2.21955707514231e-05,51.6191880331026,"CD74;BTG1;IL10RA;P2RY14;GZMA;NLRC5;LYSMD2;VAMP8;ISG20;HLA-DMA;SOCS1;CCL5;IL2RB;ST8SIA4;STAT4;LCP2;PTPN6;CD69;HLA-DQA1","myoCAF",4.65373368276267
"MSigDB_Hallmark_2020","Apical Junction","18/200",7.65558573649517e-06,5.86928239797963e-05,43.4543473253596,"VASP;ITGA3;ICAM2;PARD6G;ACTN4;RHOF;PTK2;ACTG2;CDH6;NFASC;PTPRC;RAC2;MYH9;EVL;RSU1;PCDH1;MYL9;ARHGEF6","myoCAF",4.23141499409287
"MSigDB_Hallmark_2020","Myogenesis","17/200",8.83969214327983e-07,4.06625838590872e-05,63.7770433751914,"PRNP;MEF2C;DTNA;ITGB4;HSPB2;SORBS1;CLU;EFS;ERBB3;SCD;PKIA;FXYD1;FKBP1B;DMD;NCAM1;CRYAB;SH3BGR","pnCAF",4.39080502805681
"MSigDB_Hallmark_2020","Estrogen Response Early","13/200",0.000265931286508487,0.0030582097948476,27.8987610486104,"KCNK5;OPN3;ITPK1;ENDOD1;GFRA1;SLC1A4;CELSR2;SYNGR1;TUBB2B;MLPH;INPP5F;BCL2;SFN","pnCAF",2.51453272506516
"MSigDB_Hallmark_2020","Estrogen Response Late","13/200",0.000265931286508487,0.0030582097948476,27.8987610486104,"KCNK5;SERPINA3;OPN3;ST6GALNAC2;ITPK1;SLC1A4;CELSR2;SERPINA5;CDH1;CA2;BCL2;CD9;SFN","pnCAF",2.51453272506516
"MSigDB_Hallmark_2020","Epithelial Mesenchymal Transition","13/200",0.000265931286508487,0.0030582097948476,27.8987610486104,"CADM1;DST;NTM;ITGA2;FSTL3;CDH6;CDH2;GPC1;SPP1;PMP22;PMEPA1;CRLF1;MATN2","pnCAF",2.51453272506516
"MSigDB_Hallmark_2020","Cholesterol Homeostasis","7/74",0.000809932494974042,0.0067617910993145,35.938364521327,"ALCAM;PCYT2;SCD;LPL;CD9;CLU;TM7SF2","pnCAF",2.16993825057947
"MSigDB_Hallmark_2020","TNF-alpha Signaling via NF-kB","39/200",2.7792621439366e-39,1.16729010045337e-37,2623.2560271977,"BTG3;CXCL6;TNFAIP8;CSF2;TNFAIP6;SERPINE1;CXCL1;PTGS2;CXCL3;SAT1;CXCL2;ICAM1;RELB;SLC16A6;PDE4B;PHLDA2;IER3;SERPINB2;GCH1;CCL20;SPHK1;TNFRSF9;LIF;PLAUR;INHBA;TRAF1;ATP2B1;SOD2;SERPINB8;FOSL1;YRDC;IL6;BMP2;TNIP1;IL23A;NINJ1;FJX1;CD44;BIRC3","tCAF",36.9328211976229
"MSigDB_Hallmark_2020","Inflammatory Response","22/200",7.44593850852421e-17,1.56364708679008e-15,505.969479022822,"CXCL6;GCH1;TNFAIP6;CCL20;SPHK1;TNFRSF9;ITGB3;SERPINE1;LIF;SLC1A2;PLAUR;INHBA;ATP2B1;SLC7A1;SLC7A2;ICAM1;IL6;GNA15;IRAK2;PDPN;PDE4B;CHST2","tCAF",14.8058612599427
"MSigDB_Hallmark_2020","Hypoxia","17/200",1.86258331991285e-11,1.95571248590849e-10,246.031130016672,"CA12;IGFBP1;SERPINE1;SLC2A1;PLAUR;STC1;ENO1;AMPD3;HK2;MT2A;IL6;STC2;HMOX1;PLIN2;CHST2;PFKP;IER3","tCAF",9.7086949915532
"MSigDB_Hallmark_2020","Epithelial Mesenchymal Transition","17/200",1.86258331991285e-11,1.95571248590849e-10,246.031130016672,"CXCL6;TNFRSF12A;MMP1;ITGB3;SERPINE1;TFPI2;MMP3;PLAUR;TNFRSF11B;CXCL1;INHBA;FGF2;SAT1;IL6;SLC6A8;PDLIM4;CD44","tCAF",9.7086949915532
"MSigDB_Hallmark_2020","Apoptosis","14/161",8.81084262471825e-10,7.40110780476333e-09,209.811803822205,"BTG3;TNFRSF12A;GCH1;HGF;SOD2;SAT1;BMP2;IL6;GNA15;HMOX1;BID;CD44;IER3;BIRC3","tCAF",8.13070326979778
"MSigDB_Hallmark_2020","Myogenesis","17/200",1.58104466129562e-08,7.43090990808943e-07,111.093787100327,"ACHE;MEF2C;CDKN1A;TAGLN;GPX3;PYGM;LDB3;MYLK;PTP4A3;COL4A2;HRC;APLNR;ITGA7;DMD;IGFBP7;MYH11;CD36","vCAF",6.12895800402309
"MSigDB_Hallmark_2020","TNF-alpha Signaling via NF-kB","14/200",3.06925021930967e-06,7.21273801537773e-05,62.9576060517669,"CDKN1A;JAG1;FOS;EFNA1;SOCS3;NR4A1;ZFP36;MYC;DNAJB4;CCL2;SIK1;JUNB;PHLDA1;ATF3","vCAF",4.1418998421815
"MSigDB_Hallmark_2020","Angiogenesis","5/36",0.000220166805151138,0.0028333679347044,87.5467468093573,"JAG1;KCNJ8;LPL;PDGFA;PTK2","vCAF",2.54769702532557
"MSigDB_Hallmark_2020","Adipogenesis","11/200",0.000301422120713241,0.0028333679347044,30.7734854633094,"FABP4;ANGPT1;COL4A1;GPX3;LPL;ITGA7;STOM;SNCG;PPARG;CD36;MYLK","vCAF",2.54769702532557
"MSigDB_Hallmark_2020","Epithelial Mesenchymal Transition","11/200",0.000301422120713241,0.0028333679347044,30.7734854633094,"CDH6;PDGFRB;ACTA2;FOXC2;TAGLN;COL4A2;COL4A1;CALD1;LAMA3;MYL9;MYLK","vCAF",2.54769702532557
