"Feat_pair","cancer_type","Region","median_J_comp","mean_J_comp","n"
"B cell-Endothelial","BRCA","Boundary",0.3315508,0.38606519,75
"B cell-Endothelial","BRCA","Malignant",0.39402174,0.38855163,75
"B cell-Endothelial","BRCA","Normal",0.25222222,0.28355418,75
"B cell-Endothelial","COCA","Boundary",0.41666667,0.42605951,27
"B cell-Endothelial","COCA","Malignant",0.51935484,0.48144526,27
"B cell-Endothelial","COCA","Normal",0.3490566,0.34531948,27
"B cell-Endothelial","HNCA","Boundary",0.24292013,0.3694383,26
"B cell-Endothelial","HNCA","Malignant",0.09448819,0.26890047,26
"B cell-Endothelial","HNCA","Normal",0.19328886,0.18492254,26
"B cell-Endothelial","KICA","Boundary",0.35693215,0.34434792,23
"B cell-Endothelial","KICA","Malignant",0.17584746,0.23289296,23
"B cell-Endothelial","KICA","Normal",0.08481262,0.1009289,23
"B cell-Endothelial","LICA","Boundary",0.99618321,0.92269326,12
"B cell-Endothelial","LICA","Malignant",0.76881015,0.70277804,12
"B cell-Endothelial","LICA","Normal",0.73934053,0.71317723,12
"B cell-Endothelial","LUCA","Boundary",0.37706265,0.33665038,22
"B cell-Endothelial","LUCA","Malignant",0.37903426,0.42124298,22
"B cell-Endothelial","LUCA","Normal",0.12174689,0.18908379,22
"B cell-Endothelial","OVCA","Boundary",0.28455672,0.26087086,24
"B cell-Endothelial","OVCA","Malignant",0.3652982,0.39668761,24
"B cell-Endothelial","OVCA","Normal",0.12390295,0.16664879,24
"B cell-Endothelial","PDAC","Boundary",0.26858108,0.29181511,14
"B cell-Endothelial","PDAC","Malignant",0.26017069,0.3836824,14
"B cell-Endothelial","PDAC","Normal",0.21330155,0.18487402,14
"B cell-Endothelial","PRCA","Boundary",0.63644834,0.58930721,8
"B cell-Endothelial","PRCA","Malignant",0.4611546,0.49348111,8
"B cell-Endothelial","PRCA","Normal",0.35224026,0.36190041,8
"B cell-Endothelial","SKCA","Boundary",0.41032009,0.37664009,16
"B cell-Endothelial","SKCA","Malignant",0.77102246,0.54797934,16
"B cell-Endothelial","SKCA","Normal",0.28748607,0.3083369,16
"B cell-Endothelial","STCA","Boundary",0.33870968,0.39240147,11
"B cell-Endothelial","STCA","Malignant",0.45633803,0.37598414,11
"B cell-Endothelial","STCA","Normal",0.23317308,0.19664935,11
"B cell-Endothelial","THCA","Boundary",0.61979167,0.63379809,5
"B cell-Endothelial","THCA","Malignant",0.65098039,0.58077541,5
"B cell-Endothelial","THCA","Normal",0.51020408,0.46427413,5
"B cell-Endothelial","UCEC","Boundary",0.50649351,0.5537876,5
"B cell-Endothelial","UCEC","Malignant",0.065,0.18510928,5
"B cell-Endothelial","UCEC","Normal",0.24541284,0.23821451,5
"B cell-Fibroblast","BRCA","Boundary",0.38983051,0.41913822,75
"B cell-Fibroblast","BRCA","Malignant",0.29292929,0.3489179,75
"B cell-Fibroblast","BRCA","Normal",0.1867556,0.24568246,75
"B cell-Fibroblast","COCA","Boundary",0.38961039,0.38218587,27
"B cell-Fibroblast","COCA","Malignant",0.39873418,0.45482765,27
"B cell-Fibroblast","COCA","Normal",0.12783505,0.14725033,27
"B cell-Fibroblast","HNCA","Boundary",0.28236842,0.36552358,26
"B cell-Fibroblast","HNCA","Malignant",0,0.21357662,26
"B cell-Fibroblast","HNCA","Normal",0.18283262,0.18188796,26
"B cell-Fibroblast","KICA","Boundary",0.40909091,0.45352386,23
"B cell-Fibroblast","KICA","Malignant",0.29591837,0.34387725,23
"B cell-Fibroblast","KICA","Normal",0.10608424,0.12011429,23
"B cell-Fibroblast","LICA","Boundary",1,0.96387929,12
"B cell-Fibroblast","LICA","Malignant",0.7680677,0.7367698,12
"B cell-Fibroblast","LICA","Normal",0.71657901,0.69433073,12
"B cell-Fibroblast","LUCA","Boundary",0.36103448,0.40321391,22
"B cell-Fibroblast","LUCA","Malignant",0.24466891,0.27707781,22
"B cell-Fibroblast","LUCA","Normal",0.17312198,0.18406494,22
"B cell-Fibroblast","OVCA","Boundary",0.23327759,0.24765338,24
"B cell-Fibroblast","OVCA","Malignant",0.2562757,0.29557708,24
"B cell-Fibroblast","OVCA","Normal",0.10583361,0.13916678,24
"B cell-Fibroblast","PDAC","Boundary",0.12312312,0.1564796,14
"B cell-Fibroblast","PDAC","Malignant",0.09557636,0.2341679,14
"B cell-Fibroblast","PDAC","Normal",0.09687337,0.10727127,14
"B cell-Fibroblast","PRCA","Boundary",0.38219252,0.41045684,8
"B cell-Fibroblast","PRCA","Malignant",0.43924731,0.43654279,8
"B cell-Fibroblast","PRCA","Normal",0.19217355,0.20093724,8
"B cell-Fibroblast","SKCA","Boundary",0.40951677,0.43682611,16
"B cell-Fibroblast","SKCA","Malignant",0.14460784,0.36888281,16
"B cell-Fibroblast","SKCA","Normal",0.19558254,0.21920325,16
"B cell-Fibroblast","STCA","Boundary",0.46638655,0.37461593,11
"B cell-Fibroblast","STCA","Malignant",0.50241546,0.46782493,11
"B cell-Fibroblast","STCA","Normal",0.19921105,0.24371091,11
"B cell-Fibroblast","THCA","Boundary",0.44329897,0.3016596,5
"B cell-Fibroblast","THCA","Malignant",0.3625498,0.30006292,5
"B cell-Fibroblast","THCA","Normal",0.22427984,0.22305057,5
"B cell-Fibroblast","UCEC","Boundary",0.59615385,0.68428742,5
"B cell-Fibroblast","UCEC","Malignant",0.2970297,0.24665492,5
"B cell-Fibroblast","UCEC","Normal",0.3247619,0.26755437,5
"B cell-Mural","BRCA","Boundary",0.34042553,0.36357488,75
"B cell-Mural","BRCA","Malignant",0.33,0.32762787,75
"B cell-Mural","BRCA","Normal",0.2203154,0.24223358,75
"B cell-Mural","COCA","Boundary",0.38245614,0.39548277,27
"B cell-Mural","COCA","Malignant",0.51960784,0.5143257,27
"B cell-Mural","COCA","Normal",0.24540902,0.25142432,27
"B cell-Mural","HNCA","Boundary",0.24867751,0.30815351,26
"B cell-Mural","HNCA","Malignant",0.07201087,0.21730862,26
"B cell-Mural","HNCA","Normal",0.18378747,0.18291045,26
"B cell-Mural","KICA","Boundary",0.30131004,0.33391728,23
"B cell-Mural","KICA","Malignant",0.19887561,0.21026637,23
"B cell-Mural","KICA","Normal",0.0834868,0.1033264,23
"B cell-Mural","LICA","Boundary",0.96969001,0.89277738,12
"B cell-Mural","LICA","Malignant",0.69703801,0.68936491,12
"B cell-Mural","LICA","Normal",0.7288363,0.66659926,12
"B cell-Mural","LUCA","Boundary",0.34923093,0.33892134,22
"B cell-Mural","LUCA","Malignant",0.34672625,0.33096069,22
"B cell-Mural","LUCA","Normal",0.14194862,0.15143525,22
"B cell-Mural","OVCA","Boundary",0.20842449,0.20869885,24
"B cell-Mural","OVCA","Malignant",0.1820407,0.27687611,24
"B cell-Mural","OVCA","Normal",0.08540419,0.12593422,24
"B cell-Mural","PDAC","Boundary",0.36005931,0.30014145,14
"B cell-Mural","PDAC","Malignant",0.11474409,0.21550038,14
"B cell-Mural","PDAC","Normal",0.19237825,0.16833047,14
"B cell-Mural","PRCA","Boundary",0.3964198,0.41670054,8
"B cell-Mural","PRCA","Malignant",0.24765937,0.24273627,8
"B cell-Mural","PRCA","Normal",0.08757379,0.08442189,8
"B cell-Mural","SKCA","Boundary",0.38343379,0.4026187,16
"B cell-Mural","SKCA","Malignant",0.15151515,0.35225033,16
"B cell-Mural","SKCA","Normal",0.31483661,0.29828284,16
"B cell-Mural","STCA","Boundary",0.33840304,0.37365332,11
"B cell-Mural","STCA","Malignant",0.27913279,0.26406339,11
"B cell-Mural","STCA","Normal",0.10268378,0.16499667,11
"B cell-Mural","THCA","Boundary",0.71724138,0.75114968,5
"B cell-Mural","THCA","Malignant",0.72180451,0.64301139,5
"B cell-Mural","THCA","Normal",0.52096436,0.55195431,5
"B cell-Mural","UCEC","Boundary",0.60377358,0.68980234,5
"B cell-Mural","UCEC","Malignant",0.27745665,0.21448902,5
"B cell-Mural","UCEC","Normal",0.34444444,0.25530533,5
"B cell-Myeloid","BRCA","Boundary",0.57366771,0.5043997,75
"B cell-Myeloid","BRCA","Malignant",0.47237077,0.44860037,75
"B cell-Myeloid","BRCA","Normal",0.28887443,0.30787028,75
"B cell-Myeloid","COCA","Boundary",0.40251572,0.37519826,27
"B cell-Myeloid","COCA","Malignant",0.35428571,0.37355772,27
"B cell-Myeloid","COCA","Normal",0.30349531,0.28415541,27
"B cell-Myeloid","HNCA","Boundary",0.50929487,0.50683651,26
"B cell-Myeloid","HNCA","Malignant",0,0.26640132,26
"B cell-Myeloid","HNCA","Normal",0.24609234,0.24714041,26
"B cell-Myeloid","KICA","Boundary",0.56682028,0.51227999,23
"B cell-Myeloid","KICA","Malignant",0.2962963,0.33595391,23
"B cell-Myeloid","KICA","Normal",0.23053279,0.21245583,23
"B cell-Myeloid","LICA","Boundary",0.92953502,0.84118833,12
"B cell-Myeloid","LICA","Malignant",0.91421702,0.8442561,12
"B cell-Myeloid","LICA","Normal",0.82902016,0.79020944,12
"B cell-Myeloid","LUCA","Boundary",0.54745137,0.5247639,22
"B cell-Myeloid","LUCA","Malignant",0.58967468,0.54138597,22
"B cell-Myeloid","LUCA","Normal",0.42651299,0.46068482,22
"B cell-Myeloid","OVCA","Boundary",0.73873563,0.7094967,24
"B cell-Myeloid","OVCA","Malignant",0.82831023,0.73740223,24
"B cell-Myeloid","OVCA","Normal",0.48359761,0.5188098,24
"B cell-Myeloid","PDAC","Boundary",0.27310065,0.25435767,14
"B cell-Myeloid","PDAC","Malignant",0.34929825,0.42307906,14
"B cell-Myeloid","PDAC","Normal",0.12037496,0.13288475,14
"B cell-Myeloid","PRCA","Boundary",0.38258303,0.48809647,8
"B cell-Myeloid","PRCA","Malignant",0.38216418,0.42801289,8
"B cell-Myeloid","PRCA","Normal",0.4843158,0.44948327,8
"B cell-Myeloid","SKCA","Boundary",0.4062301,0.45607262,16
"B cell-Myeloid","SKCA","Malignant",0.22751124,0.40763861,16
"B cell-Myeloid","SKCA","Normal",0.25161908,0.27024507,16
"B cell-Myeloid","STCA","Boundary",0.49537037,0.47161598,11
"B cell-Myeloid","STCA","Malignant",0.34497817,0.4246439,11
"B cell-Myeloid","STCA","Normal",0.21388368,0.26802509,11
"B cell-Myeloid","THCA","Boundary",0.52604167,0.48803251,5
"B cell-Myeloid","THCA","Malignant",0.31958763,0.35251325,5
"B cell-Myeloid","THCA","Normal",0.30062305,0.30451219,5
"B cell-Myeloid","UCEC","Boundary",0.45882353,0.46950363,5
"B cell-Myeloid","UCEC","Malignant",0.18095238,0.16024023,5
"B cell-Myeloid","UCEC","Normal",0.24068768,0.25018452,5
"Endothelial-Fibroblast","BRCA","Boundary",0.31132075,0.35129858,75
"Endothelial-Fibroblast","BRCA","Malignant",0.44202899,0.4189657,75
"Endothelial-Fibroblast","BRCA","Normal",0.30429733,0.32661883,75
"Endothelial-Fibroblast","COCA","Boundary",0.51111111,0.49634845,27
"Endothelial-Fibroblast","COCA","Malignant",0.34121622,0.39059132,27
"Endothelial-Fibroblast","COCA","Normal",0.27722772,0.29605201,27
"Endothelial-Fibroblast","HNCA","Boundary",0.65403789,0.56064951,26
"Endothelial-Fibroblast","HNCA","Malignant",0.44986996,0.46160476,26
"Endothelial-Fibroblast","HNCA","Normal",0.41204446,0.41529021,26
"Endothelial-Fibroblast","KICA","Boundary",0.42723005,0.40335613,23
"Endothelial-Fibroblast","KICA","Malignant",0.30662558,0.33874746,23
"Endothelial-Fibroblast","KICA","Normal",0.23238566,0.22642291,23
"Endothelial-Fibroblast","LICA","Boundary",0.98854962,0.92515633,12
"Endothelial-Fibroblast","LICA","Malignant",0.61435361,0.64626106,12
"Endothelial-Fibroblast","LICA","Normal",0.67664222,0.68057167,12
"Endothelial-Fibroblast","LUCA","Boundary",0.42294034,0.38684542,22
"Endothelial-Fibroblast","LUCA","Malignant",0.39241351,0.43583768,22
"Endothelial-Fibroblast","LUCA","Normal",0.22123303,0.23679452,22
"Endothelial-Fibroblast","OVCA","Boundary",0.65542413,0.61652418,24
"Endothelial-Fibroblast","OVCA","Malignant",0.47584586,0.48986736,24
"Endothelial-Fibroblast","OVCA","Normal",0.42326647,0.43584075,24
"Endothelial-Fibroblast","PDAC","Boundary",0.3738016,0.39049368,14
"Endothelial-Fibroblast","PDAC","Malignant",0.19222862,0.34420168,14
"Endothelial-Fibroblast","PDAC","Normal",0.206688,0.21992513,14
"Endothelial-Fibroblast","PRCA","Boundary",0.48521731,0.55855903,8
"Endothelial-Fibroblast","PRCA","Malignant",0.45492212,0.44635955,8
"Endothelial-Fibroblast","PRCA","Normal",0.24339757,0.26259855,8
"Endothelial-Fibroblast","SKCA","Boundary",0.50124733,0.43885457,16
"Endothelial-Fibroblast","SKCA","Malignant",0.55022545,0.43694323,16
"Endothelial-Fibroblast","SKCA","Normal",0.33759273,0.30842675,16
"Endothelial-Fibroblast","STCA","Boundary",0.45454545,0.43565259,11
"Endothelial-Fibroblast","STCA","Malignant",0.38537794,0.35509974,11
"Endothelial-Fibroblast","STCA","Normal",0.28135593,0.27951644,11
"Endothelial-Fibroblast","THCA","Boundary",0.60447761,0.51455087,5
"Endothelial-Fibroblast","THCA","Malignant",0.52777778,0.44277287,5
"Endothelial-Fibroblast","THCA","Normal",0.21619217,0.21974658,5
"Endothelial-Fibroblast","UCEC","Boundary",0.89534884,0.81143887,5
"Endothelial-Fibroblast","UCEC","Malignant",0,0.26194472,5
"Endothelial-Fibroblast","UCEC","Normal",0.32857143,0.45700289,5
"Endothelial-Mural","BRCA","Boundary",0.92346939,0.67362632,75
"Endothelial-Mural","BRCA","Malignant",0.76216216,0.68289542,75
"Endothelial-Mural","BRCA","Normal",0.72327791,0.72627996,75
"Endothelial-Mural","COCA","Boundary",0.56164384,0.46883102,27
"Endothelial-Mural","COCA","Malignant",0.49618321,0.49365423,27
"Endothelial-Mural","COCA","Normal",0.46998723,0.45309508,27
"Endothelial-Mural","HNCA","Boundary",0.72321552,0.60265031,26
"Endothelial-Mural","HNCA","Malignant",0.44633933,0.47554417,26
"Endothelial-Mural","HNCA","Normal",0.53337369,0.50501316,26
"Endothelial-Mural","KICA","Boundary",0.60227273,0.56958294,23
"Endothelial-Mural","KICA","Malignant",0.43186583,0.49918506,23
"Endothelial-Mural","KICA","Normal",0.31014493,0.32535292,23
"Endothelial-Mural","LICA","Boundary",0.97271931,0.89359087,12
"Endothelial-Mural","LICA","Malignant",0.60936079,0.66856958,12
"Endothelial-Mural","LICA","Normal",0.71945075,0.71306728,12
"Endothelial-Mural","LUCA","Boundary",0.48492462,0.42112524,22
"Endothelial-Mural","LUCA","Malignant",0.6031984,0.59692787,22
"Endothelial-Mural","LUCA","Normal",0.28468203,0.30746084,22
"Endothelial-Mural","OVCA","Boundary",0.66355556,0.62165597,24
"Endothelial-Mural","OVCA","Malignant",0.45433644,0.47125467,24
"Endothelial-Mural","OVCA","Normal",0.41635002,0.46730206,24
"Endothelial-Mural","PDAC","Boundary",0.64276316,0.6005336,14
"Endothelial-Mural","PDAC","Malignant",0.24969421,0.34656229,14
"Endothelial-Mural","PDAC","Normal",0.265918,0.2661471,14
"Endothelial-Mural","PRCA","Boundary",0.47138047,0.48494419,8
"Endothelial-Mural","PRCA","Malignant",0.40444796,0.37389181,8
"Endothelial-Mural","PRCA","Normal",0.08001645,0.12458049,8
"Endothelial-Mural","SKCA","Boundary",0.92006803,0.69280979,16
"Endothelial-Mural","SKCA","Malignant",0.53060828,0.48654954,16
"Endothelial-Mural","SKCA","Normal",0.50933202,0.50582665,16
"Endothelial-Mural","STCA","Boundary",0.49618321,0.47029409,11
"Endothelial-Mural","STCA","Malignant",0.46285714,0.39771702,11
"Endothelial-Mural","STCA","Normal",0.28128872,0.32288227,11
"Endothelial-Mural","THCA","Boundary",0.63063063,0.57298026,5
"Endothelial-Mural","THCA","Malignant",0.55060729,0.56419323,5
"Endothelial-Mural","THCA","Normal",0.49270073,0.47821249,5
"Endothelial-Mural","UCEC","Boundary",1,0.85243016,5
"Endothelial-Mural","UCEC","Malignant",0.53,0.4326551,5
"Endothelial-Mural","UCEC","Normal",0.608,0.66183581,5
"Epithelial-B cell","BRCA","Boundary",0.23076923,0.29847952,75
"Epithelial-B cell","BRCA","Malignant",0.09055118,0.19004964,75
"Epithelial-B cell","BRCA","Normal",0.07653061,0.11803674,75
"Epithelial-B cell","COCA","Boundary",0.32765957,0.36536844,27
"Epithelial-B cell","COCA","Malignant",0.24127907,0.28414293,27
"Epithelial-B cell","COCA","Normal",0.06060606,0.14005857,27
"Epithelial-B cell","HNCA","Boundary",0,0.19584586,26
"Epithelial-B cell","HNCA","Malignant",0,0.23118221,26
"Epithelial-B cell","HNCA","Normal",0.03322837,0.06074534,26
"Epithelial-B cell","KICA","Boundary",0.24418605,0.29194182,23
"Epithelial-B cell","KICA","Malignant",0.15322581,0.26285892,23
"Epithelial-B cell","KICA","Normal",0.08756567,0.12206571,23
"Epithelial-B cell","LICA","Boundary",0.27572847,0.2099257,12
"Epithelial-B cell","LICA","Malignant",0.20887208,0.21296261,12
"Epithelial-B cell","LICA","Normal",0.02107491,0.08949592,12
"Epithelial-B cell","LUCA","Boundary",0.31324675,0.29764803,22
"Epithelial-B cell","LUCA","Malignant",0.28324899,0.2858766,22
"Epithelial-B cell","LUCA","Normal",0.13022759,0.17120512,22
"Epithelial-B cell","OVCA","Boundary",0.43313343,0.44092102,24
"Epithelial-B cell","OVCA","Malignant",0.20368492,0.23396195,24
"Epithelial-B cell","OVCA","Normal",0.16449345,0.19364225,24
"Epithelial-B cell","PDAC","Boundary",0.22562081,0.22616741,14
"Epithelial-B cell","PDAC","Malignant",0,0.17074698,14
"Epithelial-B cell","PDAC","Normal",0.1268983,0.1578763,14
"Epithelial-B cell","PRCA","Boundary",0.25313283,0.30170304,8
"Epithelial-B cell","PRCA","Malignant",0.33169765,0.35857242,8
"Epithelial-B cell","PRCA","Normal",0.07859552,0.08514458,8
"Epithelial-B cell","SKCA","Boundary",0.16598445,0.31168904,16
"Epithelial-B cell","SKCA","Malignant",0,0.09100359,16
"Epithelial-B cell","SKCA","Normal",0.02811664,0.0319941,16
"Epithelial-B cell","STCA","Boundary",0.3025641,0.31505027,11
"Epithelial-B cell","STCA","Malignant",0.0542328,0.13220689,11
"Epithelial-B cell","STCA","Normal",0.04849885,0.05584506,11
"Epithelial-B cell","THCA","Boundary",0.33870968,0.34687349,5
"Epithelial-B cell","THCA","Malignant",0.24528302,0.27808874,5
"Epithelial-B cell","THCA","Normal",0.06826802,0.05826343,5
"Epithelial-B cell","UCEC","Boundary",0,0.16467236,5
"Epithelial-B cell","UCEC","Malignant",0.30612245,0.28223898,5
"Epithelial-B cell","UCEC","Normal",0.13101604,0.16920277,5
"Epithelial-Endothelial","BRCA","Boundary",0.12927757,0.23626942,75
"Epithelial-Endothelial","BRCA","Malignant",0.20487805,0.24190878,75
"Epithelial-Endothelial","BRCA","Normal",0.10119048,0.13837026,75
"Epithelial-Endothelial","COCA","Boundary",0.19496855,0.20583929,27
"Epithelial-Endothelial","COCA","Malignant",0.20489297,0.28910672,27
"Epithelial-Endothelial","COCA","Normal",0.04094379,0.0983684,27
"Epithelial-Endothelial","HNCA","Boundary",0,0.21002041,26
"Epithelial-Endothelial","HNCA","Malignant",0.03674833,0.22080287,26
"Epithelial-Endothelial","HNCA","Normal",0.04409276,0.05620489,26
"Epithelial-Endothelial","KICA","Boundary",0.29239766,0.32348106,23
"Epithelial-Endothelial","KICA","Malignant",0.25714286,0.29367507,23
"Epithelial-Endothelial","KICA","Normal",0.17837838,0.19417437,23
"Epithelial-Endothelial","LICA","Boundary",0.24545502,0.20974244,12
"Epithelial-Endothelial","LICA","Malignant",0.21434381,0.17061165,12
"Epithelial-Endothelial","LICA","Normal",0.01036138,0.07849113,12
"Epithelial-Endothelial","LUCA","Boundary",0.38202647,0.36239365,22
"Epithelial-Endothelial","LUCA","Malignant",0.32071891,0.30721812,22
"Epithelial-Endothelial","LUCA","Normal",0.1324854,0.17667955,22
"Epithelial-Endothelial","OVCA","Boundary",0.28542909,0.31302209,24
"Epithelial-Endothelial","OVCA","Malignant",0.22706506,0.24266162,24
"Epithelial-Endothelial","OVCA","Normal",0.07228939,0.09534154,24
"Epithelial-Endothelial","PDAC","Boundary",0.22291548,0.23468731,14
"Epithelial-Endothelial","PDAC","Malignant",0,0.12441777,14
"Epithelial-Endothelial","PDAC","Normal",0.09657589,0.12964954,14
"Epithelial-Endothelial","PRCA","Boundary",0.1592785,0.28052967,8
"Epithelial-Endothelial","PRCA","Malignant",0.23816512,0.34114599,8
"Epithelial-Endothelial","PRCA","Normal",0.05693633,0.056923,8
"Epithelial-Endothelial","SKCA","Boundary",0.30450734,0.32730748,16
"Epithelial-Endothelial","SKCA","Malignant",0,0.0657826,16
"Epithelial-Endothelial","SKCA","Normal",0.05474993,0.06317008,16
"Epithelial-Endothelial","STCA","Boundary",0.3172043,0.37851564,11
"Epithelial-Endothelial","STCA","Malignant",0.2535545,0.25687008,11
"Epithelial-Endothelial","STCA","Normal",0.134375,0.12708506,11
"Epithelial-Endothelial","THCA","Boundary",0.3307393,0.29943941,5
"Epithelial-Endothelial","THCA","Malignant",0.22171946,0.20900588,5
"Epithelial-Endothelial","THCA","Normal",0.04116638,0.04935566,5
"Epithelial-Endothelial","UCEC","Boundary",0.18421053,0.19779449,5
"Epithelial-Endothelial","UCEC","Malignant",0.0619469,0.09558242,5
"Epithelial-Endothelial","UCEC","Normal",0.16835994,0.13815397,5
"Epithelial-Fibroblast","BRCA","Boundary",0.26169591,0.29190069,75
"Epithelial-Fibroblast","BRCA","Malignant",0.11551433,0.18615456,75
"Epithelial-Fibroblast","BRCA","Normal",0.09249184,0.14659935,75
"Epithelial-Fibroblast","COCA","Boundary",0.14021164,0.18464087,27
"Epithelial-Fibroblast","COCA","Malignant",0.10767873,0.20181613,27
"Epithelial-Fibroblast","COCA","Normal",0.04868914,0.06610325,27
"Epithelial-Fibroblast","HNCA","Boundary",0.17928929,0.2341176,26
"Epithelial-Fibroblast","HNCA","Malignant",0,0.20749505,26
"Epithelial-Fibroblast","HNCA","Normal",0.06421855,0.07804257,26
"Epithelial-Fibroblast","KICA","Boundary",0.29182879,0.32226772,23
"Epithelial-Fibroblast","KICA","Malignant",0.17467249,0.23073204,23
"Epithelial-Fibroblast","KICA","Normal",0.0877193,0.13803347,23
"Epithelial-Fibroblast","LICA","Boundary",0.26763282,0.21309421,12
"Epithelial-Fibroblast","LICA","Malignant",0.18095285,0.18319058,12
"Epithelial-Fibroblast","LICA","Normal",0.01432005,0.07517862,12
"Epithelial-Fibroblast","LUCA","Boundary",0.335568,0.30835594,22
"Epithelial-Fibroblast","LUCA","Malignant",0.2562149,0.28389362,22
"Epithelial-Fibroblast","LUCA","Normal",0.14783192,0.16509823,22
"Epithelial-Fibroblast","OVCA","Boundary",0.25075415,0.2914422,24
"Epithelial-Fibroblast","OVCA","Malignant",0.21475557,0.29687697,24
"Epithelial-Fibroblast","OVCA","Normal",0.08270933,0.11290001,24
"Epithelial-Fibroblast","PDAC","Boundary",0.27222924,0.39110299,14
"Epithelial-Fibroblast","PDAC","Malignant",0.0931677,0.21864244,14
"Epithelial-Fibroblast","PDAC","Normal",0.15253961,0.14614733,14
"Epithelial-Fibroblast","PRCA","Boundary",0.33132666,0.346856,8
"Epithelial-Fibroblast","PRCA","Malignant",0.22052689,0.22003851,8
"Epithelial-Fibroblast","PRCA","Normal",0.00997151,0.01555951,8
"Epithelial-Fibroblast","SKCA","Boundary",0.03404255,0.2646392,16
"Epithelial-Fibroblast","SKCA","Malignant",0,0.18043489,16
"Epithelial-Fibroblast","SKCA","Normal",0.05969458,0.09121077,16
"Epithelial-Fibroblast","STCA","Boundary",0.34408602,0.311897,11
"Epithelial-Fibroblast","STCA","Malignant",0.22786647,0.28038963,11
"Epithelial-Fibroblast","STCA","Normal",0.0498132,0.06758956,11
"Epithelial-Fibroblast","THCA","Boundary",0.30625,0.25833935,5
"Epithelial-Fibroblast","THCA","Malignant",0.168,0.18991,5
"Epithelial-Fibroblast","THCA","Normal",0.00503637,0.01811589,5
"Epithelial-Fibroblast","UCEC","Boundary",0.00961538,0.09197476,5
"Epithelial-Fibroblast","UCEC","Malignant",0.27876106,0.2151442,5
"Epithelial-Fibroblast","UCEC","Normal",0.03461538,0.07753015,5
"Epithelial-Mural","BRCA","Boundary",0.24647887,0.29404152,75
"Epithelial-Mural","BRCA","Malignant",0.24342105,0.26704183,75
"Epithelial-Mural","BRCA","Normal",0.1439206,0.16540323,75
"Epithelial-Mural","COCA","Boundary",0.17127072,0.19892744,27
"Epithelial-Mural","COCA","Malignant",0.19847328,0.30681722,27
"Epithelial-Mural","COCA","Normal",0.04374159,0.11058575,27
"Epithelial-Mural","HNCA","Boundary",0,0.23283679,26
"Epithelial-Mural","HNCA","Malignant",0.05732484,0.22065812,26
"Epithelial-Mural","HNCA","Normal",0.08125096,0.09234824,26
"Epithelial-Mural","KICA","Boundary",0.17486339,0.23516195,23
"Epithelial-Mural","KICA","Malignant",0.14638783,0.2090525,23
"Epithelial-Mural","KICA","Normal",0.12671233,0.12979619,23
"Epithelial-Mural","LICA","Boundary",0.34661349,0.25898769,12
"Epithelial-Mural","LICA","Malignant",0.19057084,0.1750856,12
"Epithelial-Mural","LICA","Normal",0.01123062,0.06901228,12
"Epithelial-Mural","LUCA","Boundary",0.32932791,0.2648987,22
"Epithelial-Mural","LUCA","Malignant",0.32347076,0.31931477,22
"Epithelial-Mural","LUCA","Normal",0.16193518,0.17669236,22
"Epithelial-Mural","OVCA","Boundary",0.29955918,0.32043828,24
"Epithelial-Mural","OVCA","Malignant",0.23241241,0.34173324,24
"Epithelial-Mural","OVCA","Normal",0.08272914,0.10361332,24
"Epithelial-Mural","PDAC","Boundary",0.29242311,0.30698831,14
"Epithelial-Mural","PDAC","Malignant",0,0.13244165,14
"Epithelial-Mural","PDAC","Normal",0.15818409,0.18195529,14
"Epithelial-Mural","PRCA","Boundary",0.24067156,0.28094518,8
"Epithelial-Mural","PRCA","Malignant",0.12561129,0.13979262,8
"Epithelial-Mural","PRCA","Normal",0.01016935,0.01338913,8
"Epithelial-Mural","SKCA","Boundary",0.02981651,0.25375783,16
"Epithelial-Mural","SKCA","Malignant",0,0.11226011,16
"Epithelial-Mural","SKCA","Normal",0.02676179,0.06327701,16
"Epithelial-Mural","STCA","Boundary",0.36551724,0.35951063,11
"Epithelial-Mural","STCA","Malignant",0.25730994,0.30103645,11
"Epithelial-Mural","STCA","Normal",0.06673961,0.06695362,11
"Epithelial-Mural","THCA","Boundary",0.23010753,0.31138401,5
"Epithelial-Mural","THCA","Malignant",0.25126904,0.25804124,5
"Epithelial-Mural","THCA","Normal",0.04355717,0.0560324,5
"Epithelial-Mural","UCEC","Boundary",0.01904762,0.09591479,5
"Epithelial-Mural","UCEC","Malignant",0.24,0.17520255,5
"Epithelial-Mural","UCEC","Normal",0.12186978,0.11983964,5
"Epithelial-Myeloid","BRCA","Boundary",0.24901186,0.30437425,75
"Epithelial-Myeloid","BRCA","Malignant",0.13602015,0.18223335,75
"Epithelial-Myeloid","BRCA","Normal",0.12515337,0.14691437,75
"Epithelial-Myeloid","COCA","Boundary",0.19339623,0.24876639,27
"Epithelial-Myeloid","COCA","Malignant",0.13711584,0.21576851,27
"Epithelial-Myeloid","COCA","Normal",0.03304598,0.07226143,27
"Epithelial-Myeloid","HNCA","Boundary",0.19992733,0.2292103,26
"Epithelial-Myeloid","HNCA","Malignant",0,0.19245408,26
"Epithelial-Myeloid","HNCA","Normal",0.041264,0.06641709,26
"Epithelial-Myeloid","KICA","Boundary",0.31081081,0.32552812,23
"Epithelial-Myeloid","KICA","Malignant",0.1431127,0.20517436,23
"Epithelial-Myeloid","KICA","Normal",0.11578947,0.12035594,23
"Epithelial-Myeloid","LICA","Boundary",0.28391661,0.22823597,12
"Epithelial-Myeloid","LICA","Malignant",0.19083946,0.18788345,12
"Epithelial-Myeloid","LICA","Normal",0.01023251,0.07934481,12
"Epithelial-Myeloid","LUCA","Boundary",0.22603587,0.20981218,22
"Epithelial-Myeloid","LUCA","Malignant",0.22165776,0.21442649,22
"Epithelial-Myeloid","LUCA","Normal",0.1288124,0.13938257,22
"Epithelial-Myeloid","OVCA","Boundary",0.394003,0.44387539,24
"Epithelial-Myeloid","OVCA","Malignant",0.16911455,0.22906765,24
"Epithelial-Myeloid","OVCA","Normal",0.17842759,0.16436301,24
"Epithelial-Myeloid","PDAC","Boundary",0.26257064,0.27097563,14
"Epithelial-Myeloid","PDAC","Malignant",0.11332101,0.24008721,14
"Epithelial-Myeloid","PDAC","Normal",0.14980322,0.16532562,14
"Epithelial-Myeloid","PRCA","Boundary",0.28030462,0.28088824,8
"Epithelial-Myeloid","PRCA","Malignant",0.18891522,0.24940827,8
"Epithelial-Myeloid","PRCA","Normal",0.07965804,0.06951744,8
"Epithelial-Myeloid","SKCA","Boundary",0,0.18666635,16
"Epithelial-Myeloid","SKCA","Malignant",0,0.09726413,16
"Epithelial-Myeloid","SKCA","Normal",0.0651904,0.08088658,16
"Epithelial-Myeloid","STCA","Boundary",0.34126984,0.46814671,11
"Epithelial-Myeloid","STCA","Malignant",0.15763547,0.19848088,11
"Epithelial-Myeloid","STCA","Normal",0.05737705,0.07087107,11
"Epithelial-Myeloid","THCA","Boundary",0.19863014,0.21170729,5
"Epithelial-Myeloid","THCA","Malignant",0.38782051,0.31898134,5
"Epithelial-Myeloid","THCA","Normal",0.04046535,0.1170706,5
"Epithelial-Myeloid","UCEC","Boundary",0.25882353,0.33438579,5
"Epithelial-Myeloid","UCEC","Malignant",0.14393939,0.17793646,5
"Epithelial-Myeloid","UCEC","Normal",0.19959058,0.39318955,5
"Epithelial-T cell","BRCA","Boundary",0.24390244,0.29179833,75
"Epithelial-T cell","BRCA","Malignant",0.09173273,0.19256944,75
"Epithelial-T cell","BRCA","Normal",0.085,0.13005701,75
"Epithelial-T cell","COCA","Boundary",0.1970339,0.23468018,27
"Epithelial-T cell","COCA","Malignant",0.13148372,0.21289448,27
"Epithelial-T cell","COCA","Normal",0.0192926,0.11290442,27
"Epithelial-T cell","HNCA","Boundary",0,0.17730471,26
"Epithelial-T cell","HNCA","Malignant",0.04861111,0.22329717,26
"Epithelial-T cell","HNCA","Normal",0.06553097,0.07647486,26
"Epithelial-T cell","KICA","Boundary",0.19398907,0.26833749,23
"Epithelial-T cell","KICA","Malignant",0.12911392,0.23643038,23
"Epithelial-T cell","KICA","Normal",0.07944732,0.10617289,23
"Epithelial-T cell","LICA","Boundary",0.29887809,0.21860181,12
"Epithelial-T cell","LICA","Malignant",0.25993835,0.23927844,12
"Epithelial-T cell","LICA","Normal",0.0211553,0.07875757,12
"Epithelial-T cell","LUCA","Boundary",0.26948737,0.24638986,22
"Epithelial-T cell","LUCA","Malignant",0.16915088,0.17518051,22
"Epithelial-T cell","LUCA","Normal",0.11894319,0.13849418,22
"Epithelial-T cell","OVCA","Boundary",0.40938309,0.44741969,24
"Epithelial-T cell","OVCA","Malignant",0.18914306,0.22148729,24
"Epithelial-T cell","OVCA","Normal",0.15765562,0.17813071,24
"Epithelial-T cell","PDAC","Boundary",0.05797101,0.16867187,14
"Epithelial-T cell","PDAC","Malignant",0,0.12077518,14
"Epithelial-T cell","PDAC","Normal",0.0971419,0.11226603,14
"Epithelial-T cell","PRCA","Boundary",0.26193519,0.29202834,8
"Epithelial-T cell","PRCA","Malignant",0.27002425,0.28264868,8
"Epithelial-T cell","PRCA","Normal",0.05835687,0.05441114,8
"Epithelial-T cell","SKCA","Boundary",0.29531294,0.35820191,16
"Epithelial-T cell","SKCA","Malignant",0,0.15065394,16
"Epithelial-T cell","SKCA","Normal",0.09696322,0.11872355,16
"Epithelial-T cell","STCA","Boundary",0.29041916,0.33256366,11
"Epithelial-T cell","STCA","Malignant",0.0787037,0.10525906,11
"Epithelial-T cell","STCA","Normal",0.02050265,0.03489568,11
"Epithelial-T cell","THCA","Boundary",0.35034014,0.3261364,5
"Epithelial-T cell","THCA","Malignant",0.35164835,0.3269528,5
"Epithelial-T cell","THCA","Normal",0.08292683,0.08721512,5
"Epithelial-T cell","UCEC","Boundary",0,0.0917849,5
"Epithelial-T cell","UCEC","Malignant",0.20493827,0.1462702,5
"Epithelial-T cell","UCEC","Normal",0.10714286,0.1746779,5
"Fibroblast-Mural","BRCA","Boundary",0.40229885,0.42258318,75
"Fibroblast-Mural","BRCA","Malignant",0.40522876,0.39884365,75
"Fibroblast-Mural","BRCA","Normal",0.32603939,0.34397796,75
"Fibroblast-Mural","COCA","Boundary",0.45512821,0.45391556,27
"Fibroblast-Mural","COCA","Malignant",0.6,0.5571938,27
"Fibroblast-Mural","COCA","Normal",0.32707775,0.34076898,27
"Fibroblast-Mural","HNCA","Boundary",0.45920072,0.47409071,26
"Fibroblast-Mural","HNCA","Malignant",0.60447567,0.51567011,26
"Fibroblast-Mural","HNCA","Normal",0.37014412,0.36654251,26
"Fibroblast-Mural","KICA","Boundary",0.50555556,0.51788899,23
"Fibroblast-Mural","KICA","Malignant",0.47619048,0.47710063,23
"Fibroblast-Mural","KICA","Normal",0.5844504,0.5049979,23
"Fibroblast-Mural","LICA","Boundary",0.97726213,0.91070896,12
"Fibroblast-Mural","LICA","Malignant",0.85474762,0.8478998,12
"Fibroblast-Mural","LICA","Normal",0.82461385,0.75756951,12
"Fibroblast-Mural","LUCA","Boundary",0.8724937,0.76210238,22
"Fibroblast-Mural","LUCA","Malignant",0.74260295,0.67598703,22
"Fibroblast-Mural","LUCA","Normal",0.71957891,0.67563471,22
"Fibroblast-Mural","OVCA","Boundary",0.95333254,0.78845535,24
"Fibroblast-Mural","OVCA","Malignant",0.96944444,0.78352879,24
"Fibroblast-Mural","OVCA","Normal",0.81012038,0.72057735,24
"Fibroblast-Mural","PDAC","Boundary",0.42740923,0.43182881,14
"Fibroblast-Mural","PDAC","Malignant",0.06801093,0.30304283,14
"Fibroblast-Mural","PDAC","Normal",0.16893706,0.16823903,14
"Fibroblast-Mural","PRCA","Boundary",0.65635739,0.68183557,8
"Fibroblast-Mural","PRCA","Malignant",0.4859553,0.49152243,8
"Fibroblast-Mural","PRCA","Normal",0.30307992,0.35808249,8
"Fibroblast-Mural","SKCA","Boundary",0.7177896,0.56959961,16
"Fibroblast-Mural","SKCA","Malignant",0.55763596,0.51081732,16
"Fibroblast-Mural","SKCA","Normal",0.32032804,0.31208461,16
"Fibroblast-Mural","STCA","Boundary",0.6490566,0.58637693,11
"Fibroblast-Mural","STCA","Malignant",0.44171779,0.45387395,11
"Fibroblast-Mural","STCA","Normal",0.43478261,0.4220577,11
"Fibroblast-Mural","THCA","Boundary",0.33472803,0.3720989,5
"Fibroblast-Mural","THCA","Malignant",0.46859903,0.37833686,5
"Fibroblast-Mural","THCA","Normal",0.19966015,0.22818828,5
"Fibroblast-Mural","UCEC","Boundary",0.95555556,0.94410114,5
"Fibroblast-Mural","UCEC","Malignant",0.73170732,0.59552284,5
"Fibroblast-Mural","UCEC","Normal",0.44855967,0.47906567,5
"Myeloid-Endothelial","BRCA","Boundary",0.25874126,0.30388411,75
"Myeloid-Endothelial","BRCA","Malignant",0.3826087,0.36612216,75
"Myeloid-Endothelial","BRCA","Normal",0.21066667,0.24071006,75
"Myeloid-Endothelial","COCA","Boundary",0.45689655,0.45379444,27
"Myeloid-Endothelial","COCA","Malignant",0.54146341,0.49667977,27
"Myeloid-Endothelial","COCA","Normal",0.34299517,0.39173642,27
"Myeloid-Endothelial","HNCA","Boundary",0.42087669,0.44484529,26
"Myeloid-Endothelial","HNCA","Malignant",0,0.24562751,26
"Myeloid-Endothelial","HNCA","Normal",0.24448285,0.23868365,26
"Myeloid-Endothelial","KICA","Boundary",0.41258741,0.42707001,23
"Myeloid-Endothelial","KICA","Malignant",0.25750395,0.32603097,23
"Myeloid-Endothelial","KICA","Normal",0.15640599,0.16826059,23
"Myeloid-Endothelial","LICA","Boundary",0.96982703,0.82187787,12
"Myeloid-Endothelial","LICA","Malignant",0.67821324,0.60146483,12
"Myeloid-Endothelial","LICA","Normal",0.70249713,0.68226867,12
"Myeloid-Endothelial","LUCA","Boundary",0.40617938,0.36431708,22
"Myeloid-Endothelial","LUCA","Malignant",0.42928107,0.41307147,22
"Myeloid-Endothelial","LUCA","Normal",0.23630997,0.29315658,22
"Myeloid-Endothelial","OVCA","Boundary",0.32103948,0.3078928,24
"Myeloid-Endothelial","OVCA","Malignant",0.32038085,0.41210155,24
"Myeloid-Endothelial","OVCA","Normal",0.15243854,0.18769299,24
"Myeloid-Endothelial","PDAC","Boundary",0.38005579,0.39258871,14
"Myeloid-Endothelial","PDAC","Malignant",0.37096774,0.32370562,14
"Myeloid-Endothelial","PDAC","Normal",0.18038041,0.19967118,14
"Myeloid-Endothelial","PRCA","Boundary",0.41729823,0.4584357,8
"Myeloid-Endothelial","PRCA","Malignant",0.41222222,0.47563994,8
"Myeloid-Endothelial","PRCA","Normal",0.41272844,0.40867671,8
"Myeloid-Endothelial","SKCA","Boundary",0.47339357,0.48177118,16
"Myeloid-Endothelial","SKCA","Malignant",0.41657069,0.47880616,16
"Myeloid-Endothelial","SKCA","Normal",0.20817939,0.23763469,16
"Myeloid-Endothelial","STCA","Boundary",0.38403042,0.49081178,11
"Myeloid-Endothelial","STCA","Malignant",0.24691358,0.27713678,11
"Myeloid-Endothelial","STCA","Normal",0.22914669,0.26739764,11
"Myeloid-Endothelial","THCA","Boundary",0.72674419,0.74449816,5
"Myeloid-Endothelial","THCA","Malignant",0.31044776,0.37001079,5
"Myeloid-Endothelial","THCA","Normal",0.32687225,0.33838021,5
"Myeloid-Endothelial","UCEC","Boundary",0.4375,0.44541302,5
"Myeloid-Endothelial","UCEC","Malignant",0.30625,0.32861111,5
"Myeloid-Endothelial","UCEC","Normal",0.50076104,0.40735108,5
"Myeloid-Fibroblast","BRCA","Boundary",0.35606061,0.40512521,75
"Myeloid-Fibroblast","BRCA","Malignant",0.37096774,0.36563993,75
"Myeloid-Fibroblast","BRCA","Normal",0.24573003,0.28711863,75
"Myeloid-Fibroblast","COCA","Boundary",0.49320388,0.47045139,27
"Myeloid-Fibroblast","COCA","Malignant",0.46606335,0.47583939,27
"Myeloid-Fibroblast","COCA","Normal",0.32978723,0.36814874,27
"Myeloid-Fibroblast","HNCA","Boundary",0.42944866,0.42154728,26
"Myeloid-Fibroblast","HNCA","Malignant",0,0.22387967,26
"Myeloid-Fibroblast","HNCA","Normal",0.20459737,0.20674518,26
"Myeloid-Fibroblast","KICA","Boundary",0.47317073,0.50761266,23
"Myeloid-Fibroblast","KICA","Malignant",0.35149254,0.42909938,23
"Myeloid-Fibroblast","KICA","Normal",0.18096515,0.1971298,23
"Myeloid-Fibroblast","LICA","Boundary",0.92103609,0.82807751,12
"Myeloid-Fibroblast","LICA","Malignant",0.7395664,0.70021305,12
"Myeloid-Fibroblast","LICA","Normal",0.65514779,0.64756004,12
"Myeloid-Fibroblast","LUCA","Boundary",0.40699281,0.44987032,22
"Myeloid-Fibroblast","LUCA","Malignant",0.34476619,0.34925513,22
"Myeloid-Fibroblast","LUCA","Normal",0.16680559,0.1938306,22
"Myeloid-Fibroblast","OVCA","Boundary",0.29492416,0.28103592,24
"Myeloid-Fibroblast","OVCA","Malignant",0.22136864,0.30613616,24
"Myeloid-Fibroblast","OVCA","Normal",0.10761021,0.15956144,24
"Myeloid-Fibroblast","PDAC","Boundary",0.28940415,0.34983679,14
"Myeloid-Fibroblast","PDAC","Malignant",0.31697342,0.34309638,14
"Myeloid-Fibroblast","PDAC","Normal",0.17198991,0.21524342,14
"Myeloid-Fibroblast","PRCA","Boundary",0.4951244,0.48512185,8
"Myeloid-Fibroblast","PRCA","Malignant",0.44417167,0.45464347,8
"Myeloid-Fibroblast","PRCA","Normal",0.23183055,0.23841714,8
"Myeloid-Fibroblast","SKCA","Boundary",0.40491174,0.46741217,16
"Myeloid-Fibroblast","SKCA","Malignant",0,0.25050216,16
"Myeloid-Fibroblast","SKCA","Normal",0.26714154,0.2456278,16
"Myeloid-Fibroblast","STCA","Boundary",0.36220472,0.30738422,11
"Myeloid-Fibroblast","STCA","Malignant",0.37346101,0.37478753,11
"Myeloid-Fibroblast","STCA","Normal",0.25102319,0.2554842,11
"Myeloid-Fibroblast","THCA","Boundary",0.51446945,0.43467292,5
"Myeloid-Fibroblast","THCA","Malignant",0.15727003,0.17936453,5
"Myeloid-Fibroblast","THCA","Normal",0.16316527,0.23703062,5
"Myeloid-Fibroblast","UCEC","Boundary",0.40384615,0.45886323,5
"Myeloid-Fibroblast","UCEC","Malignant",0.25242718,0.24043415,5
"Myeloid-Fibroblast","UCEC","Normal",0.35119048,0.29091121,5
"Myeloid-Mural","BRCA","Boundary",0.32343234,0.31118266,75
"Myeloid-Mural","BRCA","Malignant",0.30909091,0.31023146,75
"Myeloid-Mural","BRCA","Normal",0.21079173,0.23912688,75
"Myeloid-Mural","COCA","Boundary",0.42424242,0.3843851,27
"Myeloid-Mural","COCA","Malignant",0.34337349,0.4092384,27
"Myeloid-Mural","COCA","Normal",0.22385862,0.25236718,27
"Myeloid-Mural","HNCA","Boundary",0.28743009,0.36052058,26
"Myeloid-Mural","HNCA","Malignant",0,0.20410891,26
"Myeloid-Mural","HNCA","Normal",0.19689674,0.21901914,26
"Myeloid-Mural","KICA","Boundary",0.38064516,0.3936049,23
"Myeloid-Mural","KICA","Malignant",0.22921914,0.3159654,23
"Myeloid-Mural","KICA","Normal",0.12690355,0.14470052,23
"Myeloid-Mural","LICA","Boundary",0.95916932,0.86676918,12
"Myeloid-Mural","LICA","Malignant",0.66891871,0.64194,12
"Myeloid-Mural","LICA","Normal",0.70824314,0.65382241,12
"Myeloid-Mural","LUCA","Boundary",0.42908311,0.43339478,22
"Myeloid-Mural","LUCA","Malignant",0.3573501,0.3846381,22
"Myeloid-Mural","LUCA","Normal",0.15049895,0.18026484,22
"Myeloid-Mural","OVCA","Boundary",0.28922045,0.26360474,24
"Myeloid-Mural","OVCA","Malignant",0.20969647,0.2956208,24
"Myeloid-Mural","OVCA","Normal",0.09890031,0.14101663,24
"Myeloid-Mural","PDAC","Boundary",0.33362235,0.40398466,14
"Myeloid-Mural","PDAC","Malignant",0.19497759,0.21753149,14
"Myeloid-Mural","PDAC","Normal",0.1486615,0.15133506,14
"Myeloid-Mural","PRCA","Boundary",0.33414733,0.34907283,8
"Myeloid-Mural","PRCA","Malignant",0.29203602,0.27719785,8
"Myeloid-Mural","PRCA","Normal",0.0928525,0.13298478,8
"Myeloid-Mural","SKCA","Boundary",0.43664384,0.48331734,16
"Myeloid-Mural","SKCA","Malignant",0.14285714,0.32466969,16
"Myeloid-Mural","SKCA","Normal",0.17897163,0.20131185,16
"Myeloid-Mural","STCA","Boundary",0.36129032,0.4535452,11
"Myeloid-Mural","STCA","Malignant",0.25369458,0.23277047,11
"Myeloid-Mural","STCA","Normal",0.21513353,0.18495194,11
"Myeloid-Mural","THCA","Boundary",0.42342342,0.47794146,5
"Myeloid-Mural","THCA","Malignant",0.25675676,0.29497556,5
"Myeloid-Mural","THCA","Normal",0.23909884,0.26346727,5
"Myeloid-Mural","UCEC","Boundary",0.40384615,0.43840865,5
"Myeloid-Mural","UCEC","Malignant",0.20555556,0.15763758,5
"Myeloid-Mural","UCEC","Normal",0.37587007,0.28604929,5
"T cell-B cell","BRCA","Boundary",1,0.80145541,75
"T cell-B cell","BRCA","Malignant",0.81886792,0.67647086,75
"T cell-B cell","BRCA","Normal",0.79104478,0.77060243,75
"T cell-B cell","COCA","Boundary",0.72222222,0.59819291,27
"T cell-B cell","COCA","Malignant",0.70801034,0.65917971,27
"T cell-B cell","COCA","Normal",0.53391473,0.54664157,27
"T cell-B cell","HNCA","Boundary",0.4140313,0.4639625,26
"T cell-B cell","HNCA","Malignant",0.54980325,0.47558288,26
"T cell-B cell","HNCA","Normal",0.37099089,0.36286936,26
"T cell-B cell","KICA","Boundary",0.97368421,0.82630165,23
"T cell-B cell","KICA","Malignant",0.76821192,0.71032629,23
"T cell-B cell","KICA","Normal",0.77470356,0.77319551,23
"T cell-B cell","LICA","Boundary",1,0.95799968,12
"T cell-B cell","LICA","Malignant",0.90283579,0.85508515,12
"T cell-B cell","LICA","Normal",0.89204389,0.84011811,12
"T cell-B cell","LUCA","Boundary",0.57014763,0.55581525,22
"T cell-B cell","LUCA","Malignant",0.55140244,0.54363017,22
"T cell-B cell","LUCA","Normal",0.48813528,0.48875404,22
"T cell-B cell","OVCA","Boundary",0.90314027,0.76330602,24
"T cell-B cell","OVCA","Malignant",0.93600733,0.76329786,24
"T cell-B cell","OVCA","Normal",0.70863091,0.66781948,24
"T cell-B cell","PDAC","Boundary",0.64996693,0.53718215,14
"T cell-B cell","PDAC","Malignant",0.8,0.69904528,14
"T cell-B cell","PDAC","Normal",0.53990565,0.58628945,14
"T cell-B cell","PRCA","Boundary",0.55678887,0.60377084,8
"T cell-B cell","PRCA","Malignant",0.54088431,0.53732332,8
"T cell-B cell","PRCA","Normal",0.53345021,0.50983772,8
"T cell-B cell","SKCA","Boundary",0.4686246,0.47354712,16
"T cell-B cell","SKCA","Malignant",0.36015469,0.42191146,16
"T cell-B cell","SKCA","Normal",0.31639194,0.32573587,16
"T cell-B cell","STCA","Boundary",0.62755102,0.57039615,11
"T cell-B cell","STCA","Malignant",0.51950355,0.52503308,11
"T cell-B cell","STCA","Normal",0.55221932,0.51535595,11
"T cell-B cell","THCA","Boundary",0.49673203,0.48428688,5
"T cell-B cell","THCA","Malignant",0.59065934,0.54211663,5
"T cell-B cell","THCA","Normal",0.53477444,0.44913689,5
"T cell-B cell","UCEC","Boundary",0.48051948,0.64597184,5
"T cell-B cell","UCEC","Malignant",0.32022472,0.27012055,5
"T cell-B cell","UCEC","Normal",0.41386139,0.39663288,5
"T cell-Endothelial","BRCA","Boundary",0.31707317,0.37739435,75
"T cell-Endothelial","BRCA","Malignant",0.38681948,0.37289855,75
"T cell-Endothelial","BRCA","Normal",0.25815217,0.2772777,75
"T cell-Endothelial","COCA","Boundary",0.59580052,0.50256496,27
"T cell-Endothelial","COCA","Malignant",0.52396166,0.5490323,27
"T cell-Endothelial","COCA","Normal",0.45155039,0.45110508,27
"T cell-Endothelial","HNCA","Boundary",0.37405102,0.41994523,26
"T cell-Endothelial","HNCA","Malignant",0,0.21795779,26
"T cell-Endothelial","HNCA","Normal",0.16147303,0.1751735,26
"T cell-Endothelial","KICA","Boundary",0.29816514,0.35835684,23
"T cell-Endothelial","KICA","Malignant",0.19148936,0.20783442,23
"T cell-Endothelial","KICA","Normal",0.08498024,0.08734263,23
"T cell-Endothelial","LICA","Boundary",0.99176955,0.9157113,12
"T cell-Endothelial","LICA","Malignant",0.61488702,0.61692588,12
"T cell-Endothelial","LICA","Normal",0.6890972,0.66049049,12
"T cell-Endothelial","LUCA","Boundary",0.44641851,0.38505585,22
"T cell-Endothelial","LUCA","Malignant",0.41065232,0.39594907,22
"T cell-Endothelial","LUCA","Normal",0.33273122,0.3572731,22
"T cell-Endothelial","OVCA","Boundary",0.33750871,0.33350784,24
"T cell-Endothelial","OVCA","Malignant",0.36168217,0.42778475,24
"T cell-Endothelial","OVCA","Normal",0.1468347,0.16928681,24
"T cell-Endothelial","PDAC","Boundary",0.37785251,0.33975534,14
"T cell-Endothelial","PDAC","Malignant",0.31862796,0.38421667,14
"T cell-Endothelial","PDAC","Normal",0.15842206,0.20494845,14
"T cell-Endothelial","PRCA","Boundary",0.46100971,0.46501851,8
"T cell-Endothelial","PRCA","Malignant",0.47249198,0.52225327,8
"T cell-Endothelial","PRCA","Normal",0.51830937,0.47740806,8
"T cell-Endothelial","SKCA","Boundary",0.4309572,0.4528869,16
"T cell-Endothelial","SKCA","Malignant",0.40117521,0.4263379,16
"T cell-Endothelial","SKCA","Normal",0.25926953,0.28587406,16
"T cell-Endothelial","STCA","Boundary",0.26446281,0.34077805,11
"T cell-Endothelial","STCA","Malignant",0.26368159,0.36175453,11
"T cell-Endothelial","STCA","Normal",0.1789194,0.1864059,11
"T cell-Endothelial","THCA","Boundary",0.55,0.58174835,5
"T cell-Endothelial","THCA","Malignant",0.56117021,0.49594061,5
"T cell-Endothelial","THCA","Normal",0.37291462,0.38371809,5
"T cell-Endothelial","UCEC","Boundary",0.79365079,0.7400492,5
"T cell-Endothelial","UCEC","Malignant",0.63265306,0.72310547,5
"T cell-Endothelial","UCEC","Normal",0.496139,0.59247783,5
"T cell-Fibroblast","BRCA","Boundary",0.30656934,0.37258203,75
"T cell-Fibroblast","BRCA","Malignant",0.29323308,0.32433167,75
"T cell-Fibroblast","BRCA","Normal",0.1628866,0.22793045,75
"T cell-Fibroblast","COCA","Boundary",0.3442623,0.42947793,27
"T cell-Fibroblast","COCA","Malignant",0.42222222,0.48081875,27
"T cell-Fibroblast","COCA","Normal",0.22695035,0.23184949,27
"T cell-Fibroblast","HNCA","Boundary",0.27317269,0.35604076,26
"T cell-Fibroblast","HNCA","Malignant",0,0.25293472,26
"T cell-Fibroblast","HNCA","Normal",0.14857124,0.17745804,26
"T cell-Fibroblast","KICA","Boundary",0.4025,0.45772044,23
"T cell-Fibroblast","KICA","Malignant",0.36206897,0.36538611,23
"T cell-Fibroblast","KICA","Normal",0.0689433,0.11389988,23
"T cell-Fibroblast","LICA","Boundary",1,0.94060803,12
"T cell-Fibroblast","LICA","Malignant",0.85243902,0.79733519,12
"T cell-Fibroblast","LICA","Normal",0.82044216,0.74462386,12
"T cell-Fibroblast","LUCA","Boundary",0.36998124,0.38482455,22
"T cell-Fibroblast","LUCA","Malignant",0.35068218,0.34951069,22
"T cell-Fibroblast","LUCA","Normal",0.15070501,0.17686838,22
"T cell-Fibroblast","OVCA","Boundary",0.26003187,0.25345546,24
"T cell-Fibroblast","OVCA","Malignant",0.17256264,0.30131009,24
"T cell-Fibroblast","OVCA","Normal",0.09273354,0.13328559,24
"T cell-Fibroblast","PDAC","Boundary",0.06060606,0.13289111,14
"T cell-Fibroblast","PDAC","Malignant",0.08733731,0.23040656,14
"T cell-Fibroblast","PDAC","Normal",0.10831893,0.13035254,14
"T cell-Fibroblast","PRCA","Boundary",0.32162765,0.40140913,8
"T cell-Fibroblast","PRCA","Malignant",0.47089871,0.486956,8
"T cell-Fibroblast","PRCA","Normal",0.18234202,0.21996257,8
"T cell-Fibroblast","SKCA","Boundary",0.10655738,0.32592314,16
"T cell-Fibroblast","SKCA","Malignant",0.36698718,0.40261211,16
"T cell-Fibroblast","SKCA","Normal",0.27795042,0.26519766,16
"T cell-Fibroblast","STCA","Boundary",0.34016393,0.36961047,11
"T cell-Fibroblast","STCA","Malignant",0.29985653,0.27896406,11
"T cell-Fibroblast","STCA","Normal",0.14285714,0.15909502,11
"T cell-Fibroblast","THCA","Boundary",0.54632588,0.49731811,5
"T cell-Fibroblast","THCA","Malignant",0.17230769,0.25972431,5
"T cell-Fibroblast","THCA","Normal",0.18208955,0.22371903,5
"T cell-Fibroblast","UCEC","Boundary",0.87719298,0.88474092,5
"T cell-Fibroblast","UCEC","Malignant",0.15909091,0.34219412,5
"T cell-Fibroblast","UCEC","Normal",0.28028028,0.41703803,5
"T cell-Mural","BRCA","Boundary",0.30434783,0.34701307,75
"T cell-Mural","BRCA","Malignant",0.31360947,0.31725368,75
"T cell-Mural","BRCA","Normal",0.20539419,0.23440559,75
"T cell-Mural","COCA","Boundary",0.3495935,0.37261867,27
"T cell-Mural","COCA","Malignant",0.46376812,0.50049949,27
"T cell-Mural","COCA","Normal",0.34037162,0.31398082,27
"T cell-Mural","HNCA","Boundary",0.28383981,0.38539983,26
"T cell-Mural","HNCA","Malignant",0.0625,0.20416469,26
"T cell-Mural","HNCA","Normal",0.14619893,0.16545244,26
"T cell-Mural","KICA","Boundary",0.31018519,0.33426529,23
"T cell-Mural","KICA","Malignant",0.15142857,0.22994603,23
"T cell-Mural","KICA","Normal",0.06310014,0.08794181,23
"T cell-Mural","LICA","Boundary",0.9809594,0.90390701,12
"T cell-Mural","LICA","Malignant",0.79070622,0.74037381,12
"T cell-Mural","LICA","Normal",0.76577781,0.73025485,12
"T cell-Mural","LUCA","Boundary",0.36452708,0.37666428,22
"T cell-Mural","LUCA","Malignant",0.36404482,0.37238076,22
"T cell-Mural","LUCA","Normal",0.13231492,0.1744919,22
"T cell-Mural","OVCA","Boundary",0.26786993,0.24822677,24
"T cell-Mural","OVCA","Malignant",0.10810567,0.28265144,24
"T cell-Mural","OVCA","Normal",0.08561576,0.11903427,24
"T cell-Mural","PDAC","Boundary",0.22688088,0.28603179,14
"T cell-Mural","PDAC","Malignant",0.09690162,0.20901303,14
"T cell-Mural","PDAC","Normal",0.16560646,0.16667556,14
"T cell-Mural","PRCA","Boundary",0.27368273,0.33350042,8
"T cell-Mural","PRCA","Malignant",0.32669547,0.30708626,8
"T cell-Mural","PRCA","Normal",0.10102042,0.12177436,8
"T cell-Mural","SKCA","Boundary",0.36981678,0.44299262,16
"T cell-Mural","SKCA","Malignant",0.37980769,0.41188172,16
"T cell-Mural","SKCA","Normal",0.27220818,0.28019843,16
"T cell-Mural","STCA","Boundary",0.5158371,0.54413701,11
"T cell-Mural","STCA","Malignant",0.23209169,0.30970832,11
"T cell-Mural","STCA","Normal",0.18115502,0.16914473,11
"T cell-Mural","THCA","Boundary",0.53548387,0.51597918,5
"T cell-Mural","THCA","Malignant",0.44772118,0.44064205,5
"T cell-Mural","THCA","Normal",0.40743243,0.34888585,5
"T cell-Mural","UCEC","Boundary",0.97368421,0.88235589,5
"T cell-Mural","UCEC","Malignant",0.61797753,0.52319406,5
"T cell-Mural","UCEC","Normal",0.41144414,0.46405985,5
"T cell-Myeloid","BRCA","Boundary",0.52941176,0.50225125,75
"T cell-Myeloid","BRCA","Malignant",0.47838617,0.45480708,75
"T cell-Myeloid","BRCA","Normal",0.29979466,0.31771771,75
"T cell-Myeloid","COCA","Boundary",0.47887324,0.45143317,27
"T cell-Myeloid","COCA","Malignant",0.5,0.46429832,27
"T cell-Myeloid","COCA","Normal",0.46952909,0.41327179,27
"T cell-Myeloid","HNCA","Boundary",0.63297917,0.60971475,26
"T cell-Myeloid","HNCA","Malignant",0.47214467,0.46691554,26
"T cell-Myeloid","HNCA","Normal",0.48125082,0.45629186,26
"T cell-Myeloid","KICA","Boundary",0.5915493,0.52679249,23
"T cell-Myeloid","KICA","Malignant",0.36206897,0.41073834,23
"T cell-Myeloid","KICA","Normal",0.26007005,0.25171054,23
"T cell-Myeloid","LICA","Boundary",0.95838117,0.85737198,12
"T cell-Myeloid","LICA","Malignant",0.81708876,0.79419357,12
"T cell-Myeloid","LICA","Normal",0.74821665,0.75800462,12
"T cell-Myeloid","LUCA","Boundary",0.69439233,0.63362289,22
"T cell-Myeloid","LUCA","Malignant",0.7145686,0.65777499,22
"T cell-Myeloid","LUCA","Normal",0.58440207,0.57577731,22
"T cell-Myeloid","OVCA","Boundary",0.81102502,0.72792916,24
"T cell-Myeloid","OVCA","Malignant",0.79331023,0.68868409,24
"T cell-Myeloid","OVCA","Normal",0.65623139,0.6244393,24
"T cell-Myeloid","PDAC","Boundary",0.33811821,0.287525,14
"T cell-Myeloid","PDAC","Malignant",0.43652577,0.45049711,14
"T cell-Myeloid","PDAC","Normal",0.16305389,0.18037754,14
"T cell-Myeloid","PRCA","Boundary",0.68732607,0.64194769,8
"T cell-Myeloid","PRCA","Malignant",0.4809572,0.61358813,8
"T cell-Myeloid","PRCA","Normal",0.564963,0.52394431,8
"T cell-Myeloid","SKCA","Boundary",0.66161616,0.48844295,16
"T cell-Myeloid","SKCA","Malignant",0.1875,0.41309568,16
"T cell-Myeloid","SKCA","Normal",0.49199826,0.48851266,16
"T cell-Myeloid","STCA","Boundary",0.60493827,0.52172006,11
"T cell-Myeloid","STCA","Malignant",0.44255319,0.36357641,11
"T cell-Myeloid","STCA","Normal",0.26005613,0.29968021,11
"T cell-Myeloid","THCA","Boundary",0.65975104,0.71486979,5
"T cell-Myeloid","THCA","Malignant",0.47550432,0.44168341,5
"T cell-Myeloid","THCA","Normal",0.4,0.41766909,5
"T cell-Myeloid","UCEC","Boundary",0.34117647,0.38911148,5
"T cell-Myeloid","UCEC","Malignant",0.24193548,0.35525936,5
"T cell-Myeloid","UCEC","Normal",0.42132867,0.4036238,5
