category,sample_id,Malignant,Boundary,Normal
Epi-Epi,01_034_C1d1,0.0,0.523809523809523,0.404606998417443
Epi-Epi,01_034_C3d1,0.395647793310663,0.36231884057971,0.207792207792207
Epi-Epi,01_039_C1d1,0.0,0.104651162790697,0.402111105479243
Epi-Epi,01_039_C3d1,0.469877344877344,0.25284751990202,0.17955554324416
Epi-Epi,1142243F,0.471502590673575,0.461063140852671,0.266861924868893
Epi-Epi,1160920F,0.313886458473549,0.64041890683747,0.420655272390605
Epi-Epi,A_955_OvarianTumor,0.427272727272727,0.553906879162735,0.385967371483098
Epi-Epi,A_GTFB1154_OvarianCancerTumor,0.0,0.351666666666666,0.421347725843638
Epi-Epi,Ajou_Visium_P1,0.489150121908742,0.482479784366576,0.210658674013203
Epi-Epi,Ajou_Visium_P2,0.227468700405572,0.499968789013732,0.442038289035757
Epi-Epi,Ajou_Visium_P4,0.641987693953986,0.474106945366069,0.342381337229181
Epi-Epi,B_GTFB1191_OvarianCancerTumor,0.570867237687366,0.615384615384615,0.533800780114613
Epi-Epi,CID4290,0.453947368421052,0.442249041477866,0.23809082784954
Epi-Epi,CID4465,0.303030303030303,0.473119224147018,0.527683706928989
Epi-Epi,CID44971,0.0,0.510948905109489,0.340264451551765
Epi-Epi,CID4535,0.713003220611916,0.533596837944664,0.332968636032093
Epi-Epi,C_GTFB1170_SmallCellOvarianCancer,0.796116504854368,0.521739130434782,0.430508539159725
Epi-Epi,Colon_10x_Visium_SampleP2_CRC,0.263910139647844,0.401707646973576,0.204176404713214
Epi-Epi,CytAssist_11mm_FFPE_Human_Lung_Cancer_230214,0.36163901779019,0.548973166715102,0.386530977734753
Epi-Epi,CytAssist_11mm_FFPE_Human_Ovarian_Carcinoma_220715,0.285902225109631,0.669902912621359,0.295633399356803
Epi-Epi,CytAssist_FFPE_Human_Lung_Squamous_Cell_Carcinoma_220714,0.33848174711218,0.540175438596491,0.469682758620689
Epi-Epi,CytAssist_Fresh_Frozen_Human_Breast_Cancer_230107,0.373419383554022,0.39504394032291,0.48794728602095
Epi-Epi,D_GTFB1170_SmallCellOvarianCancer,0.730242055242055,0.390804597701149,0.589996114996115
Epi-Epi,D_GTFB_1230_OvarianTumor,0.0,0.525641025641025,0.177103669472778
Epi-Epi,E_MTAB_13530_P10_T1,0.294434525641814,0.470078492935635,0.517723501614386
Epi-Epi,E_MTAB_13530_P10_T2,0.291497975708502,0.504600063617901,0.355670995116073
Epi-Epi,E_MTAB_13530_P10_T3,0.838979096677864,0.0,0.269321057720603
Epi-Epi,E_MTAB_13530_P10_T4,0.155122655122655,0.50638596491228,0.388728736377388
Epi-Epi,E_MTAB_13530_P11_T1,0.358395989974937,0.611830357142857,0.382568815346214
Epi-Epi,E_MTAB_13530_P11_T2,0.693877551020408,0.46201923076923,0.302893956437263
Epi-Epi,E_MTAB_13530_P11_T3,1.0,0.0,0.32425200793901
Epi-Epi,E_MTAB_13530_P11_T4,1.0,0.0,0.404652338539649
Epi-Epi,E_MTAB_13530_P15_T1,0.562114223136656,0.464446871710217,0.365043848864847
Epi-Epi,E_MTAB_13530_P15_T2,0.476562770263258,0.425323212366989,0.344874757992871
Epi-Epi,E_MTAB_13530_P16_T1,0.516646341463414,0.826295297993411,0.354682767510458
Epi-Epi,E_MTAB_13530_P16_T2,0.0,0.565573770491803,0.367703361882459
Epi-Epi,E_MTAB_13530_P17_T1,0.424994563126286,0.686567164179104,0.484662320002789
Epi-Epi,E_MTAB_13530_P17_T2,0.547915295150318,0.504630098595353,0.368511171167717
Epi-Epi,E_MTAB_13530_P19_T1,0.453317348099075,0.456581735744911,0.382066195932659
Epi-Epi,E_MTAB_13530_P19_T2,0.44677164960068,0.513736263736263,0.502993430086401
Epi-Epi,E_MTAB_13530_P24_T1,0.0,1.0,0.367536455924059
Epi-Epi,E_MTAB_13530_P24_T2,0.392203691709844,0.697039897039897,0.312535010488659
Epi-Epi,E_MTAB_13530_P25_T1,0.51131221719457,0.607333333333333,0.482990280160091
Epi-Epi,E_MTAB_13530_P25_T2,0.400853192115328,1.0,0.331330624799155
Epi-Epi,GSE144239_GSM4565823,0.877551020408163,0.0,0.330200323586809
Epi-Epi,GSE144239_GSM4565825,0.231275538425851,0.459748843357567,0.169220349089683
Epi-Epi,GSE144239_GSM4565826,0.851851851851851,0.0,0.182524264713983
Epi-Epi,GSE251950_20_00331_LI_SING,0.36920425861351,0.640181710965994,0.297904238495623
Epi-Epi,GSE251950_21_00731_LI_SING,0.385919641805113,0.389898145332927,0.141183607279794
Epi-Epi,GSE251950_21_00732_LI_SING,0.155550762151279,0.355072463768115,0.113582211342309
Epi-Epi,GSE251950_21_00733_LI_SING,0.0,0.502347417840375,0.168676962813304
Epi-Epi,GSE251950_21_00734_LI_SING,0.247576502121956,0.294520547945205,0.161067732540125
Epi-Epi,GSE251950_21_01251_LI_SING,0.570957095709571,0.491522620130675,0.224623265290431
Epi-Epi,GSE251950_21_01253_LI_SING,0.262867215041128,0.621621621621621,0.266550376192677
Epi-Epi,GSE251950_21_01254_LI_SING,0.357933579335793,0.499960493046776,0.197971663161361
Epi-Epi,GSE251950_21_01675_LI_SING,0.422195121951219,0.393756236088725,0.151521980885659
Epi-Epi,GSM5494475_HNSCC201125T04,0.329411764705882,0.333333333333333,0.247334392014519
Epi-Epi,GSM5494476_HNSCC201125T05,0.359077040427154,0.617021276595744,0.208097723647962
Epi-Epi,GSM5494477_HNSCC201125T07,0.0,0.0,0.276040761970933
Epi-Epi,GSM5494478_HNSCC201125T10,1.0,0.441649484536082,0.138008112474907
Epi-Epi,GSM5494480_P210325T3,0.0,0.846153846153846,0.151666603140722
Epi-Epi,GSM5494481_P210325T5,0.0,0.526315789473684,0.192874269577109
Epi-Epi,GSM5494482_P210325T6,0.0,0.0,0.20078375352303
Epi-Epi,GSM5924030_ffpe_c_2,0.312047101449275,0.769736842105263,0.290772915772915
Epi-Epi,GSM5924031_ffpe_c_3,0.367001147729135,0.579784858015406,0.360233918128654
Epi-Epi,GSM5924032_ffpe_c_4,0.386630111847387,0.756097560975609,0.460862014190405
Epi-Epi,GSM5924033_ffpe_c_7,0.257108636137381,0.51706504519616,0.389508698326273
Epi-Epi,GSM5924034_ffpe_c_10,1.0,1.0,0.314714775990528
Epi-Epi,GSM5924035_ffpe_c_20,0.464037122969837,0.600955414012738,0.450345792821427
Epi-Epi,GSM5924036_ffpe_c_21,0.461028450026376,0.722906896426364,0.318293547989143
Epi-Epi,GSM5924037_ffpe_c_34,0.442868736767819,0.453416149068323,0.339451661767037
Epi-Epi,GSM5924038_ffpe_c_36,0.495780515596068,0.357774140752864,0.252232123799359
Epi-Epi,GSM5924039_ffpe_c_39,0.342987897585598,0.528609950745059,0.328946667486221
Epi-Epi,GSM5924040_ffpe_c_45,0.553356005228252,0.5183468765871,0.413656440795925
Epi-Epi,GSM5924041_ffpe_c_51,0.303088803088803,0.412003968253968,0.294060655606629
Epi-Epi,GSM5924042_frozen_a_1,0.635502350176263,1.0,0.390353805073431
Epi-Epi,GSM5924043_frozen_a_3,0.496615640945537,0.0,0.65806524748222
Epi-Epi,GSM5924044_frozen_a_15,0.655793686983837,0.462980604351636,0.444725508037609
Epi-Epi,GSM5924045_frozen_a_17,1.0,1.0,0.592959619300542
Epi-Epi,GSM5924046_frozen_b_1,0.817587641117052,1.0,0.407500436071864
Epi-Epi,GSM5924048_frozen_b_13,0.21656050955414,0.926470588235294,0.593748013332243
Epi-Epi,GSM5924049_frozen_b_18,0.805961344946042,0.722627737226277,0.56826250213347
Epi-Epi,GSM5924050_frozen_c_2,1.0,1.0,0.445073883102052
Epi-Epi,GSM5924051_frozen_c_5,0.46938775510204,0.688741721854304,0.406780626780626
Epi-Epi,GSM5924052_frozen_c_23,0.554373522458628,0.571415373244641,0.506874302606982
Epi-Epi,GSM6030901_patient_1,0.334299628942486,0.321052631578947,0.368860305691725
Epi-Epi,GSM6030902_patient_2,0.0,0.455882352941176,0.228062394530742
Epi-Epi,GSM6177599_NYU_BRCA0_Vis,0.60958904109589,0.463768115942029,0.392420784459423
Epi-Epi,GSM6177603_NYU_BRCA2_Vis,0.238816148390616,0.324727668845315,0.23701476785409
Epi-Epi,GSM6177607_NYU_GIST1_Vis,0.0,0.305309734513274,0.266635367380452
Epi-Epi,GSM6177612_NYU_LIHC1_Vis,0.841269841269841,1.0,0.481068189452468
Epi-Epi,GSM6177614_NYU_OVCA1_Vis,0.60655737704918,0.728519130845536,0.611654299432562
Epi-Epi,GSM6177617_NYU_OVCA3_Vis,0.0,1.0,0.714287918055041
Epi-Epi,GSM6177618_NYU_PDAC1_Vis,0.574074074074074,0.428017467008292,0.399023282935565
Epi-Epi,GSM6177623_NYU_UCEC3_Vis,0.459893923520167,0.372685185185185,0.303708791208791
Epi-Epi,GSM6339631_s1,1.0,0.0,0.258676751254682
Epi-Epi,GSM6339632_s2,0.321170610211706,0.501497005988023,0.193061494783264
Epi-Epi,GSM6339633_s3,0.289175265953205,0.0,0.305577122153209
Epi-Epi,GSM6339634_s4,0.0,0.0,0.161297111001699
Epi-Epi,GSM6339635_s5,0.474452554744525,0.528690452193778,0.0887465051258154
Epi-Epi,GSM6339636_s6,0.0,0.0,0.155676440814273
Epi-Epi,GSM6339640_s10,0.314229892543145,0.310126582278481,0.135165127508261
Epi-Epi,GSM6339641_s11,0.0,0.545551169146674,0.165063804023844
Epi-Epi,GSM6339642_s12,0.225529265255292,0.533509700176366,0.21181757080494
Epi-Epi,GSM6433585_092A,0.371840054218908,1.0,0.269997519337888
Epi-Epi,GSM6433586_092B,0.0,1.0,0.302243868233715
Epi-Epi,GSM6433587_093A,0.403742283950617,1.0,0.343083831030123
Epi-Epi,GSM6433588_093B,0.346850649350649,0.878378378378378,0.952380952380952
Epi-Epi,GSM6433589_093C,0.289091305295271,0.481072294467709,0.624546095770526
Epi-Epi,GSM6433590_093D,0.298969072164948,0.0,0.332121212121212
Epi-Epi,GSM6433592_094B,0.414213624894869,0.281609195402298,0.341226087435911
Epi-Epi,GSM6433593_094C,0.721014492753623,0.615900383141762,0.425889181508071
Epi-Epi,GSM6433594_094D,0.0,0.764705882352941,0.379326490185485
Epi-Epi,GSM6433595_095A,0.496240601503759,0.0,0.289428116628489
Epi-Epi,GSM6433596_095B,0.246912550066755,0.603174603174603,0.185781799899446
Epi-Epi,GSM6433597_117B,0.195121951219512,0.375,0.487463279294962
Epi-Epi,GSM6433598_117C,0.412342009002456,0.568965517241379,0.337628865979381
Epi-Epi,GSM6433599_117D,0.432848819286022,0.831775700934579,0.519531505594451
Epi-Epi,GSM6433600_117E,0.392006402410319,0.0,0.0
Epi-Epi,GSM6433601_118B,0.342465753424657,0.0,0.301894940052834
Epi-Epi,GSM6433602_118C,0.0,0.0,0.253823110085203
Epi-Epi,GSM6433603_118D,0.0,0.459016393442622,0.352394376248929
Epi-Epi,GSM6433604_118E,0.28235294117647,0.35576923076923,0.328861644160151
Epi-Epi,GSM6433605_119B,1.0,1.0,0.521562776304155
Epi-Epi,GSM6433606_119C,0.2,0.529914529914529,0.366210526315789
Epi-Epi,GSM6433607_119D,0.387807865892972,1.0,0.183628522607068
Epi-Epi,GSM6433608_119E,0.29701740145819,0.528846153846153,0.21491559186822
Epi-Epi,GSM6433609_120B,0.387211221122112,0.55875353996224,0.43059826774227
Epi-Epi,GSM6433610_120C,0.349646389941758,0.2,0.316417700570044
Epi-Epi,GSM6433611_120D,0.389285714285714,0.544720880024673,0.68013845057518
Epi-Epi,GSM6433613_395A,0.305249530485073,0.423728813559322,0.345847176079734
Epi-Epi,GSM6433614_395B,0.0,0.0,0.272971458343366
Epi-Epi,GSM6433615_395C,0.678787878787878,0.235955056179775,0.233786499667327
Epi-Epi,GSM6433616_395D,0.188679245283018,0.857520325203251,0.371424373040752
Epi-Epi,GSM6433617_396A,0.0,0.0,0.36949175452825
Epi-Epi,GSM6433618_396C,0.0,0.470588235294117,0.197879913233295
Epi-Epi,GSM6433619_396D,0.430895390070921,1.0,0.325031419233739
Epi-Epi,GSM6433620_397A,0.61,0.714285714285714,0.295173597149883
Epi-Epi,GSM6433621_397B,0.284552845528455,0.0,0.346539291392232
Epi-Epi,GSM6433622_397C,0.449377997601918,0.581221318314559,0.243933588761174
Epi-Epi,GSM6433623_397D,0.527272727272727,0.0,0.313812134766611
Epi-Epi,GSM6433624_398A,0.290190648631377,0.916666666666666,0.607238260380541
Epi-Epi,GSM6433625_398B,0.0,0.967741935483871,0.304418511947099
Epi-Epi,GSM6433627_398D,0.0,0.755349393984737,0.403133685053464
Epi-Epi,GSM6505133_DonorA,0.0,0.448018528049408,0.239557563423446
Epi-Epi,GSM6505134_DonorB,0.360819785773384,0.447674418604651,0.234640522875816
Epi-Epi,GSM6505135_DonorC,0.380209915086432,0.326241134751773,0.445884652981427
Epi-Epi,GSM6506110_SP1,0.665147443847319,0.800995024875621,0.739428231089934
Epi-Epi,GSM6506111_SP2,0.0,0.0,0.651316112898227
Epi-Epi,GSM6506112_SP3,0.0,0.672131147540983,0.71407145264577
Epi-Epi,GSM6506113_SP4,0.450777202072538,0.642105263157894,0.457202422839404
Epi-Epi,GSM6506114_SP5,0.0,0.0,0.487168451636675
Epi-Epi,GSM6506115_SP6,0.0,0.765306122448979,0.492290980685019
Epi-Epi,GSM6506116_SP7,0.869975849577367,0.876836911301506,0.670131384858152
Epi-Epi,GSM6506117_SP8,0.297385620915032,0.736263736263736,0.688784067085953
Epi-Epi,GSM6833484_Patient1,0.285973929714763,0.398116693485905,0.10424152159299
Epi-Epi,GSM6833485_Patient2,0.304347826086956,0.386977091633466,0.132894661173061
Epi-Epi,GSM6833486_Patient3,0.0,0.661016949152542,0.128189708908965
Epi-Epi,GSM6833487_Patient4,0.345938219895287,0.441999260901699,0.11275366019254
Epi-Epi,GSM7019835_OCCR2v,0.936,0.675135247607157,0.684351026332158
Epi-Epi,GSM7019836_OCCS3v,1.0,0.991452991452991,0.702267716535433
Epi-Epi,GSM7058756,0.499259381171823,0.449237532628108,0.204620863739555
Epi-Epi,GSM7058757,0.527210884353741,0.381944444444444,0.349131176959775
Epi-Epi,GSM7058758,0.0,1.0,0.198352565325195
Epi-Epi,GSM7058759,0.724358974358974,0.287878787878787,0.293157491484794
Epi-Epi,GSM7090086_NextSeq2000,0.500429999672545,0.436619718309859,0.89272030651341
Epi-Epi,GSM7090087_NextSeq2000,1.0,0.985714285714285,0.551445724087233
Epi-Epi,GSM7090088_NextSeq2000,0.606060606060606,1.0,0.596477398849762
Epi-Epi,GSM7211257_EHU-W3,0.352070652822532,0.555214295686165,0.157850215875837
Epi-Epi,GSM7421790_PDAC_1,0.0,1.0,0.453542047607827
Epi-Epi,GSM7421791_PDAC_2,0.647887323943662,0.0,0.295794163995
Epi-Epi,GSM7421792_PDAC_3,0.611111111111111,0.0,0.298773006134969
Epi-Epi,GSM7498811_SS1905133,0.601656626506024,0.420265780730897,0.203048043117877
Epi-Epi,GSM7498812_SS1923404,0.353577082921036,0.0,0.377566252519142
Epi-Epi,GSM7498813_SS1945070,0.0,0.0,0.162922885282544
Epi-Epi,GSM7498814_SS1960050,0.0,0.505376344086021,0.388492590779463
Epi-Epi,GSM7498815_SS2002154,0.324585463643568,0.394495412844036,0.390130288046464
Epi-Epi,GSM7498816_SS2005094,0.0,0.391304347826087,0.350205780636276
Epi-Epi,GSM7498817_SS2021309,0.347368421052631,0.0,0.468254457121918
Epi-Epi,GSM7757970_R1-S1,0.357627561007438,0.0,0.329295983746035
Epi-Epi,GSM7757973_R1-S4,0.228868602972829,0.479650474934928,0.503823448519733
Epi-Epi,GSM7757974_R1-S5,0.431900519342786,1.0,0.327136783622318
Epi-Epi,GSM7757975_R1-S6,0.219411750590888,0.415584415584415,0.26700074750177
Epi-Epi,GSM7757976_R2-S1,0.404075700414373,0.489927702924745,0.32127799793998
Epi-Epi,GSM7757977_R2-S2,0.336206896551724,0.390143692996041,0.371990265086929
Epi-Epi,GSM7757978_R2-S3,0.631496892301083,0.440137998729718,0.607113413316568
Epi-Epi,GSM7757979_R2-S4,0.365873015873015,1.0,0.362484088016002
Epi-Epi,GSM7757980_R2-S5,0.251798561151079,1.0,0.297684676280234
Epi-Epi,GSM7757982_R3-S2,0.458404802744425,1.0,0.293933419521654
Epi-Epi,GSM7757983_R3-S3,0.512032770097286,0.0,0.273334072104018
Epi-Epi,GSM7757984_R3-S4,0.474255777516647,0.409322439491316,0.436067072129019
Epi-Epi,GSM7757985_R3-S5,0.281520953757225,0.428523035230352,0.281772215448612
Epi-Epi,GSM7777521_B1,1.0,0.0,0.299257617907743
Epi-Epi,GSM7777522_C1,0.292291883325905,0.720930232558139,0.666666666666666
Epi-Epi,GSM7777523_D1,0.0,0.0,0.198495559449906
Epi-Epi,GSM7850822_CHC20,0.0,0.0,0.571767413461086
Epi-Epi,HCC1R,0.778444373222226,0.324324324324324,0.376497478889496
Epi-Epi,HCC3R,0.492277877161598,0.545454545454545,0.650174273243495
Epi-Epi,HCC4R,0.822923976608187,1.0,0.509408113788138
Epi-Epi,HCC6NR,1.0,0.792700825736241,0.711688679828384
Epi-Epi,HCC7NR,0.718600027423556,0.705775415696002,0.525382327952421
Epi-Epi,HRA000437_HCC-1T,0.463576158940397,1.0,0.404230317273795
Epi-Epi,HRA000437_HCC-2T,0.517119273224577,0.760090497737556,0.689855187357962
Epi-Epi,HRA000437_HCC-3T,1.0,0.832762557077625,0.48440008192934
Epi-Epi,HRA000437_HCC-4T,0.572130559540889,0.503164556962025,0.497639034627492
Epi-Epi,Parent_Visium_Human_BreastCancer_201027,0.43513782324524,0.500021992135612,0.259546020269068
Epi-Epi,Parent_Visium_Human_ColorectalCancer_201027,0.505084745762711,0.506493506493506,0.22111355822948
Epi-Epi,Parent_Visium_Human_OvarianCancer_201027,0.579787283322678,0.767673437611712,0.650340544871794
Epi-Epi,S16_43398,0.371490917669261,0.429278507519512,0.232603225851572
Epi-Epi,S20_47598,0.347394540942928,0.551724419078679,0.118835159121258
Epi-Epi,S20_61122,0.438877755511022,0.619756864849046,0.237413210559536
Epi-Epi,S20_63981,0.447438531167747,0.441897929375375,0.173225234837947
Epi-Epi,S21_10267,0.179082967761071,0.473634117018434,0.192773538595114
Epi-Epi,SN048_A121573_Rep1,0.31624076010282,0.395,0.256001661359545
Epi-Epi,SN048_A121573_Rep2,0.49063670411985,0.535353535353535,0.136741956569104
Epi-Epi,SN048_A416371_Rep1,0.52127659574468,0.0,0.234550301929319
Epi-Epi,SN048_A416371_Rep2,0.571428571428571,0.0,0.227356209606174
Epi-Epi,SN123_A551763_Rep1,0.0,0.764705882352941,0.198939929328621
Epi-Epi,SN123_A595688_Rep1,0.398009950248756,0.48728722258134,0.381787215978006
Epi-Epi,SN123_A938797_Rep1_X,0.0,0.471264367816091,0.372112062490611
Epi-Epi,SN124_A595688_Rep2,0.297709923664122,0.0,0.78235294117647
Epi-Epi,SN124_A938797_Rep2,0.569892473118279,0.494259906759906,0.36552080441689
Epi-Epi,SN84_A120838_Rep1,0.651162790697674,1.0,0.402843601895734
Epi-Epi,SN84_A120838_Rep2,0.45679012345679,0.36231884057971,0.472977680680207
Epi-Epi,V10F24-015_A1,0.0,0.0,0.0890446757974789
Epi-Epi,V10F24-015_B1,0.598301963993453,0.478835868293498,0.195521528897075
Epi-Epi,V10F24-015_C1,0.345084005888025,0.420814479638009,0.170142246782817
Epi-Epi,V10F24-015_D1,0.0,0.565656565656565,0.16352373177959
Epi-Epi,V11A20-405_C1,0.180001024668903,0.5,0.0744595040960345
Epi-Epi,V11A20-405_D1,0.352829908436429,0.36210407239819,0.0765465690473937
Epi-Epi,V11M22-349_C1,0.263126681340181,0.478269910584321,0.065697052255715
Epi-Epi,V11M22-349_D1,0.545454545454545,0.458052241875771,0.247294871172788
Epi-Epi,V1_Breast_Cancer_Block_A_Section_2_200623,0.597222222222222,0.537453183520599,0.24430925271488
Epi-Epi,V1_Human_Invasive_Ductal_Carcinoma_210511,0.464934393381164,0.4921875,0.236191891044769
Epi-Epi,Visium_FFPE_Human_Breast_Cancer_210609,0.537394334074167,0.601488375964045,0.476024772767777
Epi-Epi,Visium_FFPE_Human_Intestinal_Cancer_220329,0.401304665483769,0.474227606675424,0.271812072395555
Epi-Epi,Visium_FFPE_Human_Ovarian_Cancer_220329,0.673710872523816,0.418336567760517,0.234023151897827
Epi-Epi,Visium_FFPE_Human_Prostate_Acinar_Cell_Carcinoma_211009,0.288018433179723,0.492125496031746,0.0885432467050931
Epi-Epi,Visium_FFPE_Human_Prostate_Cancer_210609,0.284376430205949,0.481686878321297,0.0694680479571644
Epi-Epi,Visium_FFPE_Human_Prostate_IF_220713,0.5,0.0,0.178689698657297
Epi-Epi,Visium_Human_Breast_Cancer_220702,0.473301051484898,0.427127614398805,0.241964191679831
Epi-Epi,WSSKNKCLsp12140270,0.43103448275862,0.0,0.196776871723133
Epi-Epi,WSSKNKCLsp12140271,0.331804281345565,0.503497187576424,0.258426680443682
Epi-Epi,WSSKNKCLsp12140272,0.0,0.488372093023255,0.181626354845677
Epi-Epi,WSSKNKCLsp12140273,0.0,0.906976744186046,0.261492960433958
Epi-Epi,WSSKNKCLsp12887267,0.375,0.0714285714285714,0.217383864860929
Epi-Epi,WSSKNKCLsp12887268,0.0,0.0,0.230092233149298
Epi-Epi,WSSKNKCLsp12887269,0.525773195876288,0.461538461538461,0.20856641355363
Epi-Epi,Zenodo10119273_Tumor2,0.421348314606741,0.654440789473684,0.41897829469631
Epi-Epi,scCRLM_Atlas_ST-colon1,0.305084745762711,0.471969696969697,0.293053294995693
Epi-Epi,scCRLM_Atlas_ST-colon2,0.0,0.712765957446808,0.334071211605896
Epi-Epi,scCRLM_Atlas_ST-colon3,0.572115384615384,0.47457627118644,0.312160237050544
Epi-Epi,scCRLM_Atlas_ST-colon4,0.315434587279247,0.435647058823529,0.206785890965388
Epi-TME,01_034_C1d1,0.0,0.261904761904761,0.298011695906432
Epi-TME,01_034_C3d1,0.382710936047199,0.373134328358209,0.0
Epi-TME,01_039_C1d1,0.287128712871287,0.35064935064935,0.189964157706093
Epi-TME,01_039_C3d1,0.4,0.0864905284147557,0.134120110002829
Epi-TME,1142243F,0.455,0.36734693877551,0.0568708574144325
Epi-TME,1160920F,0.178267528246712,0.376755138549158,0.190393766612363
Epi-TME,A_955_OvarianTumor,0.274647887323943,0.403725787115906,0.216580650033987
Epi-TME,A_GTFB1154_OvarianCancerTumor,0.0,0.356005417016904,0.278793745783097
Epi-TME,Ajou_Visium_P1,0.449213060365754,0.369074008958737,0.1680903352649
Epi-TME,Ajou_Visium_P2,0.227781403519751,0.478260869565217,0.107711806571122
Epi-TME,Ajou_Visium_P4,0.58718461265103,0.406171665005587,0.142140370013004
Epi-TME,B_GTFB1191_OvarianCancerTumor,0.378354375690077,0.370892018779342,0.187268010989118
Epi-TME,CID4290,0.453947368421052,0.472636815920398,0.125319726556111
Epi-TME,CID4465,0.303030303030303,0.288861610027135,0.178541252604391
Epi-TME,CID44971,0.30546721187339,0.280701754385964,0.19451086243202
Epi-TME,CID4535,0.36231884057971,0.424657534246575,0.229078146685171
Epi-TME,C_GTFB1170_SmallCellOvarianCancer,0.0,0.478260869565217,0.13359352728473
Epi-TME,Colon_10x_Visium_SampleP2_CRC,0.238609539399546,0.406163674033149,0.105526312522501
Epi-TME,CytAssist_11mm_FFPE_Human_Lung_Cancer_230214,0.130645048557975,0.386101321996606,0.186997918926307
Epi-TME,CytAssist_11mm_FFPE_Human_Ovarian_Carcinoma_220715,0.22096235384813,0.615384615384615,0.0562239346622433
Epi-TME,CytAssist_FFPE_Human_Lung_Squamous_Cell_Carcinoma_220714,0.296356969646699,0.490824915824915,0.350812082176956
Epi-TME,CytAssist_Fresh_Frozen_Human_Breast_Cancer_230107,0.381932055418485,0.383899769585253,0.315039970254694
Epi-TME,D_GTFB1170_SmallCellOvarianCancer,0.273216796393732,0.379310344827586,0.146930574555403
Epi-TME,D_GTFB_1230_OvarianTumor,0.0,0.689655172413793,0.103181525802925
Epi-TME,E_MTAB_13530_P10_T1,0.251125968098684,0.358212072686764,0.3040810448677
Epi-TME,E_MTAB_13530_P10_T2,0.226315789473684,0.417217567055454,0.115384938045821
Epi-TME,E_MTAB_13530_P10_T3,0.53072625698324,0.0,0.0413962347518195
Epi-TME,E_MTAB_13530_P10_T4,0.25,0.421524356869184,0.103519718041531
Epi-TME,E_MTAB_13530_P11_T1,0.388659320477502,0.436781609195402,0.296748318924111
Epi-TME,E_MTAB_13530_P11_T2,0.790697674418604,0.351628857112138,0.2175949495978
Epi-TME,E_MTAB_13530_P11_T3,0.0,0.323076923076923,0.273646146103694
Epi-TME,E_MTAB_13530_P11_T4,0.0,0.0,0.30368195340571
Epi-TME,E_MTAB_13530_P15_T1,0.439024390243902,0.389029892836999,0.258101264050485
Epi-TME,E_MTAB_13530_P15_T2,0.482092471463383,0.319970538720538,0.224491587050828
Epi-TME,E_MTAB_13530_P16_T1,0.55614973262032,0.375886524822695,0.160423091202521
Epi-TME,E_MTAB_13530_P16_T2,0.0,0.25531914893617,0.154329107101609
Epi-TME,E_MTAB_13530_P17_T1,0.437218468468468,0.446264541218277,0.37821365518926
Epi-TME,E_MTAB_13530_P17_T2,0.506526819293825,0.39007656011041,0.247917329753815
Epi-TME,E_MTAB_13530_P19_T1,0.384384384384384,0.416088721613735,0.301800362203046
Epi-TME,E_MTAB_13530_P19_T2,0.364834017895021,0.372215329473394,0.498181818181818
Epi-TME,E_MTAB_13530_P24_T1,0.0,0.0,0.0871636280951884
Epi-TME,E_MTAB_13530_P24_T2,0.188380768168002,0.369698852303567,0.0921177941491867
Epi-TME,E_MTAB_13530_P25_T1,0.259259259259259,0.348684210526315,0.276426248891516
Epi-TME,E_MTAB_13530_P25_T2,0.0,0.44776119402985,0.164871230549442
Epi-TME,GSE144239_GSM4565823,0.0,0.0,0.301782714629458
Epi-TME,GSE144239_GSM4565825,0.340713273709377,0.410818713450292,0.109230509289645
Epi-TME,GSE144239_GSM4565826,0.851851851851851,0.0,0.109500425725208
Epi-TME,GSE251950_20_00331_LI_SING,0.313616872543754,0.367034432121188,0.204086119267285
Epi-TME,GSE251950_21_00731_LI_SING,0.364703389830508,0.314485514485514,0.0929200143902146
Epi-TME,GSE251950_21_00732_LI_SING,0.149543074332097,0.444368131868131,0.0723349686282752
Epi-TME,GSE251950_21_00733_LI_SING,0.0,0.447698744769874,0.098400138670899
Epi-TME,GSE251950_21_00734_LI_SING,0.281465498915862,0.374572100984167,0.147359909370023
Epi-TME,GSE251950_21_01251_LI_SING,0.329861111111111,0.318888728393278,0.173175956430473
Epi-TME,GSE251950_21_01253_LI_SING,0.267687263999063,0.469879518072289,0.167737932561471
Epi-TME,GSE251950_21_01254_LI_SING,0.338983050847457,0.385661477429825,0.137409882621257
Epi-TME,GSE251950_21_01675_LI_SING,0.273755787037037,0.412544116164162,0.12605609975981
Epi-TME,GSM5494475_HNSCC201125T04,0.329411764705882,0.330128205128205,0.174114865451533
Epi-TME,GSM5494476_HNSCC201125T05,0.304677291519396,0.53030303030303,0.133931240657698
Epi-TME,GSM5494477_HNSCC201125T07,0.0,0.0,0.197051385137689
Epi-TME,GSM5494478_HNSCC201125T10,0.0,0.443298969072164,0.162915824794342
Epi-TME,GSM5494480_P210325T3,0.0,0.868421052631579,0.112359296281208
Epi-TME,GSM5494481_P210325T5,0.0,0.526315789473684,0.160355747714946
Epi-TME,GSM5494482_P210325T6,0.0,0.0,0.182400489063985
Epi-TME,GSM5924030_ffpe_c_2,0.203513847103293,0.22140221402214,0.0804520239812881
Epi-TME,GSM5924031_ffpe_c_3,0.145434207850315,0.44211803244228,0.122815813766054
Epi-TME,GSM5924032_ffpe_c_4,0.0304375926139812,0.329839484154204,0.113922784199524
Epi-TME,GSM5924033_ffpe_c_7,0.0859586267927065,0.329499011206328,0.13467818847953
Epi-TME,GSM5924034_ffpe_c_10,0.4126213592233,0.21,0.064515761974604
Epi-TME,GSM5924035_ffpe_c_20,0.312195121951219,0.380901722391084,0.120954237011947
Epi-TME,GSM5924036_ffpe_c_21,0.347413793103448,0.321512850766941,0.0241728227934449
Epi-TME,GSM5924037_ffpe_c_34,0.210960272325159,0.453416149068323,0.127148308284494
Epi-TME,GSM5924038_ffpe_c_36,0.386273209549071,0.372549019607843,0.0514623634688774
Epi-TME,GSM5924039_ffpe_c_39,0.123396872050115,0.40566037735849,0.209282380629462
Epi-TME,GSM5924040_ffpe_c_45,0.269739920048483,0.360545241175939,0.115982734153263
Epi-TME,GSM5924041_ffpe_c_51,0.110599172290065,0.39056971786265,0.0537946637771854
Epi-TME,GSM5924042_frozen_a_1,0.526598754951895,0.0,0.08271743517304
Epi-TME,GSM5924043_frozen_a_3,0.122846457340128,0.0,0.435571246477928
Epi-TME,GSM5924044_frozen_a_15,0.101811594202898,0.385097180092124,0.2050114298593
Epi-TME,GSM5924045_frozen_a_17,0.0,0.0,0.158058063500007
Epi-TME,GSM5924046_frozen_b_1,0.373276024938598,0.0,0.103691367253664
Epi-TME,GSM5924048_frozen_b_13,0.265555862831858,0.323529411764705,0.0523525902791692
Epi-TME,GSM5924049_frozen_b_18,0.233830845771144,0.301724137931034,0.211537408259393
Epi-TME,GSM5924050_frozen_c_2,0.532710280373831,0.71875,0.142731388329979
Epi-TME,GSM5924051_frozen_c_5,0.0,0.407960199004975,0.168013923066134
Epi-TME,GSM5924052_frozen_c_23,0.137094733798387,0.27228884860317,0.114217129759104
Epi-TME,GSM6030901_patient_1,0.262711864406779,0.398692810457516,0.354170182603706
Epi-TME,GSM6030902_patient_2,0.0,0.478873239436619,0.239447132894366
Epi-TME,GSM6177599_NYU_BRCA0_Vis,0.341772151898734,0.27228884860317,0.206010020005305
Epi-TME,GSM6177603_NYU_BRCA2_Vis,0.380140845070422,0.291987179487179,0.0564159982379178
Epi-TME,GSM6177607_NYU_GIST1_Vis,0.0,0.319312988353235,0.185748872882115
Epi-TME,GSM6177612_NYU_LIHC1_Vis,0.202891115403186,0.208333333333333,0.0274445768421671
Epi-TME,GSM6177614_NYU_OVCA1_Vis,0.616666666666666,0.427077795498848,0.315522885784582
Epi-TME,GSM6177617_NYU_OVCA3_Vis,0.32,0.265060240963855,0.23336495888678
Epi-TME,GSM6177618_NYU_PDAC1_Vis,0.607843137254901,0.262232838278465,0.276767593659152
Epi-TME,GSM6177623_NYU_UCEC3_Vis,0.450092250922509,0.268518518518518,0.106994292750295
Epi-TME,GSM6339631_s1,1.0,0.0,0.240178041543026
Epi-TME,GSM6339632_s2,0.397228267827422,0.514792899408284,0.15958976738021
Epi-TME,GSM6339633_s3,0.326529018147733,0.702702702702702,0.400305810397553
Epi-TME,GSM6339634_s4,0.0,0.0,0.112917408604277
Epi-TME,GSM6339635_s5,0.474452554744525,0.544715447154471,0.0655191394143901
Epi-TME,GSM6339636_s6,0.0,0.0,0.117892720816098
Epi-TME,GSM6339640_s10,0.443181818181818,0.341772151898734,0.213490735975295
Epi-TME,GSM6339641_s11,0.0,0.548359680435152,0.154256302210393
Epi-TME,GSM6339642_s12,0.302054919076195,0.323074494949494,0.160131841818156
Epi-TME,GSM6433585_092A,0.240493059572006,0.5,0.17228748263231
Epi-TME,GSM6433586_092B,0.0,0.0,0.185393939393939
Epi-TME,GSM6433587_093A,0.394298483206933,0.240963855421686,0.0897589079922008
Epi-TME,GSM6433588_093B,0.18459210985686,0.417910447761194,0.0
Epi-TME,GSM6433589_093C,0.278195794985754,0.415361015131657,0.37074401517904
Epi-TME,GSM6433590_093D,0.762886597938144,0.0,0.0858896104620257
Epi-TME,GSM6433592_094B,0.300492610837438,0.355029585798816,0.174888708787013
Epi-TME,GSM6433593_094C,0.277226628686491,0.333333333333333,0.130515281464842
Epi-TME,GSM6433594_094D,1.0,0.317073170731707,0.0930633520449077
Epi-TME,GSM6433595_095A,0.389181286549707,0.0,0.175257683937514
Epi-TME,GSM6433596_095B,0.25531914893617,0.387755102040816,0.128952234206471
Epi-TME,GSM6433597_117B,0.266666666666666,0.333333333333333,0.179408463584968
Epi-TME,GSM6433598_117C,0.428571428571428,0.489452798663324,0.112999745352686
Epi-TME,GSM6433599_117D,0.293975665363856,0.393382352941176,0.238619582951256
Epi-TME,GSM6433600_117E,0.27766439909297,0.0,0.388349514563106
Epi-TME,GSM6433601_118B,0.657534246575342,0.0,0.114331979729502
Epi-TME,GSM6433602_118C,0.0,0.0,0.0944330343107031
Epi-TME,GSM6433603_118D,0.0,0.540983606557377,0.0919710505484563
Epi-TME,GSM6433604_118E,0.4,0.28235294117647,0.157083689818775
Epi-TME,GSM6433605_119B,0.0,0.0,0.203063445987974
Epi-TME,GSM6433606_119C,0.0,0.391496450818484,0.118079673135852
Epi-TME,GSM6433607_119D,0.336660111438872,0.0,0.147223777944109
Epi-TME,GSM6433608_119E,0.280116263372819,0.155405405405405,0.157044894891872
Epi-TME,GSM6433609_120B,0.207142857142857,0.375985863466645,0.220040932098044
Epi-TME,GSM6433610_120C,0.206675499657227,0.232558139534883,0.188769815532662
Epi-TME,GSM6433611_120D,0.288,0.310539645431521,0.314864491786683
Epi-TME,GSM6433613_395A,0.356244496244496,0.392156862745098,0.0994324321488894
Epi-TME,GSM6433614_395B,0.0,0.0,0.152044192366773
Epi-TME,GSM6433615_395C,0.678787878787878,0.375,0.145119505264917
Epi-TME,GSM6433616_395D,0.175444596443228,0.0,0.252895752895752
Epi-TME,GSM6433617_396A,0.0,0.0,0.170472236637259
Epi-TME,GSM6433618_396C,0.0,0.0,0.0772938804445595
Epi-TME,GSM6433619_396D,0.433333333333333,1.0,0.0906970688388862
Epi-TME,GSM6433620_397A,0.623529411764705,0.321428571428571,0.121735180558709
Epi-TME,GSM6433621_397B,0.182926829268292,0.0,0.0677570093457943
Epi-TME,GSM6433622_397C,0.245364380173151,0.387323943661971,0.198473282442748
Epi-TME,GSM6433623_397D,0.0,0.0,0.150153374233128
Epi-TME,GSM6433624_398A,0.2466724286949,0.532258064516129,0.291666666666666
Epi-TME,GSM6433625_398B,0.0,0.0,0.111581202192968
Epi-TME,GSM6433627_398D,0.0,0.475154320987654,0.209405803777061
Epi-TME,GSM6505133_DonorA,0.0,0.376887472494119,0.192445226716001
Epi-TME,GSM6505134_DonorB,0.2994038700628,0.40467102871683,0.162710299406643
Epi-TME,GSM6505135_DonorC,0.301058336690225,0.28408535094155,0.13105808154228
Epi-TME,GSM6506110_SP1,0.155244870318097,0.202898550724637,0.322916030808452
Epi-TME,GSM6506111_SP2,0.0,0.0,0.0696976796602528
Epi-TME,GSM6506112_SP3,0.0,0.303030303030303,0.186872951582201
Epi-TME,GSM6506113_SP4,0.637305699481865,0.291666666666666,0.0967265801690274
Epi-TME,GSM6506114_SP5,0.0,0.0,0.105502019195873
Epi-TME,GSM6506115_SP6,0.0,0.205357142857142,0.05778480406247
Epi-TME,GSM6506116_SP7,0.379378492571895,0.384334997609815,0.199377432858457
Epi-TME,GSM6506117_SP8,0.32114766810679,0.411111111111111,0.24004530011325
Epi-TME,GSM6833484_Patient1,0.25,0.362053295265286,0.093047565782465
Epi-TME,GSM6833485_Patient2,0.334313725490196,0.309090909090909,0.0956449565472121
Epi-TME,GSM6833486_Patient3,0.0,0.661016949152542,0.14686743841388
Epi-TME,GSM6833487_Patient4,0.324905526466689,0.381641208699983,0.113745300982327
Epi-TME,GSM7019835_OCCR2v,0.212643678160919,0.47289058247142,0.173697192352335
Epi-TME,GSM7019836_OCCS3v,0.734042553191489,0.441558441558441,0.237963245386609
Epi-TME,GSM7058756,0.471264367816091,0.492113760556383,0.206595756856125
Epi-TME,GSM7058757,0.411598206421651,0.203947368421052,0.140692009009646
Epi-TME,GSM7058758,0.0,0.9375,0.115057509023114
Epi-TME,GSM7058759,0.524886877828054,0.320306163828061,0.0821725594596378
Epi-TME,GSM7090086_NextSeq2000,0.306968767471026,0.415492957746478,0.379652605459057
Epi-TME,GSM7090087_NextSeq2000,0.394957983193277,0.574585635359116,0.124309054817529
Epi-TME,GSM7090088_NextSeq2000,0.512820512820512,0.433962264150943,0.0101942348138066
Epi-TME,GSM7211257_EHU-W3,0.303054859780953,0.447079587079587,0.0993873734005947
Epi-TME,GSM7421790_PDAC_1,1.0,0.0,0.174587087087087
Epi-TME,GSM7421791_PDAC_2,0.56578947368421,0.0,0.170290588297019
Epi-TME,GSM7421792_PDAC_3,0.611111111111111,0.0,0.164141414141414
Epi-TME,GSM7498811_SS1905133,0.664429530201342,0.44793720078851,0.139441708318838
Epi-TME,GSM7498812_SS1923404,0.322085889570552,0.0,0.243452353264609
Epi-TME,GSM7498813_SS1945070,0.0,0.0,0.140524983693561
Epi-TME,GSM7498814_SS1960050,0.0,0.395348837209302,0.110434792008181
Epi-TME,GSM7498815_SS2002154,0.187854737854737,0.314917127071823,0.20642430416752
Epi-TME,GSM7498816_SS2005094,0.0,0.457142857142857,0.115111953872458
Epi-TME,GSM7498817_SS2021309,0.347368421052631,0.0,0.113613453706969
Epi-TME,GSM7757970_R1-S1,0.219506961663169,0.0,0.0941831605544455
Epi-TME,GSM7757973_R1-S4,0.192800453514739,0.285262206148282,0.102086935812874
Epi-TME,GSM7757974_R1-S5,0.217012617012616,0.0,0.194532916555734
Epi-TME,GSM7757975_R1-S6,0.150207433551602,0.391608391608391,0.0419040297782812
Epi-TME,GSM7757976_R2-S1,0.157082082082082,0.339102564102564,0.0878548534798534
Epi-TME,GSM7757977_R2-S2,0.256890012642225,0.267628205128205,0.159492980280521
Epi-TME,GSM7757978_R2-S3,0.290192373754723,0.290035330593409,0.300392686976053
Epi-TME,GSM7757979_R2-S4,0.176364790520524,1.0,0.210600236546422
Epi-TME,GSM7757980_R2-S5,0.251798561151079,0.610169491525423,0.0961672391987967
Epi-TME,GSM7757982_R3-S2,0.151315789473684,0.307692307692307,0.113901626815154
Epi-TME,GSM7757983_R3-S3,0.309523809523809,0.0,0.0793833452061299
Epi-TME,GSM7757984_R3-S4,0.297688314891422,0.253665815251511,0.23948159227191
Epi-TME,GSM7757985_R3-S5,0.140319323488577,0.434333453108156,0.19588803043468
Epi-TME,GSM7777521_B1,0.0,0.0,0.247331649256958
Epi-TME,GSM7777522_C1,0.248537811676984,0.612903225806451,0.443396226415094
Epi-TME,GSM7777523_D1,0.0,0.0,0.148403049142742
Epi-TME,GSM7850822_CHC20,0.10593220338983,0.617647058823529,0.119190401737419
Epi-TME,HCC1R,0.448541489662985,0.0,0.209347100297596
Epi-TME,HCC3R,0.368968816258985,1.0,0.341604682856345
Epi-TME,HCC4R,0.751111111111111,0.543046357615894,0.18556953579036
Epi-TME,HCC6NR,0.777777777777777,0.458283611774065,0.25948909482559
Epi-TME,HCC7NR,0.568898343036274,0.32938546506531,0.353723404255319
Epi-TME,HRA000437_HCC-1T,0.305344223167002,0.490566037735849,0.100639126410822
Epi-TME,HRA000437_HCC-2T,0.269155249744678,0.295962214673103,0.215543051827379
Epi-TME,HRA000437_HCC-3T,0.307692307692307,0.515406162464985,0.173228167945853
Epi-TME,HRA000437_HCC-4T,0.406467375069346,0.269658948559421,0.123439475005627
Epi-TME,Parent_Visium_Human_BreastCancer_201027,0.354554698591765,0.369507575757575,0.191063900051821
Epi-TME,Parent_Visium_Human_ColorectalCancer_201027,0.405025231286795,0.0,0.080297277924679
Epi-TME,Parent_Visium_Human_OvarianCancer_201027,0.325490196078431,0.276830461283768,0.114150169683257
Epi-TME,S16_43398,0.362561450106008,0.4375,0.118986681136112
Epi-TME,S20_47598,0.347517012960734,0.436243492190628,0.0855575161089648
Epi-TME,S20_61122,0.384977876106194,0.453634085213032,0.19373236845333
Epi-TME,S20_63981,0.413905561740645,0.460076045627376,0.186582654183121
Epi-TME,S21_10267,0.183366789338686,0.515321772880931,0.219435828044634
Epi-TME,SN048_A121573_Rep1,0.299202050206768,0.390243902439024,0.130776334842144
Epi-TME,SN048_A121573_Rep2,0.402097902097902,0.353658536585365,0.111627138880646
Epi-TME,SN048_A416371_Rep1,0.352091121975268,0.0,0.126148182064531
Epi-TME,SN048_A416371_Rep2,0.571428571428571,0.0,0.0982242142062863
Epi-TME,SN123_A551763_Rep1,0.0,0.0,0.149021329339461
Epi-TME,SN123_A595688_Rep1,0.342629482071713,0.236068111455108,0.190103050709111
Epi-TME,SN123_A938797_Rep1_X,0.0,0.355697151424287,0.220348676845196
Epi-TME,SN124_A595688_Rep2,0.297709923664122,0.888888888888888,0.78235294117647
Epi-TME,SN124_A938797_Rep2,0.427419354838709,0.39763687956459,0.230587121212121
Epi-TME,SN84_A120838_Rep1,0.903225806451612,0.0,0.454976303317535
Epi-TME,SN84_A120838_Rep2,0.598837209302325,0.378787878787878,0.38225802427035
Epi-TME,V10F24-015_A1,1.0,0.531914893617021,0.137672214700963
Epi-TME,V10F24-015_B1,0.419642857142857,0.389676989676989,0.214297027290448
Epi-TME,V10F24-015_C1,0.441957914301835,0.419811320754717,0.261124620980883
Epi-TME,V10F24-015_D1,0.0,0.656565656565656,0.173801987894941
Epi-TME,V11A20-405_C1,0.253924495171202,0.490737564322469,0.172014455957364
Epi-TME,V11A20-405_D1,0.364221771321148,0.431776249580677,0.182560430400848
Epi-TME,V11M22-349_C1,0.29804467748102,0.551136363636363,0.099356691829274
Epi-TME,V11M22-349_D1,0.545454545454545,0.368421052631578,0.2974311428217
Epi-TME,V1_Breast_Cancer_Block_A_Section_2_200623,0.270072992700729,0.306274509803921,0.0889163406766865
Epi-TME,V1_Human_Invasive_Ductal_Carcinoma_210511,0.378277153558052,0.410958904109589,0.0789193316275238
Epi-TME,Visium_FFPE_Human_Breast_Cancer_210609,0.458781362007168,0.407142857142857,0.235115834543925
Epi-TME,Visium_FFPE_Human_Intestinal_Cancer_220329,0.410271436562691,0.370796317234695,0.153846153846153
Epi-TME,Visium_FFPE_Human_Ovarian_Cancer_220329,0.281179117126548,0.367772961549244,0.153824754601669
Epi-TME,Visium_FFPE_Human_Prostate_Acinar_Cell_Carcinoma_211009,0.373611111111111,0.55813953488372,0.117748014537622
Epi-TME,Visium_FFPE_Human_Prostate_Cancer_210609,0.330282832925903,0.471198156682027,0.14739945905201
Epi-TME,Visium_FFPE_Human_Prostate_IF_220713,0.481818181818181,0.0987654320987654,0.1661487342305
Epi-TME,Visium_Human_Breast_Cancer_220702,0.438429316671333,0.307515878616796,0.0843784822717312
Epi-TME,WSSKNKCLsp12140270,0.396551724137931,0.0,0.116921090605301
Epi-TME,WSSKNKCLsp12140271,0.352112676056338,0.578571428571428,0.160066278667172
Epi-TME,WSSKNKCLsp12140272,0.0,0.488372093023255,0.15325836428498
Epi-TME,WSSKNKCLsp12140273,0.0,0.0,0.155266456938761
Epi-TME,WSSKNKCLsp12887267,0.375,0.0,0.130053937572895
Epi-TME,WSSKNKCLsp12887268,0.0,0.0,0.143315748578906
Epi-TME,WSSKNKCLsp12887269,0.649484536082474,0.0,0.146195154279476
Epi-TME,Zenodo10119273_Tumor2,0.37786559196064,0.193798449612403,0.0674501964568828
Epi-TME,scCRLM_Atlas_ST-colon1,0.267661691542288,0.335724010502771,0.260301172392968
Epi-TME,scCRLM_Atlas_ST-colon2,0.0,0.489583333333333,0.0615643764546429
Epi-TME,scCRLM_Atlas_ST-colon3,0.360576923076923,0.0,0.117508975421154
Epi-TME,scCRLM_Atlas_ST-colon4,0.336927755594762,0.333333333333333,0.117016671541386
TME-TME,01_034_C1d1,0.0,0.56,0.437956204379562
TME-TME,01_034_C3d1,0.466114380975062,0.75,0.725806451612903
TME-TME,01_039_C1d1,0.419400352733686,0.493333333333333,0.247076082831896
TME-TME,01_039_C3d1,0.325834175935288,0.457142857142857,0.358185072112854
TME-TME,1142243F,0.545893719806763,0.675032574300428,0.254793793760339
TME-TME,1160920F,0.417496833885527,0.511665709602938,0.348064821603128
TME-TME,A_955_OvarianTumor,0.470588235294117,0.468366938510031,0.318803254179512
TME-TME,A_GTFB1154_OvarianCancerTumor,0.0,0.455445544554455,0.302706611570247
TME-TME,Ajou_Visium_P1,0.515379766782225,0.834848610077967,0.417918298490314
TME-TME,Ajou_Visium_P2,0.44977478806475,0.505,0.145496230607772
TME-TME,Ajou_Visium_P4,0.622356495468278,0.43339670468948,0.372799143091219
TME-TME,B_GTFB1191_OvarianCancerTumor,0.523644308006159,0.460465116279069,0.268113808122803
TME-TME,CID4290,0.578947368421052,0.835820895522388,0.320515348174922
TME-TME,CID4465,0.545454545454545,0.482617089138828,0.282592991399402
TME-TME,CID44971,0.385416666666666,0.462809917355371,0.246844374041249
TME-TME,CID4535,0.385826771653543,0.619718309859154,0.294841557813255
TME-TME,C_GTFB1170_SmallCellOvarianCancer,0.426470588235294,0.245283018867924,0.309287551051278
TME-TME,Colon_10x_Visium_SampleP2_CRC,0.300497561700126,0.492592592592592,0.167350497709129
TME-TME,CytAssist_11mm_FFPE_Human_Lung_Cancer_230214,0.190628576326044,0.505607966457023,0.281492505418689
TME-TME,CytAssist_11mm_FFPE_Human_Ovarian_Carcinoma_220715,0.221970839617898,0.538961038961039,0.260470248490519
TME-TME,CytAssist_FFPE_Human_Lung_Squamous_Cell_Carcinoma_220714,0.358879587692919,0.525344095157179,0.378002127085416
TME-TME,CytAssist_Fresh_Frozen_Human_Breast_Cancer_230107,0.527112689502425,0.538461538461538,0.442031099983056
TME-TME,D_GTFB1170_SmallCellOvarianCancer,0.367143733387855,0.46875,0.33795397926313
TME-TME,D_GTFB_1230_OvarianTumor,0.0,0.743589743589743,0.304193757125689
TME-TME,E_MTAB_13530_P10_T1,0.392314990512333,0.533774743558955,0.447978776263486
TME-TME,E_MTAB_13530_P10_T2,0.566037735849056,0.489130229304901,0.29388286768758
TME-TME,E_MTAB_13530_P10_T3,0.704545454545454,0.0,0.236895676924346
TME-TME,E_MTAB_13530_P10_T4,0.485294117647058,0.495049504950495,0.272295714328349
TME-TME,E_MTAB_13530_P11_T1,0.516611479028697,0.446705226192935,0.385726346675524
TME-TME,E_MTAB_13530_P11_T2,1.0,0.531390765765765,0.375839194973591
TME-TME,E_MTAB_13530_P11_T3,0.0,0.63076923076923,0.35615444704832
TME-TME,E_MTAB_13530_P11_T4,0.666666666666666,0.44,0.32515365835908
TME-TME,E_MTAB_13530_P15_T1,0.59656652360515,0.443010215411947,0.447141619212676
TME-TME,E_MTAB_13530_P15_T2,0.630871204524487,0.484430936754176,0.441503672397734
TME-TME,E_MTAB_13530_P16_T1,0.622857142857142,0.205673758865248,0.245821012844014
TME-TME,E_MTAB_13530_P16_T2,0.454545454545454,0.32,0.251362407935376
TME-TME,E_MTAB_13530_P17_T1,0.501098821658353,0.54408331301969,0.486433211680111
TME-TME,E_MTAB_13530_P17_T2,0.531024083500876,0.561357808857808,0.401432782263232
TME-TME,E_MTAB_13530_P19_T1,0.483097251585623,0.57887104622871,0.511656108597285
TME-TME,E_MTAB_13530_P19_T2,0.561496509945463,0.574055608820709,0.792873051224944
TME-TME,E_MTAB_13530_P24_T1,0.409090909090909,0.0,0.293765159347684
TME-TME,E_MTAB_13530_P24_T2,0.572139303482587,0.587121212121212,0.363834940205803
TME-TME,E_MTAB_13530_P25_T1,0.707964601769911,0.516949152542372,0.481514000949216
TME-TME,E_MTAB_13530_P25_T2,0.340305010893246,0.552238805970149,0.322265932336742
TME-TME,GSE144239_GSM4565823,0.0,0.0,0.408603659864101
TME-TME,GSE144239_GSM4565825,0.578179267540969,0.581813660477453,0.165038343036535
TME-TME,GSE144239_GSM4565826,0.0,1.0,0.221148058202046
TME-TME,GSE251950_20_00331_LI_SING,0.422850511922516,0.570040168059467,0.266676639696126
TME-TME,GSE251950_21_00731_LI_SING,0.525281696809014,0.49,0.157278966018801
TME-TME,GSE251950_21_00732_LI_SING,0.206153846153846,0.536231884057971,0.184851257449491
TME-TME,GSE251950_21_00733_LI_SING,0.0,0.447698744769874,0.138009921957039
TME-TME,GSE251950_21_00734_LI_SING,0.462825419032727,0.398648648648648,0.332100932753621
TME-TME,GSE251950_21_01251_LI_SING,0.470296706169396,0.536016637606873,0.321164892648446
TME-TME,GSE251950_21_01253_LI_SING,0.439879518072289,0.414893617021276,0.34055563580336
TME-TME,GSE251950_21_01254_LI_SING,0.416949152542372,0.636173449980981,0.29291013005302
TME-TME,GSE251950_21_01675_LI_SING,0.315508021390374,0.5,0.229765179660247
TME-TME,GSM5494475_HNSCC201125T04,0.329411764705882,0.339622641509433,0.251984251968503
TME-TME,GSM5494476_HNSCC201125T05,0.358490566037735,0.69298245614035,0.483652334720295
TME-TME,GSM5494477_HNSCC201125T07,0.0,0.0,0.430442106912695
TME-TME,GSM5494478_HNSCC201125T10,0.0,0.463917525773195,0.380549682875264
TME-TME,GSM5494480_P210325T3,0.166666666666666,0.878787878787878,0.188302843355831
TME-TME,GSM5494481_P210325T5,0.0,0.473684210526315,0.317956157317859
TME-TME,GSM5494482_P210325T6,0.0,0.0,0.27299154334038
TME-TME,GSM5924030_ffpe_c_2,0.718023255813953,0.582914572864321,0.137853038783913
TME-TME,GSM5924031_ffpe_c_3,0.206420005152032,0.469049356810509,0.145272470690403
TME-TME,GSM5924032_ffpe_c_4,0.207940217391304,0.448163905060456,0.185262749660655
TME-TME,GSM5924033_ffpe_c_7,0.29095811610486,0.5,0.154176659079897
TME-TME,GSM5924034_ffpe_c_10,1.0,0.35,0.104556469054536
TME-TME,GSM5924035_ffpe_c_20,0.526315789473684,0.517588383838383,0.182403682516593
TME-TME,GSM5924036_ffpe_c_21,0.513423423423423,0.603174603174603,0.14090952024342
TME-TME,GSM5924037_ffpe_c_34,0.219536536682732,0.442622950819672,0.145343119537497
TME-TME,GSM5924038_ffpe_c_36,0.403433476394849,0.479165928498033,0.100575034908907
TME-TME,GSM5924039_ffpe_c_39,0.264452059282557,0.523295934922194,0.21509506577632
TME-TME,GSM5924040_ffpe_c_45,0.311552215046677,0.455267682456868,0.178645751627578
TME-TME,GSM5924041_ffpe_c_51,0.20125786163522,0.47560975609756,0.125845017950281
TME-TME,GSM5924042_frozen_a_1,0.519021739130434,0.727272727272727,0.268115484487099
TME-TME,GSM5924043_frozen_a_3,0.305005446623093,0.409090909090909,0.27891156462585
TME-TME,GSM5924044_frozen_a_15,0.496586672879776,0.414746543778801,0.337185406602791
TME-TME,GSM5924045_frozen_a_17,0.0,0.0,0.276147829918484
TME-TME,GSM5924046_frozen_b_1,0.414772727272727,0.9,0.281231767794632
TME-TME,GSM5924048_frozen_b_13,0.440428974011063,0.42156862745098,0.272356983193973
TME-TME,GSM5924049_frozen_b_18,0.50387969924812,0.724137931034482,0.303948648122933
TME-TME,GSM5924050_frozen_c_2,0.467289719626168,0.793103448275862,0.196888674776185
TME-TME,GSM5924051_frozen_c_5,0.362068965517241,0.448863636363636,0.199511668515479
TME-TME,GSM5924052_frozen_c_23,0.274740333420616,0.531967299025259,0.190406470055079
TME-TME,GSM6030901_patient_1,0.919354838709677,0.441860465116279,0.382293563454991
TME-TME,GSM6030902_patient_2,0.0,0.523076923076923,0.444580944580944
TME-TME,GSM6177599_NYU_BRCA0_Vis,0.431863395225464,0.390720817643894,0.295418741223665
TME-TME,GSM6177603_NYU_BRCA2_Vis,0.455941176470588,0.450465564969381,0.272165207293726
TME-TME,GSM6177607_NYU_GIST1_Vis,0.0,0.334802788728565,0.387237691686844
TME-TME,GSM6177612_NYU_LIHC1_Vis,0.241758241758241,1.0,0.828571428571428
TME-TME,GSM6177614_NYU_OVCA1_Vis,0.637931034482758,0.464607201309329,0.566340491266548
TME-TME,GSM6177617_NYU_OVCA3_Vis,0.625954198473282,0.452830188679245,0.563785162247261
TME-TME,GSM6177618_NYU_PDAC1_Vis,0.688888888888888,0.407221017535503,0.428269750051928
TME-TME,GSM6177623_NYU_UCEC3_Vis,0.618573747210387,0.345238095238095,0.439096764854888
TME-TME,GSM6339631_s1,1.0,1.0,0.301211169675899
TME-TME,GSM6339632_s2,0.611461979862138,0.527888888888888,0.246525247100643
TME-TME,GSM6339633_s3,0.412479273304015,0.838709677419354,0.50686994165255
TME-TME,GSM6339634_s4,0.0,0.0,0.182780519005847
TME-TME,GSM6339635_s5,1.0,0.658333333333333,0.231597500153931
TME-TME,GSM6339636_s6,1.0,0.0,0.34205854873871
TME-TME,GSM6339640_s10,1.0,0.394736842105263,0.459898074745186
TME-TME,GSM6339641_s11,0.0,0.575757575757575,0.334794648452988
TME-TME,GSM6339642_s12,0.328767123287671,0.277777777777777,0.303946556335291
TME-TME,GSM6433585_092A,0.477775033954809,1.0,0.432571204598902
TME-TME,GSM6433586_092B,0.0,0.0,0.363531144781144
TME-TME,GSM6433587_093A,0.567073170731707,0.0,0.321606593444369
TME-TME,GSM6433588_093B,0.378989965431321,0.0,0.475
TME-TME,GSM6433589_093C,0.400763636893571,0.571054536020536,0.346410256410256
TME-TME,GSM6433590_093D,0.808988764044943,0.741935483870967,0.191090349183151
TME-TME,GSM6433592_094B,0.452692466602396,0.485981308411214,0.524301115373685
TME-TME,GSM6433593_094C,0.52433453643131,0.653333333333333,0.25535978580486
TME-TME,GSM6433594_094D,1.0,0.682926829268292,0.206703910614525
TME-TME,GSM6433595_095A,0.436090225563909,0.0,0.320298251260594
TME-TME,GSM6433596_095B,0.459183673469387,0.402777777777777,0.270128876672544
TME-TME,GSM6433597_117B,0.657142857142857,0.577981651376146,0.441750421832587
TME-TME,GSM6433598_117C,0.503337041156841,0.422360248447205,0.454545454545454
TME-TME,GSM6433599_117D,0.3268156424581,0.502304343209089,0.569713548553091
TME-TME,GSM6433600_117E,0.347683535281539,1.0,0.611650485436893
TME-TME,GSM6433601_118B,0.657534246575342,0.0,0.339309256604208
TME-TME,GSM6433602_118C,0.0,0.0,0.248571583455304
TME-TME,GSM6433603_118D,0.0,0.540983606557377,0.283034857691077
TME-TME,GSM6433604_118E,0.813333333333333,0.527472527472527,0.270725945017182
TME-TME,GSM6433605_119B,0.0,0.0,0.341085271317829
TME-TME,GSM6433606_119C,0.0,0.29059829059829,0.395682056459441
TME-TME,GSM6433607_119D,0.402931386234296,0.0,0.352462338715125
TME-TME,GSM6433608_119E,0.407340067340067,0.484536082474226,0.358913684822206
TME-TME,GSM6433609_120B,0.326860231271995,0.522976370035193,0.426776703111858
TME-TME,GSM6433610_120C,0.291536050156739,0.476842105263157,0.261773597581457
TME-TME,GSM6433611_120D,0.582417582417582,0.482059688687339,0.435798569485041
TME-TME,GSM6433613_395A,0.510038947085683,0.444444444444444,0.236510070652746
TME-TME,GSM6433614_395B,0.785714285714285,0.0,0.34261090403152
TME-TME,GSM6433615_395C,0.678787878787878,0.511363636363636,0.0814667330346771
TME-TME,GSM6433616_395D,0.650646523288032,0.4,0.260479208914847
TME-TME,GSM6433617_396A,0.0,0.0,0.475409836065573
TME-TME,GSM6433618_396C,0.318181818181818,0.0,0.17185038608438
TME-TME,GSM6433619_396D,0.469538706256627,1.0,0.147563128250734
TME-TME,GSM6433620_397A,0.75187969924812,1.0,0.394828724752745
TME-TME,GSM6433621_397B,0.200746268656716,0.0,0.474837270973963
TME-TME,GSM6433622_397C,0.319648093841642,0.398599686643164,0.359265330139116
TME-TME,GSM6433623_397D,0.0,0.0,0.135446950710108
TME-TME,GSM6433624_398A,0.361166442087995,0.419354838709677,0.326633165829145
TME-TME,GSM6433625_398B,0.0,1.0,0.497685135569606
TME-TME,GSM6433627_398D,0.0,0.435897435897435,0.230334761224813
TME-TME,GSM6505133_DonorA,0.0,0.456375838926174,0.267702923171334
TME-TME,GSM6505134_DonorB,0.423864544915276,0.56,0.290920734085502
TME-TME,GSM6505135_DonorC,0.423013871374527,0.547406838263542,0.1967307820744
TME-TME,GSM6506110_SP1,0.355517457169652,0.54363694065376,0.422987059669302
TME-TME,GSM6506111_SP2,0.0,0.0,0.275
TME-TME,GSM6506112_SP3,1.0,0.0,0.310174311504098
TME-TME,GSM6506113_SP4,0.917910447761194,0.536,0.273262151039928
TME-TME,GSM6506114_SP5,0.0,0.452830188679245,0.130387815632755
TME-TME,GSM6506115_SP6,1.0,0.484536082474226,0.295399824894206
TME-TME,GSM6506116_SP7,0.593621415031823,0.603059937318751,0.340192465192465
TME-TME,GSM6506117_SP8,0.432226235343383,0.483333333333333,0.263083870012584
TME-TME,GSM6833484_Patient1,0.325625202848674,0.447101435473528,0.310397823629169
TME-TME,GSM6833485_Patient2,0.415841584158415,0.437157764972334,0.154747398070277
TME-TME,GSM6833486_Patient3,0.0,1.0,0.294307776224447
TME-TME,GSM6833487_Patient4,0.445163320130043,0.48123401416021,0.201917599993318
TME-TME,GSM7019835_OCCR2v,0.589743589743589,0.580663997330664,0.408856450346891
TME-TME,GSM7019836_OCCS3v,0.734042553191489,0.473214285714285,0.503056211913941
TME-TME,GSM7058756,0.540380275332881,0.665031551375163,0.403339996668332
TME-TME,GSM7058757,0.475428217721313,0.73076923076923,0.374142779036163
TME-TME,GSM7058758,0.0,0.9375,0.468133413239904
TME-TME,GSM7058759,0.520361990950226,0.48076923076923,0.228608483763856
TME-TME,GSM7090086_NextSeq2000,0.435127409721061,0.678571428571428,0.501538461538461
TME-TME,GSM7090087_NextSeq2000,0.388888888888888,0.611764705882353,0.366576368366547
TME-TME,GSM7090088_NextSeq2000,0.393939393939393,0.0,0.171916853130978
TME-TME,GSM7211257_EHU-W3,0.285339078182778,0.4180756268921,0.143450842736956
TME-TME,GSM7421790_PDAC_1,1.0,0.0,0.189531303455354
TME-TME,GSM7421791_PDAC_2,0.447368421052631,0.0,0.197927072927072
TME-TME,GSM7421792_PDAC_3,0.6875,0.927710843373494,0.249195842167864
TME-TME,GSM7498811_SS1905133,0.731843575418994,0.54054054054054,0.278894237952506
TME-TME,GSM7498812_SS1923404,0.300613496932515,0.0,0.233930845666907
TME-TME,GSM7498813_SS1945070,0.0,0.0,0.278862044817927
TME-TME,GSM7498814_SS1960050,0.0,0.495888102460397,0.11618005945778
TME-TME,GSM7498815_SS2002154,0.29625035950532,0.458333333333333,0.237372594056781
TME-TME,GSM7498816_SS2005094,0.0961379765637894,0.550510204081632,0.118733041009287
TME-TME,GSM7498817_SS2021309,0.458333333333333,0.5,0.200830507697947
TME-TME,GSM7757970_R1-S1,0.366101694915254,0.0,0.168984741329949
TME-TME,GSM7757973_R1-S4,0.360615751970481,0.676190476190476,0.360906955919374
TME-TME,GSM7757974_R1-S5,0.425070535644486,0.794871794871794,0.388825412387377
TME-TME,GSM7757975_R1-S6,0.305902920735192,0.484653930472909,0.142392488544031
TME-TME,GSM7757976_R2-S1,0.243908499892542,0.371988795518207,0.18952588497927
TME-TME,GSM7757977_R2-S2,0.341614906832298,0.386281588447653,0.291956009894793
TME-TME,GSM7757978_R2-S3,0.50884722333986,0.473166282642089,0.362966274820276
TME-TME,GSM7757979_R2-S4,0.218664617486338,1.0,0.254173634336677
TME-TME,GSM7757980_R2-S5,0.305521816313183,0.610169491525423,0.220427742072855
TME-TME,GSM7757982_R3-S2,0.271657754010695,0.272727272727272,0.222072480592033
TME-TME,GSM7757983_R3-S3,0.064516129032258,1.0,0.133862592650242
TME-TME,GSM7757984_R3-S4,0.410337153666407,0.343513859837563,0.395215780296425
TME-TME,GSM7757985_R3-S5,0.385247959824231,0.615640718828248,0.340624773501485
TME-TME,GSM7777521_B1,0.0,0.0,0.41293448178324
TME-TME,GSM7777522_C1,0.450864381520119,0.507692307692307,0.570175438596491
TME-TME,GSM7777523_D1,0.0,0.0,0.454480444836527
TME-TME,GSM7850822_CHC20,0.5,1.0,0.251425642755658
TME-TME,HCC1R,0.550280898876404,1.0,0.808427538055789
TME-TME,HCC3R,0.518068713346154,1.0,0.667401169704176
TME-TME,HCC4R,1.0,1.0,0.657329087048832
TME-TME,HCC6NR,0.777777777777777,0.681691213814118,0.758050826907221
TME-TME,HCC7NR,0.700893054903385,0.716023879966187,0.705136471093917
TME-TME,HRA000437_HCC-1T,0.400825920268367,0.924528301886792,0.670588634110099
TME-TME,HRA000437_HCC-2T,0.552303608492453,0.690286360626793,0.584480286738351
TME-TME,HRA000437_HCC-3T,1.0,0.870229007633587,0.461613071700365
TME-TME,HRA000437_HCC-4T,0.559495716411019,0.682119205298013,0.585234501503585
TME-TME,Parent_Visium_Human_BreastCancer_201027,0.65134153523984,0.568484719864176,0.514736691891999
TME-TME,Parent_Visium_Human_ColorectalCancer_201027,0.73803157626687,0.0930232558139534,0.48949823540945
TME-TME,Parent_Visium_Human_OvarianCancer_201027,0.600336352821735,0.528297750667175,0.350046554934823
TME-TME,S16_43398,0.590418818129661,0.411764705882352,0.248738197061438
TME-TME,S20_47598,0.368632138531951,0.531456142334803,0.167996815286624
TME-TME,S20_61122,0.455012853470437,0.492256296042487,0.282489659710471
TME-TME,S20_63981,0.548139483065953,0.493506493506493,0.336940791448988
TME-TME,S21_10267,0.271133533794904,0.647959183673469,0.40569556968516
TME-TME,SN048_A121573_Rep1,0.640138408304498,0.598130841121495,0.423064500807447
TME-TME,SN048_A121573_Rep2,0.837320574162679,0.60431654676259,0.430429631319179
TME-TME,SN048_A416371_Rep1,0.420048701298701,0.0,0.452868362004487
TME-TME,SN048_A416371_Rep2,0.408163265306122,0.0,0.330995751042568
TME-TME,SN123_A551763_Rep1,0.0,0.0,0.496240388964269
TME-TME,SN123_A595688_Rep1,0.545932156646442,0.294871794871794,0.490250393786323
TME-TME,SN123_A938797_Rep1_X,0.0,0.496621467378897,0.363170588644394
TME-TME,SN124_A595688_Rep2,0.480916030534351,1.0,0.217647058823529
TME-TME,SN124_A938797_Rep2,0.569892473118279,0.405559845559845,0.347635552621332
TME-TME,SN84_A120838_Rep1,1.0,1.0,0.658536585365853
TME-TME,SN84_A120838_Rep2,0.708737864077669,0.859154929577464,0.480686339522546
TME-TME,V10F24-015_A1,1.0,0.5625,0.33714895206744
TME-TME,V10F24-015_B1,0.181467181467181,0.521553325901152,0.412454324592698
TME-TME,V10F24-015_C1,0.804178257786505,0.647741007194244,0.465651126405006
TME-TME,V10F24-015_D1,0.0,0.717171717171717,0.410905569152689
TME-TME,V11A20-405_C1,0.343717650103519,0.520833333333333,0.335071998211761
TME-TME,V11A20-405_D1,0.407113419139793,0.616156412520851,0.315903161939893
TME-TME,V11M22-349_C1,0.418639674978985,0.707806549885757,0.186933665352424
TME-TME,V11M22-349_D1,0.6,0.373299673299673,0.387063110654318
TME-TME,V1_Breast_Cancer_Block_A_Section_2_200623,0.512345679012345,0.535629654705484,0.241624800583408
TME-TME,V1_Human_Invasive_Ductal_Carcinoma_210511,0.568904593639576,0.495867768595041,0.270243920949734
TME-TME,Visium_FFPE_Human_Breast_Cancer_210609,0.564152449366457,0.438661710037174,0.369845933131016
TME-TME,Visium_FFPE_Human_Intestinal_Cancer_220329,0.508117653260239,0.478693009854482,0.306727589208006
TME-TME,Visium_FFPE_Human_Ovarian_Cancer_220329,0.333895677159642,0.444341181330028,0.222951454639352
TME-TME,Visium_FFPE_Human_Prostate_Acinar_Cell_Carcinoma_211009,0.620903833797387,0.666666666666666,0.247467693397975
TME-TME,Visium_FFPE_Human_Prostate_Cancer_210609,0.459773395110498,0.526646942800788,0.312184079858426
TME-TME,Visium_FFPE_Human_Prostate_IF_220713,0.481818181818181,0.4,0.419190723588817
TME-TME,Visium_Human_Breast_Cancer_220702,0.506125639872346,0.396122738628741,0.31065315732388
TME-TME,WSSKNKCLsp12140270,0.479166666666666,0.0,0.204014500537056
TME-TME,WSSKNKCLsp12140271,0.367521367521367,0.602295377097666,0.298726449421848
TME-TME,WSSKNKCLsp12140272,0.0,0.511627906976744,0.351845571417304
TME-TME,WSSKNKCLsp12140273,0.0,0.0,0.219381766010173
TME-TME,WSSKNKCLsp12887267,0.684210526315789,0.913043478260869,0.223858903158625
TME-TME,WSSKNKCLsp12887268,0.0,0.0,0.171356603094638
TME-TME,WSSKNKCLsp12887269,0.707317073170731,0.327868852459016,0.260776662950576
TME-TME,Zenodo10119273_Tumor2,0.587548969511156,0.663546160483175,0.590250034440005
TME-TME,scCRLM_Atlas_ST-colon1,0.546236997001443,0.503225806451612,0.455000419369029
TME-TME,scCRLM_Atlas_ST-colon2,0.0,0.771929824561403,0.321604312954737
TME-TME,scCRLM_Atlas_ST-colon3,0.220833333333333,0.405797101449275,0.310772016320097
TME-TME,scCRLM_Atlas_ST-colon4,0.480102801641658,0.63125,0.444278306493849
